cd118,Current Num Eligible,Current Num Ineligible,Current Percentage Eligible,Percentage Eligible_120,difference_percentage_aian_120,difference_percentage_asian_120,difference_percentage_black_120,difference_percentage_nhpi_120,difference_percentage_white_120,difference_percentage_hispanic_120,difference_percentage_veteran_120,difference_percentage_elderly_120,difference_percentage_disability_120,Percentage Eligible_135,difference_percentage_aian_135,difference_percentage_asian_135,difference_percentage_black_135,difference_percentage_nhpi_135,difference_percentage_white_135,difference_percentage_hispanic_135,difference_percentage_veteran_135,difference_percentage_elderly_135,difference_percentage_disability_135,Percentage Eligible_150,difference_percentage_aian_150,difference_percentage_asian_150,difference_percentage_black_150,difference_percentage_nhpi_150,difference_percentage_white_150,difference_percentage_hispanic_150,difference_percentage_veteran_150,difference_percentage_elderly_150,difference_percentage_disability_150,Total Subscribers
0101,134249,149361,47.34,37.64,-26.18,-21.43,-14.73,,-23.58,-23.84,-16.51,-22.28,-15.91,39.78,-24.48,-21.43,-11.6,,-18.17,-16.82,-14.72,-17.04,-13.38,42.12,-18.76,-21.43,-6.55,,-13.58,-8.39,-11.61,-13.11,-10.29,42416
0102,141072,138555,50.45,40.81,-29.39,-22.72,-13.32,-21.3,-22.77,-18.74,-23.0,-22.83,-14.75,42.57,-27.71,-22.72,-11.36,-21.3,-18.06,-16.08,-18.24,-18.08,-11.66,44.32,-13.02,-21.49,-8.7,0.0,-14.16,-12.62,-14.12,-13.92,-9.49,64878
0103,145330,130721,52.65,41.86,-11.71,-15.92,-17.82,-31.73,-20.62,-17.59,-22.65,-26.11,-17.13,43.2,-10.36,-9.32,-15.76,-31.73,-17.98,-15.57,-21.55,-22.87,-14.6,45.81,-7.23,-9.32,-11.09,0.0,-13.38,-8.68,-17.63,-17.16,-10.75,55435
0104,132117,142307,48.14,36.52,-15.96,-12.61,-16.29,0.0,-25.36,-14.67,-30.35,-29.24,-21.16,38.36,-11.37,-10.18,-13.32,0.0,-21.49,-12.82,-25.66,-23.59,-16.33,40.65,-6.85,-7.37,-7.26,0.0,-16.99,-9.65,-23.4,-18.23,-12.64,51924
0105,107159,184159,36.78,28.42,-23.6,-42.38,-13.7,0.0,-25.48,-9.8,-20.94,-28.07,-15.67,29.51,-19.88,-38.46,-11.75,0.0,-22.49,-5.41,-17.46,-23.43,-12.21,31.39,-9.03,-32.44,-6.18,0.0,-17.25,-3.29,-13.91,-17.04,-8.87,33642
0106,107433,172436,38.39,30.36,-16.39,-12.26,-17.72,0.0,-22.77,-26.98,-21.57,-20.66,-16.03,31.49,-16.12,-12.26,-13.03,0.0,-20.55,-26.88,-14.63,-18.3,-14.24,33.44,-15.64,-12.26,-8.26,0.0,-15.6,-17.9,-13.6,-13.84,-10.09,36600
0107,144463,138184,51.11,41.65,-18.61,-35.74,-14.0,0.0,-23.68,-16.03,-27.78,-21.34,-15.42,43.14,-18.61,-30.71,-11.27,0.0,-20.67,-14.62,-24.17,-17.76,-13.54,45.21,-10.81,-17.49,-7.99,0.0,-16.51,-10.02,-20.21,-13.01,-10.55,87175
0200,106704,164595,39.33,34.76,-9.56,-6.96,-10.6,0.0,-12.69,-6.81,-19.59,-13.87,-9.61,34.99,-8.75,-6.96,-9.09,0.0,-12.08,-4.54,-18.03,-13.77,-9.18,35.59,-7.89,-5.51,-7.24,0.0,-10.26,-4.54,-16.61,-12.2,-8.29,19368
0401,106604,248191,30.05,24.0,-11.55,-9.15,-12.99,-46.78,-20.97,-16.27,-15.45,-21.15,-15.66,24.89,-9.24,-9.07,-9.12,0.0,-18.13,-14.36,-13.91,-19.24,-14.11,25.9,-5.89,-5.03,-7.81,0.0,-14.25,-12.67,-10.23,-15.09,-10.72,33442
0402,158257,157258,50.16,41.5,-9.46,-19.87,-13.72,-8.7,-20.68,-12.0,-23.96,-20.16,-14.19,43.09,-8.74,-12.36,-12.99,-8.7,-16.41,-9.86,-15.53,-15.61,-10.22,44.69,-5.49,-7.17,-4.62,-8.7,-13.17,-6.96,-12.82,-11.55,-7.12,52567
0403,150778,116192,56.48,49.35,-10.11,-15.84,-10.73,0.0,-13.22,-11.55,-10.67,-11.36,-6.51,50.38,-10.06,-13.94,-9.4,0.0,-10.94,-9.62,-9.38,-9.82,-5.86,51.74,-7.91,-12.1,-7.23,0.0,-8.72,-7.61,-7.12,-7.51,-4.01,78666
0404,124973,196911,38.83,32.01,-13.36,-10.69,-14.35,0.0,-18.64,-14.4,-15.29,-20.7,-13.74,32.92,-11.73,-10.65,-12.51,0.0,-16.23,-12.51,-12.07,-18.36,-12.44,34.04,-9.1,-5.75,-10.91,0.0,-13.5,-10.53,-9.83,-15.33,-9.77,43045
0405,81751,213065,27.73,22.38,-25.82,-13.61,-12.59,0.0,-19.85,-13.26,-16.67,-24.5,-15.96,23.01,-22.54,-12.41,-7.44,0.0,-17.61,-12.59,-14.17,-21.66,-13.92,24.08,-21.3,-11.38,-3.42,0.0,-13.37,-8.65,-10.59,-17.05,-10.91,19519
0406,134774,194671,40.91,33.63,-12.53,-17.28,-14.25,-4.49,-18.53,-13.55,-20.46,-20.96,-13.18,34.54,-9.22,-12.71,-13.63,-4.49,-16.26,-11.73,-17.28,-18.4,-11.17,35.97,-8.17,-11.4,-12.35,-4.49,-12.77,-9.16,-15.13,-14.2,-8.25,41630
0407,158383,145314,52.15,44.14,-14.8,-15.92,-13.6,-3.88,-16.26,-13.0,-18.43,-17.28,-11.28,45.12,-13.82,-13.37,-13.05,-3.88,-14.26,-11.21,-16.92,-15.53,-10.25,46.49,-11.52,-12.1,-9.18,-3.88,-11.56,-8.94,-13.38,-12.95,-8.03,83531
0408,120113,192078,38.47,31.7,-16.5,-15.03,-17.01,0.0,-17.21,-12.26,-19.57,-22.83,-12.17,32.68,-13.47,-13.07,-16.6,0.0,-14.68,-9.98,-13.69,-18.79,-10.52,34.07,-8.77,-8.78,-10.34,0.0,-11.57,-7.18,-12.37,-14.82,-8.0,41123
0409,138933,179443,43.64,34.78,-12.44,-10.8,-9.81,-43.48,-20.9,-16.63,-25.31,-22.44,-15.62,35.74,-12.44,-10.8,-9.81,-43.48,-18.5,-14.88,-22.76,-19.65,-13.94,37.72,-11.01,-8.32,-4.82,-43.48,-13.86,-12.53,-15.56,-13.85,-10.1,40707
0501,163532,127322,56.22,47.13,-18.05,-2.24,-7.56,0.0,-17.93,-16.72,-19.23,-22.55,-12.79,48.31,-15.45,-1.33,-6.46,0.0,-15.65,-16.22,-17.75,-18.64,-11.59,50.11,-13.43,-0.91,-4.68,0.0,-12.12,-9.63,-15.01,-14.45,-9.33,52584
0502,144774,163704,46.93,37.55,-8.37,-14.81,-19.38,0.0,-20.09,-10.8,-21.24,-22.43,-15.03,38.83,-5.54,-13.76,-17.28,0.0,-17.35,-8.1,-19.81,-18.19,-13.75,41.12,-2.6,-13.57,-8.75,0.0,-13.7,-6.27,-14.68,-13.3,-11.39,40754
0503,129600,160522,44.67,35.97,-16.05,-7.89,-9.73,0.0,-20.36,-13.3,-30.82,-25.56,-16.84,37.08,-13.79,-7.89,-7.28,0.0,-17.9,-12.44,-29.33,-21.28,-14.78,38.19,-9.93,-7.89,-4.65,0.0,-15.33,-10.54,-26.34,-19.23,-13.37,42745
0504,162847,131266,55.37,45.11,-17.64,-15.21,-13.76,0.0,-20.2,-9.13,-19.41,-23.95,-15.25,46.81,-15.29,-15.21,-10.85,0.0,-16.99,-7.79,-16.0,-18.61,-11.87,48.61,-10.84,-14.42,-7.52,0.0,-13.86,-5.86,-12.86,-14.82,-9.82,52919
0601,145402,136268,51.62,45.72,-9.89,-6.56,-4.96,-5.53,-12.48,-6.2,-15.53,-15.31,-8.54,46.73,-8.5,-4.7,-4.96,-5.53,-10.46,-5.09,-13.88,-12.85,-7.36,47.8,-7.4,-1.79,-4.96,0.0,-8.25,-4.47,-10.05,-10.15,-5.84,48943
0602,120186,181507,39.84,35.17,-5.66,-15.87,-12.87,0.0,-11.65,-9.69,-9.2,-15.05,-8.55,35.7,-5.53,-13.6,-12.33,0.0,-10.15,-8.51,-7.07,-13.29,-7.58,36.45,-4.39,-12.15,-11.19,0.0,-8.05,-6.8,-6.2,-11.67,-6.3,22278
0603,100194,196460,33.77,28.71,-7.98,-13.84,-1.25,-0.54,-14.89,-12.18,-11.34,-16.78,-11.28,29.52,-7.56,-12.14,-1.25,-0.54,-13.05,-9.31,-9.18,-14.19,-10.29,30.21,-6.9,-11.05,-1.06,0.0,-11.09,-7.95,-8.51,-12.12,-8.79,17465
0604,113525,168912,40.19,36.18,-5.11,-8.63,-3.84,-10.35,-10.62,-8.07,-14.36,-10.66,-8.26,36.4,-4.61,-8.63,-3.84,-10.35,-9.99,-7.66,-13.57,-9.85,-7.62,37.27,-2.75,-6.91,-2.34,-6.82,-7.92,-4.61,-12.49,-7.99,-5.75,22111
0605,123716,155932,44.24,38.56,-5.96,-6.84,-3.67,-0.35,-13.86,-8.47,-10.82,-13.72,-10.94,39.66,-4.98,-6.84,-3.67,0.0,-11.11,-5.99,-8.1,-11.53,-9.95,40.52,-2.39,-5.44,-3.65,0.0,-9.16,-3.99,-7.12,-8.93,-8.1,31703
0606,131351,149200,46.82,42.5,-7.63,-10.24,-5.5,-4.49,-10.8,-8.2,-11.12,-12.36,-8.16,42.96,-5.86,-9.6,-5.5,-4.49,-9.98,-6.68,-9.62,-10.49,-7.23,44.45,-2.42,-5.18,-2.93,0.0,-5.97,-3.24,-7.68,-7.33,-4.39,42936
0607,121049,143409,45.77,41.58,-4.98,-6.37,-7.23,-17.24,-10.8,-6.91,-11.99,-10.99,-6.92,41.87,-4.81,-6.32,-6.77,-17.24,-10.15,-5.99,-11.48,-10.46,-6.42,43.12,-3.53,-4.35,-5.21,-17.24,-6.47,-4.63,-7.67,-7.04,-4.31,41029
0608,120398,138854,46.44,42.4,-3.8,-7.46,-6.66,-29.74,-10.64,-7.84,-10.48,-10.08,-5.6,43.02,-3.8,-5.56,-6.04,-29.74,-9.11,-7.33,-9.86,-7.77,-4.85,43.89,-3.05,-4.54,-3.85,-10.43,-6.98,-5.36,-7.75,-6.39,-4.4,29263
0609,120365,117210,50.66,46.48,-7.15,-4.42,-5.82,0.0,-10.33,-7.4,-17.62,-12.87,-6.41,47.22,-7.15,-3.9,-5.14,0.0,-8.89,-6.12,-13.51,-10.48,-5.22,47.91,-4.46,-3.66,-4.0,0.0,-6.91,-5.03,-10.08,-7.65,-3.89,40719
0610,78483,195243,28.67,25.85,-2.25,-5.1,-9.15,0.0,-11.0,-7.98,-10.3,-12.49,-7.37,25.98,-2.25,-4.5,-9.13,0.0,-10.5,-7.56,-10.3,-11.81,-6.95,26.46,-2.25,-3.29,-8.39,0.0,-8.52,-5.94,-6.08,-9.87,-5.81,12378
0611,107594,209705,33.91,30.31,-2.08,-10.04,-6.88,0.0,-11.29,-10.05,-10.21,-10.65,-5.86,30.98,-2.08,-8.1,-4.07,0.0,-10.0,-8.58,-5.65,-9.38,-5.37,31.43,-1.19,-7.08,-2.15,0.0,-8.22,-8.11,-5.65,-7.94,-4.85,33322
0612,114911,172105,40.04,35.93,-12.4,-9.52,-7.77,0.0,-9.88,-10.83,-8.9,-12.6,-7.51,36.52,-11.62,-8.07,-6.81,0.0,-8.32,-9.73,-6.12,-10.58,-6.41,37.41,-8.14,-6.86,-4.28,0.0,-6.55,-8.03,-1.91,-7.7,-4.68,32333
0613,133063,92641,58.95,53.65,-10.43,-3.78,-5.71,0.0,-10.49,-7.44,-6.77,-10.2,-7.64,54.42,-10.43,-3.55,-5.71,0.0,-9.12,-6.37,-6.2,-8.15,-6.27,55.12,-6.76,-2.53,-4.78,0.0,-7.4,-5.58,-4.77,-5.78,-5.26,52156
0614,81379,166607,32.82,30.0,-10.99,-6.71,-6.1,0.0,-8.87,-6.43,-6.39,-10.08,-6.79,30.31,-10.99,-5.98,-6.08,0.0,-7.77,-5.59,-6.21,-8.51,-5.77,30.76,-10.27,-4.8,-5.83,0.0,-5.67,-5.02,-6.18,-7.23,-5.16,18142
0615,82103,176606,31.74,28.71,-5.93,-8.04,-1.09,0.0,-12.76,-8.79,-9.42,-10.93,-6.9,29.1,-5.93,-6.82,-1.09,0.0,-11.56,-7.83,-9.42,-9.97,-5.95,29.59,-5.41,-5.57,0.0,0.0,-9.24,-6.44,-8.82,-8.29,-4.84,15137
0616,73589,187588,28.18,25.07,-12.18,-7.74,-7.56,0.0,-12.6,-8.83,-17.16,-13.86,-8.1,25.43,-12.18,-6.11,-6.01,0.0,-11.63,-8.23,-17.14,-12.45,-7.0,26.22,-7.33,-4.03,-3.29,0.0,-9.29,-4.41,-15.67,-10.73,-4.02,14214
0617,77001,185069,29.38,26.71,-0.74,-7.5,-6.62,0.0,-11.03,-8.52,-7.8,-8.03,-3.91,26.99,-0.74,-6.83,-4.41,0.0,-10.1,-7.7,-6.15,-7.16,-3.37,27.5,-0.03,-4.87,-0.73,0.0,-8.81,-6.8,-6.12,-6.63,-2.7,15081
0618,100815,122093,45.23,41.36,-5.66,-5.18,-7.26,0.0,-10.91,-7.97,-13.13,-11.39,-6.84,41.81,-5.66,-4.92,-3.29,0.0,-9.85,-7.08,-12.95,-10.01,-6.63,42.47,-4.26,-4.16,-1.77,0.0,-8.7,-5.25,-12.33,-8.79,-5.83,35428
0619,96516,168127,36.47,32.57,-13.49,-9.62,-13.94,0.0,-11.97,-5.54,-16.54,-14.84,-9.17,32.86,-13.49,-9.0,-12.99,0.0,-11.08,-5.23,-16.54,-13.81,-8.64,33.6,-12.2,-6.15,-7.42,0.0,-8.84,-3.96,-15.84,-11.07,-7.19,21363
0620,126492,118376,51.66,45.22,-6.18,-7.5,-10.76,-9.16,-14.1,-10.21,-21.94,-16.26,-9.61,46.22,-3.58,-7.27,-10.76,0.0,-11.74,-9.11,-17.31,-12.86,-8.12,47.27,-3.2,-4.71,-10.76,0.0,-9.56,-7.32,-15.71,-10.24,-6.62,49254
0621,149622,85829,63.55,58.87,-4.5,-5.68,-4.0,-5.47,-8.45,-5.64,-10.74,-10.05,-6.38,59.28,-3.13,-5.08,-4.0,0.0,-7.66,-5.25,-9.15,-8.85,-5.4,60.26,-3.13,-4.3,-3.15,0.0,-6.05,-3.99,-7.36,-6.71,-3.63,69225
0622,146740,83328,63.78,57.8,-4.7,-5.76,-9.3,-11.22,-10.66,-7.92,-16.06,-13.75,-7.49,58.69,-1.96,-5.2,-9.3,0.0,-8.86,-6.96,-10.87,-11.4,-6.56,59.65,-1.01,-3.15,-9.3,0.0,-7.36,-5.44,-10.01,-9.42,-4.72,86159
0623,136818,110705,55.27,49.69,-5.68,-5.45,-6.22,-13.57,-10.6,-8.86,-14.68,-11.08,-7.18,50.49,-5.41,-4.8,-4.88,0.0,-8.9,-7.91,-13.29,-9.22,-6.59,51.5,-3.25,-2.71,-4.84,0.0,-6.89,-6.26,-8.94,-7.47,-5.28,74268
0624,114401,157061,42.14,37.34,-6.09,-14.18,-9.33,0.0,-12.28,-4.23,-13.29,-16.52,-8.95,37.75,-6.09,-14.09,-9.33,0.0,-11.11,-3.96,-12.79,-14.76,-8.44,39.13,-3.53,-9.49,-3.28,0.0,-7.74,-2.34,-9.8,-10.63,-6.22,33352
0625,145579,109214,57.14,51.35,-9.61,-8.29,-9.28,-1.51,-11.21,-8.14,-17.19,-13.66,-8.31,52.56,-8.95,-8.28,-7.97,0.0,-9.44,-6.24,-15.63,-10.31,-6.24,53.61,-7.72,-6.44,-4.04,0.0,-7.51,-4.72,-11.16,-7.81,-4.25,91855
0626,94083,155783,37.65,32.3,-13.3,-14.65,-5.29,0.0,-14.72,-12.59,-4.19,-17.6,-13.0,33.49,-8.21,-10.04,-5.29,0.0,-11.68,-9.96,-3.58,-14.01,-9.7,34.41,-3.24,-7.0,-0.84,0.0,-9.75,-7.52,-3.13,-11.61,-8.92,34949
0627,108578,120069,47.49,42.26,-10.02,-4.8,-8.41,0.0,-13.18,-11.32,-10.36,-12.5,-6.56,43.11,-10.02,-4.5,-7.63,0.0,-11.07,-9.34,-9.12,-10.76,-5.83,43.93,-7.09,-3.66,-7.3,0.0,-8.77,-8.16,-9.12,-8.43,-4.45,58610
0628,113872,149206,43.28,38.19,-23.95,-12.72,-14.12,-17.24,-14.3,-10.18,-12.89,-11.14,-7.87,38.89,-16.19,-10.49,-14.11,-2.68,-13.02,-9.42,-8.23,-8.75,-6.99,39.49,-16.19,-9.35,-14.1,-2.68,-10.93,-8.84,-5.43,-7.6,-6.23,35775
0629,144945,103066,58.44,53.64,-6.4,-8.01,-3.8,0.0,-8.83,-6.7,-13.84,-9.06,-4.14,54.24,-6.21,-6.02,-2.75,0.0,-7.77,-5.63,-13.78,-8.53,-3.46,55.28,-5.29,-4.33,-2.75,0.0,-5.6,-4.14,-13.18,-6.37,-2.56,69361
0630,149327,161220,48.09,43.77,-6.7,-9.72,-16.85,-14.1,-8.34,-7.63,-9.05,-6.52,-5.47,44.18,-6.7,-9.08,-15.32,-14.1,-7.31,-7.05,-9.03,-5.79,-4.91,45.02,-6.7,-7.76,-13.77,0.0,-5.33,-5.42,-7.4,-4.69,-3.69,53768
0631,113946,99359,53.42,48.25,-10.85,-5.95,-5.26,-41.67,-10.69,-10.03,-12.16,-11.1,-8.03,49.1,-8.52,-5.23,-5.26,-6.44,-8.54,-8.59,-8.68,-8.69,-6.41,50.32,-7.04,-3.86,-5.26,-6.44,-6.47,-6.1,-7.18,-6.46,-4.36,56356
0632,117697,168544,41.12,36.68,-9.02,-6.0,-8.12,0.0,-12.41,-6.89,-14.2,-11.4,-6.53,37.37,-8.48,-5.14,-7.6,0.0,-10.47,-5.6,-10.35,-9.95,-5.69,38.1,-8.48,-3.52,-7.6,0.0,-8.75,-3.74,-7.71,-8.39,-4.48,37727
0633,126616,99497,56.0,51.17,-6.65,-11.12,-7.44,0.0,-10.2,-7.33,-7.37,-8.87,-6.22,51.75,-4.19,-10.36,-6.38,0.0,-8.7,-6.38,-6.48,-7.16,-5.54,52.6,-2.94,-9.09,-4.81,0.0,-6.82,-5.33,-5.92,-5.51,-4.24,76021
0634,164587,110011,59.94,54.62,-14.04,-10.33,-15.28,-2.23,-8.84,-7.61,-11.73,-7.33,-5.59,55.58,-9.32,-8.34,-13.28,-2.23,-6.94,-5.91,-7.17,-6.09,-4.23,56.47,-8.29,-7.15,-10.49,0.0,-4.5,-4.62,-5.47,-5.19,-3.22,79018
0635,114610,109194,51.21,46.71,-4.69,-11.12,-4.96,-1.16,-9.58,-8.25,-12.45,-11.03,-7.92,47.28,-2.92,-8.9,-3.94,-0.29,-8.91,-6.96,-9.24,-9.24,-6.86,47.92,-2.92,-8.2,-3.94,-0.29,-7.32,-5.67,-8.97,-7.3,-5.21,56109
0636,93314,221084,29.68,25.63,-4.77,-11.8,-12.85,0.0,-13.32,-13.92,-9.78,-13.95,-10.93,26.07,-4.77,-10.56,-11.48,0.0,-11.65,-11.91,-9.76,-12.22,-9.23,27.1,-4.77,-5.55,-7.55,0.0,-9.45,-7.52,-9.61,-10.61,-6.85,23030
0637,159791,91648,63.55,58.67,-9.02,-6.04,-7.34,-22.03,-8.3,-6.56,-7.4,-7.26,-6.44,59.25,-8.63,-5.55,-6.47,-22.03,-6.92,-5.78,-7.4,-5.86,-5.59,60.37,-7.36,-4.29,-4.48,-12.15,-4.95,-4.6,-5.71,-4.49,-4.09,87592
0638,103812,121378,46.1,41.24,-4.82,-10.8,-6.69,0.0,-10.56,-9.75,-13.43,-11.91,-8.71,42.12,-4.77,-7.75,-5.26,0.0,-8.72,-8.56,-8.21,-9.32,-6.82,43.33,-4.77,-6.27,-2.79,0.0,-6.59,-5.75,-6.76,-7.34,-5.2,45804
0639,104206,103930,50.07,43.59,-11.47,-16.29,-8.49,-91.21,-15.21,-12.91,-13.39,-12.73,-9.53,44.16,-11.47,-14.09,-8.49,-91.21,-13.75,-11.45,-12.94,-12.07,-8.1,45.62,-9.04,-12.46,-7.02,0.0,-11.98,-8.54,-9.22,-8.68,-4.4,58820
0640,85707,180031,32.25,28.42,-12.26,-12.16,-8.76,-24.59,-12.95,-10.46,-14.71,-13.21,-10.91,29.21,-9.01,-8.3,-8.76,-24.59,-10.93,-8.54,-9.75,-10.42,-8.91,29.78,-7.3,-6.76,-6.26,-24.59,-8.78,-7.05,-9.52,-8.98,-7.65,22347
0641,117278,136995,46.12,40.96,-7.36,-10.1,-9.11,0.0,-12.59,-8.46,-16.03,-14.8,-9.84,41.6,-7.17,-9.64,-7.73,0.0,-11.01,-7.63,-13.64,-12.55,-8.47,42.56,-6.01,-7.72,-5.36,0.0,-9.26,-5.47,-12.14,-10.06,-6.72,40714
0642,136120,108906,55.55,50.98,-6.6,-10.8,-4.9,-22.61,-8.86,-7.05,-6.07,-10.48,-5.52,51.59,-6.6,-9.02,-4.15,-22.61,-7.53,-6.22,-5.57,-8.45,-4.72,52.78,-4.83,-6.05,-3.91,-22.61,-4.99,-4.66,-5.55,-5.16,-2.77,72494
0643,143368,94669,60.23,55.11,-7.08,-8.63,-7.63,-24.04,-10.35,-7.41,-8.72,-8.9,-6.39,55.74,-5.77,-7.05,-7.04,-24.04,-9.12,-6.34,-8.72,-7.13,-5.2,56.83,-5.5,-5.56,-5.25,-24.04,-7.55,-4.64,-7.75,-5.9,-3.81,85467
0644,128159,103128,55.41,49.6,-6.3,-9.32,-10.67,-10.07,-13.62,-9.07,-13.82,-11.2,-6.66,50.6,-6.3,-8.15,-9.38,-10.07,-11.36,-7.31,-13.59,-9.02,-4.93,51.83,-3.98,-6.33,-6.47,-10.07,-8.35,-5.46,-10.73,-6.64,-3.26,63153
0645,110632,127874,46.39,42.11,-12.04,-5.9,-7.74,-1.72,-11.82,-7.82,-13.54,-11.43,-6.15,42.48,-12.04,-5.36,-7.72,-1.72,-11.1,-6.64,-12.15,-10.79,-5.58,43.51,-9.94,-4.23,-4.94,-1.72,-8.14,-4.66,-7.57,-7.89,-4.41,49942
0646,118467,97093,54.96,51.09,-8.06,-4.51,-8.67,0.0,-8.44,-7.24,-6.93,-5.92,-3.61,51.52,-4.84,-3.4,-8.67,0.0,-7.68,-6.51,-6.12,-5.3,-3.54,52.51,-4.13,-2.51,-4.46,0.0,-5.55,-4.76,-3.22,-3.78,-2.85,64612
0647,98397,192387,33.84,29.54,-10.94,-13.16,-5.89,-51.37,-13.13,-9.29,-14.0,-15.46,-9.38,30.05,-6.35,-12.24,-5.89,-51.37,-11.51,-7.98,-12.61,-13.54,-8.34,31.1,-5.7,-10.65,-1.14,-51.37,-7.81,-5.5,-9.9,-9.89,-6.83,25866
0648,99461,153154,39.37,35.29,-11.43,-8.97,-11.19,0.0,-10.49,-6.6,-13.07,-14.81,-7.56,35.84,-8.49,-8.95,-8.7,0.0,-9.22,-5.12,-13.02,-13.0,-6.78,36.67,-6.11,-6.05,-5.14,0.0,-7.4,-3.86,-10.4,-10.02,-4.22,30909
0649,82354,188465,30.41,25.26,-11.77,-17.95,-15.24,-0.6,-17.57,-11.2,-20.1,-17.85,-15.79,26.19,-10.32,-16.73,-10.04,-0.6,-14.25,-8.88,-16.4,-13.72,-11.12,27.08,-10.29,-13.76,-4.07,-0.6,-11.63,-7.36,-13.35,-11.77,-9.56,24415
0650,99021,201617,32.94,29.19,-10.41,-5.98,-4.44,0.0,-13.8,-7.89,-16.69,-15.29,-8.46,29.77,-9.21,-5.46,-3.38,0.0,-11.54,-7.15,-13.31,-11.7,-7.23,30.41,-8.02,-4.24,-2.7,0.0,-9.1,-6.54,-12.87,-9.96,-5.49,32845
0651,100491,176398,36.29,31.99,-10.95,-10.19,-10.08,0.0,-13.78,-9.96,-17.59,-15.17,-8.6,32.42,-10.03,-9.94,-10.01,0.0,-12.42,-8.88,-15.84,-13.46,-8.1,33.43,-3.37,-7.98,-6.45,0.0,-9.41,-5.58,-12.8,-9.83,-5.63,40708
0652,123590,112580,52.33,46.56,-1.89,-12.1,-9.6,0.0,-12.85,-10.38,-10.94,-10.23,-7.7,47.44,-1.89,-8.9,-8.27,0.0,-10.82,-8.78,-8.32,-8.25,-6.84,48.71,-1.87,-8.59,-3.01,0.0,-7.94,-7.11,-3.26,-6.05,-3.39,61307
0801,123867,209233,37.19,31.89,-9.28,-18.87,-5.86,-40.73,-15.78,-10.94,-10.74,-15.5,-10.13,32.58,-5.03,-16.36,-4.89,-22.19,-13.72,-10.52,-10.68,-13.59,-7.57,33.55,-5.03,-15.0,-4.87,-22.19,-10.32,-9.06,-8.04,-9.61,-4.73,38494
0802,92091,198268,31.72,26.06,-9.37,-11.05,-5.38,0.0,-18.61,-14.03,-20.38,-20.98,-12.83,26.78,-6.01,-9.59,-1.9,0.0,-16.37,-10.9,-19.44,-17.81,-11.21,27.7,-5.98,-6.97,-1.9,0.0,-13.28,-9.0,-15.15,-14.34,-9.16,14411
0803,140520,159017,46.91,39.12,-11.61,-21.38,-7.87,-0.49,-16.66,-10.91,-15.01,-22.0,-13.01,40.22,-8.4,-21.38,-7.87,-0.49,-14.36,-9.33,-12.41,-18.61,-11.29,41.81,-6.14,-11.84,-6.47,-0.49,-10.9,-8.04,-10.57,-13.98,-9.02,45953
0804,77140,201210,27.71,23.1,-9.05,-9.33,-9.59,-29.33,-17.18,-9.67,-17.63,-19.83,-13.46,23.8,-6.96,-8.67,-7.98,-29.33,-14.58,-8.82,-14.59,-16.42,-12.11,24.55,-5.8,-8.2,-7.37,-29.33,-11.75,-7.45,-13.79,-12.64,-9.32,14962
0805,100090,183157,35.34,30.1,-11.83,-18.36,-8.47,-77.78,-16.15,-8.16,-18.45,-18.21,-4.99,30.68,-7.05,-17.2,-7.13,-77.78,-14.34,-6.58,-16.6,-15.21,-4.51,31.71,-6.51,-8.02,-3.4,-77.78,-11.02,-5.97,-14.68,-12.98,-4.0,27013
0806,92400,180445,33.87,29.22,-6.6,-8.96,-13.95,0.0,-13.69,-8.98,-12.88,-16.26,-8.77,29.66,-6.03,-8.71,-13.24,0.0,-12.01,-8.73,-10.34,-14.23,-7.68,30.5,-4.63,-6.41,-11.83,0.0,-9.06,-8.36,-8.15,-11.34,-6.01,25384
0807,94164,201015,31.9,26.13,-11.75,-10.32,-12.21,0.0,-19.02,-15.33,-16.25,-23.27,-13.14,26.74,-6.96,-8.19,-12.08,0.0,-17.34,-12.59,-14.79,-20.27,-10.97,27.6,-6.9,-6.37,-11.51,0.0,-14.51,-11.09,-8.54,-15.55,-8.99,20889
0808,104577,155833,40.16,34.96,-7.31,-15.64,-6.62,-0.68,-12.85,-8.41,-17.65,-14.61,-10.59,35.67,-5.25,-14.96,-3.0,-0.68,-11.78,-7.35,-14.15,-12.27,-8.66,36.76,-3.24,-8.76,-2.34,-0.68,-9.35,-4.38,-10.95,-10.09,-5.95,25894
0901,118669,171167,40.94,36.56,-13.54,-6.14,-7.56,0.0,-12.58,-8.58,-13.89,-12.14,-6.63,37.08,-13.47,-6.05,-7.15,0.0,-10.98,-8.14,-12.08,-10.2,-5.04,37.76,-13.47,-5.81,-5.17,0.0,-9.33,-6.03,-10.28,-8.45,-4.13,43136
0902,113395,179117,38.77,33.54,-10.19,-5.7,-8.26,0.0,-14.28,-13.78,-13.47,-14.41,-8.71,34.48,-6.56,-5.57,-6.51,0.0,-11.59,-12.98,-10.42,-12.02,-7.12,35.28,-6.56,-3.66,-4.96,0.0,-9.38,-10.14,-7.57,-9.74,-5.58,27838
0903,119889,171489,41.15,36.96,-9.93,-6.54,-7.67,0.0,-11.6,-6.2,-11.95,-12.21,-6.16,37.59,-7.79,-5.47,-7.44,0.0,-9.4,-5.47,-8.9,-10.85,-4.39,38.3,-7.79,-5.28,-5.59,0.0,-7.28,-4.38,-7.97,-9.12,-3.09,35182
0904,103235,166440,38.28,34.83,-0.35,-14.82,-7.55,,-11.25,-4.88,-11.52,-10.23,-5.84,35.39,-0.35,-14.76,-5.54,,-9.9,-3.57,-9.32,-8.37,-4.8,35.92,-0.35,-14.76,-3.81,,-7.7,-2.22,-5.57,-7.2,-4.08,22131
0905,113446,171481,39.82,35.59,-7.23,-9.25,-8.13,0.0,-10.61,-4.78,-14.2,-13.77,-6.59,35.95,-6.11,-8.96,-6.78,0.0,-9.6,-4.77,-12.88,-12.52,-5.59,36.75,-6.11,-8.96,-5.5,0.0,-7.57,-3.22,-9.83,-10.26,-4.19,34958
1000,150742,244926,38.1,32.37,-7.91,-12.56,-8.8,,-17.95,-7.28,-20.02,-21.72,-13.16,33.27,-4.47,-10.65,-6.64,,-15.26,-6.46,-17.22,-18.15,-10.5,34.42,-3.59,-7.83,-5.82,,-11.65,-3.24,-13.7,-14.1,-8.11,44075
1201,118813,185260,39.07,31.17,-15.89,-15.6,-13.1,0.0,-21.54,-20.88,-18.29,-18.73,-15.1,32.04,-15.18,-11.64,-12.36,0.0,-19.15,-18.32,-15.46,-15.69,-13.01,33.51,-13.39,-8.06,-7.74,0.0,-15.2,-13.59,-13.43,-12.73,-11.11,47196
1202,143850,169609,45.89,36.12,-21.71,-25.37,-17.8,0.0,-22.9,-16.7,-21.16,-20.04,-14.95,37.08,-21.04,-23.8,-17.3,0.0,-20.1,-16.26,-19.39,-16.27,-12.68,39.09,-14.42,-22.65,-13.02,0.0,-15.4,-14.0,-16.85,-13.3,-10.14,46397
1203,141253,159290,47.0,37.35,-9.41,-11.64,-13.88,-100.0,-21.58,-10.4,-23.15,-26.92,-17.36,39.0,-9.2,-10.4,-11.47,-100.0,-17.84,-7.76,-19.12,-22.48,-15.02,41.1,-7.37,-7.22,-10.02,0.0,-12.95,-6.21,-11.62,-16.35,-10.56,59299
1204,145607,155663,48.33,40.75,-19.85,-33.91,-12.22,0.0,-15.95,-15.9,-23.82,-18.54,-11.21,41.73,-16.33,-21.03,-11.14,0.0,-13.85,-15.57,-20.19,-15.31,-10.19,43.14,-9.99,-17.43,-7.94,0.0,-12.07,-12.37,-16.61,-12.46,-7.52,58484
1205,100326,215293,31.79,24.47,-8.41,-10.18,-19.61,-24.22,-23.63,-29.31,-21.99,-24.13,-15.77,25.01,-8.41,-10.18,-19.08,-24.22,-21.53,-28.78,-20.34,-20.98,-13.95,26.6,-4.22,-4.87,-11.53,-13.66,-17.63,-19.39,-14.86,-18.32,-12.17,23760
1206,146242,183000,44.42,35.47,-6.18,-12.2,-12.59,0.0,-21.83,-12.43,-21.71,-24.57,-16.51,36.85,-5.86,-9.79,-9.81,0.0,-18.55,-10.03,-18.85,-20.39,-13.64,38.55,-5.86,-7.83,-8.65,0.0,-14.13,-7.43,-14.18,-15.09,-11.48,67929
1207,122471,195239,38.55,29.87,-11.06,-11.98,-11.41,0.0,-24.88,-21.66,-28.43,-26.95,-19.46,31.22,-11.06,-10.94,-9.11,0.0,-21.04,-17.33,-23.13,-22.12,-16.39,32.62,-10.99,-10.91,-8.46,0.0,-17.16,-12.55,-17.9,-18.11,-13.67,60607
1208,128898,196636,39.6,31.38,-12.16,-22.6,-17.08,0.0,-21.51,-15.83,-19.52,-23.83,-13.32,32.63,-11.39,-17.45,-13.78,0.0,-18.31,-12.38,-17.41,-20.71,-12.24,34.25,-9.65,-7.27,-11.74,0.0,-14.16,-10.78,-13.66,-14.92,-8.89,54207
1209,126132,137399,47.86,39.47,-17.77,-21.03,-16.96,0.0,-17.6,-14.51,-16.06,-18.93,-12.41,40.95,-8.11,-16.56,-13.37,0.0,-15.21,-11.78,-11.82,-14.2,-11.1,42.51,-6.27,-14.75,-10.11,0.0,-12.07,-8.54,-8.99,-11.37,-9.24,69961
1210,139472,148218,48.48,39.67,-21.08,-21.82,-12.82,0.0,-20.49,-17.21,-16.6,-20.25,-10.85,40.75,-15.82,-19.09,-11.43,0.0,-18.11,-14.52,-13.42,-16.98,-8.68,42.36,-12.12,-11.63,-8.4,0.0,-14.89,-11.89,-9.16,-13.24,-5.69,83813
1211,115403,190073,37.78,29.28,-28.0,-18.77,-18.53,0.0,-23.85,-17.76,-24.14,-25.49,-11.74,30.44,-8.04,-18.22,-14.71,0.0,-20.85,-13.79,-18.86,-23.28,-9.82,31.36,-6.01,-15.74,-12.02,0.0,-17.96,-11.1,-17.28,-20.66,-8.0,38527
1212,143628,179483,44.45,34.7,-22.13,-13.16,-16.53,0.0,-22.66,-16.57,-23.35,-28.03,-14.8,35.81,-21.13,-12.42,-16.5,0.0,-20.14,-14.05,-18.95,-25.07,-13.31,37.87,-20.46,-11.68,-14.77,0.0,-15.46,-11.16,-16.82,-19.46,-10.5,75167
1213,125906,210010,37.48,29.33,-7.03,-18.38,-8.61,0.0,-23.64,-11.01,-21.47,-25.25,-16.8,30.95,-6.57,-13.3,-8.21,0.0,-18.84,-9.74,-18.8,-20.53,-14.41,32.27,-5.68,-11.85,-7.61,0.0,-14.87,-9.32,-16.26,-16.4,-10.76,59013
1214,130867,197963,39.8,33.65,-11.81,-10.8,-12.28,0.0,-16.11,-10.88,-19.63,-17.59,-10.65,34.76,-10.09,-10.33,-8.25,0.0,-13.74,-10.23,-14.8,-13.89,-8.93,36.3,-4.97,-6.69,-5.57,0.0,-9.46,-7.27,-11.53,-10.32,-6.23,85692
1215,125894,170392,42.49,35.09,-19.01,-12.75,-17.18,0.0,-19.24,-12.88,-15.88,-20.07,-11.48,36.3,-17.99,-12.46,-13.19,0.0,-15.9,-10.77,-14.02,-17.19,-10.14,37.76,-17.83,-10.2,-10.33,0.0,-11.99,-7.27,-10.85,-12.93,-8.09,74041
1216,102167,199768,33.84,26.65,-31.26,-17.49,-16.45,0.0,-21.66,-15.71,-22.77,-23.56,-15.59,27.42,-31.22,-13.45,-11.46,0.0,-19.58,-15.22,-19.16,-21.21,-12.9,29.23,-28.06,-11.6,-7.39,0.0,-14.21,-11.75,-16.15,-15.3,-8.44,44992
1217,129693,221368,36.94,28.31,-12.26,-9.8,-15.64,0.0,-24.01,-13.71,-26.81,-27.14,-18.36,29.68,-10.03,-9.18,-14.07,0.0,-20.18,-9.99,-20.54,-22.99,-15.7,31.01,-6.88,-8.68,-10.15,0.0,-16.66,-8.77,-15.98,-18.9,-13.11,24146
1218,153567,142229,51.92,42.89,-7.33,-9.63,-15.19,0.0,-17.26,-11.69,-22.6,-22.05,-16.05,44.09,-6.92,-9.63,-10.44,0.0,-15.41,-10.77,-19.18,-18.43,-13.94,46.02,-6.37,-9.63,-8.5,0.0,-11.62,-7.52,-16.85,-14.91,-10.27,73085
1219,123674,213421,36.69,28.13,-25.56,-14.79,-10.87,0.0,-24.63,-14.7,-17.6,-27.78,-14.95,29.36,-23.05,-12.4,-9.63,0.0,-20.91,-12.87,-14.27,-23.15,-12.79,30.85,-23.05,-5.26,-7.47,0.0,-16.71,-7.99,-12.91,-18.84,-9.72,20766
1220,143641,159834,47.33,39.08,-24.02,-14.4,-14.44,0.0,-20.46,-14.08,-22.2,-20.19,-13.15,40.49,-20.96,-12.26,-12.31,0.0,-16.88,-11.19,-20.75,-16.22,-10.76,42.04,-16.16,-10.76,-8.51,0.0,-13.51,-9.13,-20.09,-13.62,-9.86,49185
1221,122060,192774,38.77,31.08,-13.75,-16.41,-11.23,0.0,-22.61,-13.48,-24.33,-25.46,-13.06,32.11,-11.88,-14.15,-9.22,0.0,-19.89,-10.62,-20.5,-22.13,-11.05,33.63,-3.01,-9.22,-4.87,0.0,-15.98,-9.77,-17.18,-17.5,-8.17,25611
1222,126905,174613,42.09,33.0,-18.22,-9.81,-10.41,,-26.96,-18.62,-27.58,-26.54,-21.36,34.06,-17.61,-9.59,-9.01,,-23.96,-16.33,-24.21,-22.68,-18.28,35.5,-17.61,-7.36,-7.77,,-19.94,-13.41,-23.19,-18.28,-13.64,27447
1223,122743,190290,39.21,31.84,-22.01,-21.38,-14.43,0.0,-20.55,-16.94,-23.04,-19.79,-16.24,33.15,-12.36,-9.4,-12.97,0.0,-16.97,-13.77,-21.26,-16.64,-13.26,34.36,-9.03,-9.4,-8.04,0.0,-13.92,-11.56,-21.24,-14.58,-10.22,19625
1224,159811,126096,55.9,48.1,-34.96,-21.21,-13.27,,-14.12,-11.34,-20.26,-12.61,-7.57,49.38,-34.22,-20.14,-10.3,,-12.4,-9.66,-16.33,-10.41,-5.98,50.93,-34.22,-16.22,-7.95,,-9.72,-6.61,-16.32,-8.59,-4.01,58931
1225,116448,164998,41.37,34.56,-24.52,-9.6,-15.39,,-17.67,-16.91,-15.42,-17.63,-11.46,35.52,-24.52,-4.42,-14.39,,-14.86,-14.23,-14.22,-14.85,-9.79,36.64,-23.1,-2.78,-11.43,,-12.05,-11.78,-13.41,-11.91,-7.63,24351
1226,153253,128311,54.43,47.41,-32.5,-9.28,-12.4,,-13.3,-10.21,-24.18,-11.31,-7.32,48.78,-8.94,-7.32,-8.64,,-10.92,-8.26,-22.64,-9.21,-6.28,50.11,-8.94,-7.32,-6.33,,-8.28,-6.06,-19.59,-7.05,-3.98,51633
1227,142550,149576,48.8,40.95,-9.5,-11.02,-12.54,,-16.01,-14.86,-15.38,-12.17,-8.09,42.36,-3.36,-9.81,-11.56,,-13.28,-12.11,-15.23,-9.75,-6.57,44.06,-3.36,-8.96,-3.53,,-10.0,-8.78,-10.14,-7.52,-5.28,43605
1228,134643,122619,52.34,45.35,-20.2,-7.72,-6.52,0.0,-14.3,-13.19,-13.48,-12.87,-7.32,46.28,-18.06,-7.28,-6.0,0.0,-12.19,-11.56,-11.64,-11.21,-6.06,47.3,-16.88,-7.28,-5.94,0.0,-9.86,-9.5,-7.45,-8.81,-5.39,46293
1301,138333,157339,46.79,37.62,-29.11,-23.94,-14.94,-6.87,-22.59,-22.16,-24.32,-19.76,-14.22,38.61,-17.91,-20.79,-13.56,-6.87,-20.14,-20.65,-21.21,-16.93,-12.56,39.99,-17.24,-20.11,-10.63,0.0,-17.24,-19.53,-18.39,-13.83,-10.38,43972
1302,150412,138637,52.04,44.2,-11.31,-17.61,-11.15,0.0,-20.53,-10.55,-18.76,-17.77,-11.29,45.23,-11.31,-15.45,-9.51,0.0,-18.13,-9.62,-17.95,-14.91,-9.87,46.61,-9.83,-15.45,-7.44,0.0,-14.57,-9.34,-14.31,-12.58,-8.28,87361
1303,116494,168556,40.87,33.32,-15.16,-14.27,-15.46,-59.62,-20.25,-12.58,-21.17,-21.72,-16.08,34.77,-13.0,-14.27,-12.65,-59.62,-16.34,-12.58,-18.62,-17.73,-12.23,36.45,-10.64,-10.24,-8.68,-59.62,-12.55,-5.7,-15.8,-13.55,-9.12,52831
1304,102154,173366,37.08,30.95,-22.07,-18.32,-15.04,0.0,-18.01,-16.69,-19.28,-17.06,-10.87,32.1,-17.12,-17.32,-12.49,0.0,-14.83,-11.97,-12.88,-13.55,-8.9,33.3,-12.63,-13.54,-10.08,0.0,-11.29,-7.5,-8.1,-9.49,-6.81,45884
1305,125367,214195,36.92,31.67,-2.59,-20.21,-10.14,0.0,-22.6,-14.97,-22.9,-12.83,-10.35,32.46,-1.12,-18.77,-8.22,0.0,-19.41,-12.44,-13.76,-11.03,-8.1,33.99,-1.06,-10.76,-5.95,0.0,-11.94,-5.33,-7.75,-8.68,-5.95,59017
1306,65060,216656,23.09,18.7,-10.04,-16.15,-10.97,0.0,-20.0,-18.51,-21.31,-22.75,-12.04,19.17,-10.04,-14.05,-10.57,0.0,-17.78,-18.51,-17.06,-19.95,-10.45,19.97,-6.67,-10.23,-9.91,0.0,-13.77,-14.5,-12.93,-16.09,-8.64,10685
1307,103860,161218,39.18,30.81,-28.03,-24.22,-20.59,0.0,-20.5,-17.26,-20.82,-22.45,-18.29,32.27,-28.03,-18.25,-18.44,0.0,-17.87,-12.88,-18.99,-18.81,-12.9,34.17,-22.52,-12.16,-14.57,0.0,-12.85,-7.7,-11.18,-11.96,-9.45,23205
1308,147374,134112,52.36,42.95,-10.47,-22.39,-13.15,-65.25,-21.05,-13.19,-30.2,-20.03,-11.36,44.09,-8.64,-22.39,-11.43,-65.25,-18.67,-10.34,-25.65,-17.53,-9.52,45.64,-7.99,-21.71,-9.11,-65.25,-15.21,-9.15,-23.19,-15.11,-7.91,64590
1309,117317,156478,42.85,33.97,-10.18,-16.85,-14.71,0.0,-21.6,-18.95,-27.02,-23.22,-15.67,35.58,-10.18,-14.91,-10.58,0.0,-18.14,-14.75,-25.15,-19.07,-12.25,37.06,-8.42,-12.97,-6.91,0.0,-14.4,-11.08,-20.11,-14.09,-8.81,30241
1310,122672,163682,42.84,35.27,-19.62,-10.76,-11.42,,-19.87,-10.26,-17.48,-19.52,-12.27,36.63,-14.88,-7.85,-8.83,,-16.68,-5.42,-16.47,-17.29,-10.78,37.84,-12.68,-6.95,-6.21,,-13.81,-4.7,-12.2,-14.31,-9.14,46153
1311,93644,198000,32.11,25.41,-19.07,-25.44,-18.98,0.0,-21.24,-14.71,-25.33,-30.02,-18.37,26.15,-17.18,-17.02,-17.08,0.0,-19.22,-13.75,-23.73,-26.19,-15.7,27.18,-17.18,-15.81,-13.58,0.0,-15.99,-11.48,-21.97,-23.57,-14.7,21173
1312,134455,134827,49.93,41.31,-13.41,-24.9,-11.81,-100.0,-21.37,-19.57,-20.23,-20.67,-13.89,42.56,-8.72,-22.1,-10.34,-100.0,-17.91,-17.74,-18.5,-17.59,-11.78,43.78,-7.63,-15.02,-8.74,0.0,-14.75,-9.63,-15.48,-14.8,-10.05,56340
1313,129481,158311,44.99,37.74,-10.98,-10.96,-13.71,-70.48,-21.6,-14.22,-21.19,-18.35,-12.2,38.67,-10.98,-9.83,-11.68,-70.48,-20.02,-12.79,-14.59,-14.61,-9.61,40.43,-10.98,-7.17,-8.18,-70.48,-16.27,-9.83,-10.63,-11.39,-7.74,57513
1314,118814,160305,42.57,33.13,-17.37,-22.85,-20.79,0.0,-22.85,-16.74,-24.53,-26.08,-18.55,34.77,-16.2,-10.69,-17.29,0.0,-18.79,-14.22,-15.41,-21.83,-15.4,36.18,-12.9,-7.65,-14.74,0.0,-15.43,-13.0,-13.7,-17.94,-13.08,48165
1501,100270,153318,39.54,35.44,-3.98,-9.56,-16.81,-5.88,-9.61,-7.59,-13.2,-10.9,-8.46,36.26,-2.58,-7.64,-10.42,-4.35,-8.06,-7.17,-10.11,-9.34,-7.39,36.85,-2.58,-6.83,-10.42,-3.43,-5.56,-6.06,-7.0,-8.31,-6.38,22013
1502,106757,129737,45.14,40.35,-3.46,-8.02,-4.45,-5.17,-11.88,-2.31,-11.14,-12.17,-6.66,41.3,-2.54,-6.2,-4.45,-4.03,-9.39,-2.31,-8.18,-9.45,-4.28,42.45,-2.54,-5.09,-4.45,-3.22,-5.93,-2.09,-5.72,-7.01,-3.67,26072
1601,145661,211166,40.82,32.74,-5.82,-12.9,-14.77,0.0,-19.94,-13.46,-25.04,-24.62,-15.24,33.61,-3.93,-6.22,-14.77,0.0,-17.89,-13.39,-23.44,-21.08,-12.98,34.79,-2.86,-4.24,-14.77,0.0,-14.85,-12.41,-21.84,-17.15,-11.04,24278
1602,141475,195569,41.98,33.88,-10.61,-9.05,-7.39,0.0,-20.2,-10.61,-21.32,-23.98,-13.77,35.1,-9.16,-8.06,-2.08,0.0,-17.06,-10.0,-17.55,-20.01,-10.81,36.37,-5.1,-4.68,-2.08,0.0,-13.82,-8.06,-14.08,-15.96,-8.98,19899
1701,140134,151182,48.1,42.71,-10.46,-14.91,-6.69,0.0,-19.28,-15.22,-14.77,-13.61,-8.1,43.76,-10.32,-8.87,-4.95,0.0,-16.22,-13.95,-12.8,-11.45,-6.57,44.66,-10.32,-8.77,-3.83,0.0,-13.04,-10.97,-9.51,-9.15,-5.65,67567
1702,148082,143349,50.81,44.62,-11.17,-16.34,-7.32,0.0,-18.13,-14.31,-15.87,-14.97,-9.71,45.65,-10.38,-13.07,-5.67,0.0,-15.18,-12.29,-14.0,-12.56,-7.61,46.75,-10.38,-10.1,-4.34,0.0,-12.25,-9.68,-11.81,-10.16,-6.1,67469
1703,114976,159416,41.9,36.37,-4.01,-9.21,-8.65,0.0,-16.87,-11.33,-18.73,-12.69,-10.33,37.15,-3.76,-8.45,-7.45,0.0,-14.34,-9.95,-15.42,-10.94,-9.11,38.37,-2.22,-6.6,-4.5,0.0,-10.72,-7.68,-12.89,-8.68,-6.16,26379
1704,130517,133535,49.43,42.4,-4.03,-10.48,-8.15,0.0,-20.22,-14.72,-16.58,-18.41,-9.48,43.32,-4.03,-8.73,-7.48,0.0,-18.06,-13.02,-13.27,-16.0,-7.79,44.65,-3.17,-6.14,-5.76,0.0,-14.41,-10.08,-11.37,-13.24,-6.11,35323
1705,99334,227148,30.43,25.38,-7.91,-12.14,-6.12,0.0,-19.58,-13.75,-17.82,-18.57,-15.49,26.02,-7.43,-11.57,-5.05,0.0,-16.78,-12.64,-17.03,-16.62,-14.49,27.19,-1.26,-7.34,-4.24,0.0,-12.51,-7.98,-10.17,-12.02,-10.85,15118
1706,99881,185546,34.99,29.33,-7.36,-8.28,-11.29,,-18.52,-12.41,-15.53,-22.83,-14.19,30.58,-7.36,-6.03,-6.26,,-15.13,-11.57,-8.64,-17.16,-10.44,31.66,-7.36,-3.69,-4.71,,-11.77,-7.48,-7.49,-13.24,-7.62,17733
1707,142502,171864,45.33,40.1,-3.61,-10.74,-7.13,0.0,-17.32,-11.46,-13.08,-12.29,-5.03,40.85,-3.61,-10.16,-6.46,0.0,-14.9,-9.86,-9.79,-10.79,-4.51,41.91,-2.43,-5.76,-4.5,0.0,-11.42,-7.72,-8.12,-9.35,-3.36,64856
1708,91821,181463,33.6,28.38,-11.74,-12.35,-12.85,0.0,-17.32,-12.9,-16.87,-18.76,-14.99,28.96,-11.62,-10.7,-12.82,0.0,-15.87,-11.24,-14.61,-17.08,-13.69,29.95,-4.1,-8.86,-10.24,0.0,-12.78,-8.04,-11.47,-13.07,-11.56,15430
1709,108763,201705,35.03,29.79,-13.73,-14.39,-5.45,,-17.14,-15.12,-27.98,-18.36,-11.59,30.52,-6.91,-12.13,-4.97,,-14.35,-13.33,-22.56,-15.74,-10.51,31.65,-4.13,-11.63,-4.15,,-10.44,-6.38,-19.38,-12.62,-8.95,21837
1710,88024,182876,32.49,27.61,-20.39,-13.43,-10.49,,-17.37,-10.95,-19.52,-21.5,-13.03,28.54,-17.93,-11.28,-7.63,,-14.33,-8.59,-15.25,-18.41,-10.07,29.3,-13.6,-10.96,-6.36,,-11.24,-6.1,-12.0,-14.75,-8.02,18161
1711,85274,194063,30.53,26.1,-12.86,-12.98,-8.21,0.0,-16.2,-10.7,-26.91,-20.17,-12.17,26.68,-6.54,-10.15,-8.21,0.0,-14.07,-8.82,-23.17,-18.27,-10.14,27.34,-3.49,-7.36,-6.51,0.0,-11.61,-7.86,-20.11,-15.18,-8.34,15164
1712,137365,166412,45.22,36.87,-14.57,-23.39,-14.38,0.0,-18.57,-18.4,-22.59,-24.48,-12.31,37.83,-13.69,-18.66,-12.75,0.0,-16.47,-17.55,-21.99,-21.18,-10.91,39.25,-13.28,-14.81,-9.93,0.0,-13.35,-13.06,-19.04,-17.03,-8.29,40879
1713,127462,179345,41.54,34.35,-8.31,-15.91,-7.96,0.0,-19.25,-18.82,-21.71,-22.49,-16.12,35.34,-8.31,-12.89,-6.79,0.0,-16.74,-14.09,-19.48,-18.89,-14.33,36.42,-6.92,-5.8,-5.43,0.0,-14.18,-14.09,-16.3,-16.48,-11.64,64429
1714,100881,169599,37.3,31.52,-7.46,-3.77,-6.75,0.0,-18.4,-12.13,-28.33,-19.12,-13.25,32.15,-6.71,-3.68,-6.72,0.0,-16.45,-9.96,-23.99,-16.42,-11.43,33.25,-5.78,-2.78,-5.76,0.0,-12.91,-8.26,-21.14,-13.68,-10.13,21629
1715,129485,179496,41.91,34.17,-10.03,-22.84,-5.03,0.0,-19.3,-17.68,-20.56,-25.18,-14.51,35.36,-9.33,-16.38,-4.12,0.0,-16.45,-9.82,-17.07,-21.62,-11.46,36.54,-8.05,-13.01,-4.09,0.0,-13.45,-8.8,-14.28,-17.56,-9.44,29754
1716,122702,183592,40.06,32.83,-12.84,-12.95,-9.04,0.0,-19.04,-15.86,-20.98,-23.79,-14.76,33.69,-12.61,-12.95,-8.32,0.0,-16.89,-13.73,-18.42,-21.29,-13.16,35.05,-4.97,-12.88,-6.08,0.0,-13.01,-10.84,-14.71,-17.16,-10.51,24224
1717,133483,180352,42.53,35.43,-3.61,-7.83,-5.71,0.0,-18.2,-13.76,-17.87,-24.15,-13.44,36.39,-3.61,-7.83,-4.83,0.0,-16.05,-10.99,-16.08,-21.72,-12.2,37.54,-2.55,-7.83,-4.25,0.0,-12.79,-10.63,-13.3,-17.7,-10.81,48174
1801,125577,166649,42.97,35.11,-14.23,-7.81,-15.72,0.0,-19.58,-12.99,-22.1,-22.71,-14.39,35.8,-11.21,-7.81,-15.05,0.0,-17.87,-11.11,-21.13,-20.64,-13.25,37.65,-5.57,-7.81,-11.89,0.0,-12.96,-7.67,-16.69,-16.13,-11.0,38719
1802,117133,165549,41.44,32.5,-15.92,-29.81,-12.0,0.0,-22.29,-17.21,-24.31,-27.46,-16.4,33.6,-15.92,-28.8,-10.95,0.0,-19.41,-15.96,-20.54,-22.7,-14.29,34.8,-8.71,-27.26,-10.11,0.0,-16.78,-12.57,-17.12,-19.83,-12.21,32934
1803,125017,172266,42.05,32.79,-18.3,-1.41,-17.8,0.0,-22.61,-12.31,-19.21,-25.61,-17.42,33.59,-18.0,-1.41,-17.68,0.0,-20.46,-11.08,-14.14,-23.38,-16.37,35.29,-13.15,0.0,-15.16,0.0,-16.25,-6.27,-9.98,-19.38,-12.92,31896
1804,107203,187452,36.38,28.37,-11.35,-18.85,-24.43,0.0,-21.72,-17.64,-22.9,-25.24,-13.83,29.2,-10.27,-17.99,-21.83,0.0,-19.42,-16.74,-21.22,-21.95,-11.89,30.59,-9.96,-11.23,-21.17,0.0,-15.63,-13.33,-18.68,-17.79,-10.0,24242
1805,106831,191992,35.75,30.08,-7.95,-17.45,-7.2,0.0,-16.12,-10.33,-15.01,-22.52,-11.25,30.81,-7.95,-15.22,-6.85,0.0,-13.94,-9.51,-14.19,-18.05,-9.55,31.74,-7.95,-15.22,-4.67,0.0,-11.42,-9.33,-11.83,-14.97,-7.48,37233
1806,122458,174684,41.21,35.3,-20.51,-4.42,-9.57,0.0,-15.02,-5.51,-11.38,-17.1,-7.35,35.97,-20.51,-2.32,-7.23,0.0,-13.53,-3.76,-10.34,-14.71,-6.75,37.0,-15.6,-0.35,-5.97,0.0,-11.15,-0.71,-8.48,-12.06,-5.1,35276
1807,136870,170786,44.49,38.21,-21.63,-2.96,-11.29,0.0,-16.39,-9.49,-12.36,-14.93,-7.5,39.26,-21.63,-2.96,-9.11,0.0,-13.35,-7.26,-11.37,-12.48,-6.22,40.53,-16.46,0.0,-7.77,0.0,-9.45,-6.5,-11.37,-10.42,-4.65,75897
1808,133669,176736,43.06,34.8,-12.65,-6.1,-11.9,,-19.43,-11.49,-19.83,-23.17,-14.99,35.87,-12.65,-6.1,-8.86,,-16.92,-7.77,-18.51,-20.59,-13.56,37.06,-9.12,-6.1,-7.05,,-14.11,-4.06,-15.8,-17.16,-11.75,53942
1809,124388,175435,41.49,32.8,-7.23,-16.67,-17.71,0.0,-20.68,-12.09,-23.62,-23.99,-16.0,34.05,-5.96,-16.67,-17.71,0.0,-17.41,-10.17,-23.37,-21.28,-14.37,35.54,-3.71,-5.15,-16.0,0.0,-14.15,-10.17,-17.1,-16.92,-11.09,41348
1901,125396,195697,39.05,32.57,-21.05,-23.28,-5.52,-75.45,-17.12,-9.89,-17.26,-21.28,-12.26,33.27,-16.88,-20.05,-5.52,-75.45,-15.25,-9.58,-15.94,-18.15,-10.6,34.19,-15.62,-2.62,-4.11,-75.45,-13.19,-7.7,-14.2,-15.84,-8.86,28277
1902,124933,204016,37.98,30.12,-9.92,-8.72,-7.71,0.0,-21.36,-21.99,-28.75,-27.07,-12.23,31.1,-9.92,-4.31,-7.71,0.0,-18.94,-14.03,-27.43,-24.19,-10.01,32.33,-7.49,-2.94,-6.42,0.0,-15.46,-7.5,-21.94,-19.97,-8.69,26311
1903,116751,211567,35.56,30.12,-7.22,-13.2,-8.9,0.0,-16.1,-8.59,-16.0,-20.3,-12.94,30.87,-7.22,-13.2,-5.34,0.0,-14.19,-8.59,-14.21,-17.48,-10.58,31.78,-5.34,-8.73,-3.65,0.0,-11.71,-7.47,-11.27,-13.05,-8.2,27649
1904,130407,191694,40.49,33.14,-5.51,-11.93,-7.33,0.0,-18.68,-11.19,-27.44,-26.37,-13.82,34.07,-3.74,-11.93,-5.85,0.0,-16.18,-11.19,-21.79,-21.99,-10.3,35.58,-3.37,-5.28,-5.84,0.0,-12.14,-10.1,-15.89,-16.53,-7.92,24065
2001,120116,171333,41.21,29.77,-17.42,-32.91,-20.99,-13.64,-28.13,-20.53,-27.05,-32.08,-21.19,31.25,-10.05,-19.46,-15.06,-13.64,-24.86,-17.11,-24.98,-27.35,-17.49,34.32,-8.29,-5.46,-6.74,-12.34,-17.6,-14.39,-18.75,-20.16,-14.24,23548
2002,130789,159534,45.05,34.77,-15.84,-8.89,-13.22,-42.13,-23.88,-15.99,-21.56,-27.26,-16.46,36.0,-13.19,-6.9,-11.71,-42.13,-20.98,-15.61,-16.72,-23.14,-13.84,38.0,-10.41,-3.01,-10.6,-36.11,-16.11,-12.46,-14.11,-18.0,-11.12,37296
2003,82579,210139,28.21,21.97,-13.52,-36.39,-13.85,-89.47,-22.47,-16.3,-14.37,-24.52,-15.1,22.54,-11.59,-30.29,-12.81,-89.47,-20.56,-15.75,-12.96,-21.53,-13.91,23.76,-6.81,-28.65,-10.87,-89.47,-15.73,-9.67,-12.21,-18.07,-10.52,15602
2004,116038,168495,40.78,31.44,-18.44,-10.77,-12.73,-1.7,-25.09,-14.07,-25.42,-31.08,-13.12,33.0,-17.11,-7.96,-10.94,-1.7,-20.91,-11.03,-22.74,-26.3,-10.56,34.36,-15.27,-7.96,-9.56,-1.7,-17.27,-9.62,-19.52,-21.69,-8.89,38805
2101,151096,143101,51.36,43.12,-10.29,-1.19,-11.74,0.0,-16.5,-5.68,-25.57,-22.17,-12.22,44.15,-8.45,-1.19,-11.24,0.0,-14.36,-5.37,-21.22,-18.08,-10.12,45.5,-8.06,-1.19,-9.6,0.0,-11.6,-5.37,-14.23,-14.54,-7.93,59293
2102,132613,160577,45.23,38.63,-15.7,-5.26,-6.27,0.0,-15.21,-7.82,-20.59,-21.68,-10.51,39.93,-9.71,-4.98,-4.54,0.0,-12.07,-6.23,-13.84,-17.19,-6.97,41.03,-5.45,-4.96,-4.51,0.0,-9.4,-6.19,-11.89,-14.25,-5.6,57304
2103,145186,172416,45.71,38.81,-15.6,-16.29,-9.09,0.0,-17.44,-14.54,-17.87,-20.22,-9.54,39.66,-15.6,-15.13,-8.1,0.0,-15.25,-11.53,-15.75,-17.87,-8.67,40.62,-13.19,-10.33,-7.18,0.0,-12.79,-10.24,-14.27,-14.68,-7.31,78020
2104,111674,176134,38.8,31.47,-15.7,-13.01,-6.0,0.0,-18.98,-12.35,-18.89,-25.83,-16.21,32.53,-3.86,-9.85,-3.83,0.0,-16.22,-9.34,-14.86,-22.01,-12.88,34.15,-3.13,-9.85,-3.83,0.0,-11.86,-8.93,-9.31,-15.85,-8.83,48355
2105,187456,97920,65.69,58.15,-14.52,-2.74,-10.23,0.0,-11.53,-13.82,-21.61,-17.79,-9.37,59.65,-11.75,-2.74,-6.15,0.0,-9.3,-13.82,-16.49,-13.65,-7.23,61.46,-11.34,-2.74,-6.15,0.0,-6.49,-13.22,-10.66,-9.09,-4.73,100721
2106,145742,161779,47.39,40.05,-18.81,-16.61,-14.46,0.0,-15.16,-16.79,-17.61,-19.27,-11.9,41.18,-11.74,-16.61,-11.85,0.0,-12.87,-15.46,-14.15,-15.73,-10.22,42.22,-6.04,-15.15,-11.46,0.0,-10.7,-10.65,-11.95,-13.37,-7.96,64471
2201,142852,167839,45.98,40.56,-11.28,-11.18,-9.34,0.0,-12.03,-6.42,-16.23,-15.96,-10.04,41.28,-10.67,-4.98,-7.39,0.0,-10.93,-5.86,-15.3,-13.69,-8.73,42.07,-10.63,-4.47,-5.88,0.0,-9.2,-5.79,-14.06,-11.73,-7.36,63861
2202,172096,132822,56.44,50.28,-6.34,-8.47,-8.71,0.0,-13.57,-8.58,-13.09,-14.33,-8.31,51.27,-4.65,-7.36,-7.49,0.0,-11.36,-7.15,-11.86,-11.76,-6.71,52.75,-3.01,-5.33,-5.11,0.0,-8.29,-6.35,-8.47,-8.17,-4.68,112460
2203,144636,144228,50.07,44.17,-3.8,-12.92,-5.74,0.0,-14.16,-8.67,-20.71,-18.08,-10.17,45.14,-3.8,-12.92,-4.49,0.0,-11.88,-8.67,-18.41,-14.23,-8.18,46.2,-3.36,-5.41,-3.35,0.0,-9.47,-8.67,-16.36,-11.0,-6.85,74438
2204,173615,124243,58.29,49.55,-7.37,-23.34,-8.74,0.0,-19.73,-11.9,-27.63,-20.58,-9.75,51.09,-7.29,-21.34,-6.77,0.0,-16.47,-8.09,-22.57,-16.9,-7.79,52.66,-6.08,-12.72,-4.76,0.0,-13.43,-7.22,-18.93,-13.34,-6.28,79356
2205,166531,119483,58.22,51.31,-8.61,-15.34,-7.3,0.0,-14.32,-12.57,-16.84,-16.88,-9.29,52.18,-8.08,-13.52,-6.81,0.0,-12.02,-11.15,-14.09,-13.96,-7.89,53.67,-7.37,-6.31,-4.95,0.0,-9.28,-9.33,-12.26,-11.05,-5.93,85689
2206,148596,146986,50.27,42.98,-5.81,-28.06,-10.78,0.0,-16.06,-16.55,-14.32,-17.2,-13.58,44.13,-3.45,-17.45,-9.24,0.0,-12.94,-12.18,-13.35,-15.03,-11.55,45.83,-3.44,-1.05,-6.13,0.0,-10.28,-12.18,-8.18,-11.52,-9.64,66937
2301,95549,199417,32.39,24.68,-7.26,0.0,-21.46,0.0,-24.11,-6.38,-11.1,-29.88,-13.49,25.72,-7.26,0.0,-19.3,0.0,-20.77,-4.96,-10.28,-25.15,-11.21,27.31,-4.98,0.0,-19.0,0.0,-15.78,-0.75,-9.34,-18.07,-9.66,33430
2302,140596,158068,47.07,39.13,-10.08,-21.41,-5.64,0.0,-16.8,-14.58,-24.22,-21.43,-12.49,40.11,-9.86,-21.41,-5.64,0.0,-14.66,-12.83,-21.02,-18.55,-10.64,41.69,-7.98,-21.41,-5.06,0.0,-11.24,-9.19,-17.76,-15.15,-8.55,54825
2401,115785,189552,37.92,33.25,-2.85,-6.56,-5.83,0.0,-14.0,-8.36,-14.64,-17.9,-10.93,34.02,-2.85,-6.56,-3.96,0.0,-12.19,-6.38,-11.62,-15.95,-9.72,34.8,-1.43,-6.26,-3.21,0.0,-10.19,-6.38,-10.95,-13.68,-7.78,29706
2402,105259,196693,34.86,29.79,-1.57,-12.03,-8.0,0.0,-18.56,-6.74,-17.21,-19.11,-12.45,30.45,-0.78,-11.21,-6.68,0.0,-16.9,-2.06,-16.96,-16.3,-9.84,31.45,-0.78,-5.04,-4.9,0.0,-13.21,-2.05,-13.85,-13.84,-8.57,28179
2403,76574,210798,26.65,24.16,-6.86,-8.18,-5.45,0.0,-10.95,-10.41,-15.36,-10.33,-5.77,24.43,-6.86,-6.4,-4.89,0.0,-9.71,-10.38,-13.6,-8.98,-5.48,24.79,-4.03,-5.44,-3.54,0.0,-8.23,-9.65,-13.53,-7.01,-4.37,18539
2404,124022,148502,45.51,41.28,-2.85,-9.23,-8.65,0.0,-9.46,-8.27,-9.45,-11.24,-6.55,41.69,-2.85,-7.06,-7.81,0.0,-7.49,-7.55,-9.45,-10.47,-6.18,42.82,-2.58,-4.81,-5.87,0.0,-5.12,-5.33,-5.32,-7.09,-3.63,29395
2405,80200,206624,27.96,24.53,-6.66,-10.86,-9.08,,-14.63,-7.84,-17.6,-13.16,-10.45,24.99,-6.66,-8.16,-7.43,,-13.08,-7.84,-16.3,-11.21,-9.68,25.6,-4.98,-6.69,-5.34,,-10.93,-6.76,-11.04,-8.69,-7.39,17224
2406,102125,192391,34.68,30.84,-4.97,-9.46,-6.17,0.0,-12.23,-9.37,-11.96,-13.53,-8.9,31.45,-4.97,-5.44,-5.6,0.0,-10.53,-9.2,-9.94,-10.54,-7.34,32.03,-4.97,-4.7,-5.18,0.0,-8.52,-6.62,-7.5,-8.65,-6.12,24091
2407,167492,152830,52.29,47.46,-1.67,-5.84,-7.11,0.0,-13.31,-3.85,-12.96,-12.78,-6.45,48.28,-1.46,-3.54,-6.15,0.0,-10.72,-2.35,-10.32,-10.34,-4.9,49.04,-1.46,-2.96,-4.96,0.0,-8.91,-1.76,-9.02,-7.62,-4.49,81038
2408,85741,201055,29.9,27.3,-7.68,-7.01,-4.37,,-13.0,-5.86,-9.74,-12.49,-7.06,27.59,-3.44,-6.55,-4.33,,-11.03,-4.88,-9.74,-10.97,-6.75,27.95,-3.44,-5.17,-3.04,,-9.78,-4.4,-9.74,-9.58,-6.09,14388
2501,151598,162628,48.24,43.46,-4.26,-16.16,-3.53,0.0,-10.33,-3.48,-6.93,-14.62,-7.19,44.17,-4.26,-14.63,-2.92,0.0,-8.6,-3.22,-6.2,-12.09,-6.18,44.98,-3.09,-13.85,-2.58,0.0,-6.76,-2.77,-5.45,-9.87,-5.31,66929
2502,125110,173753,41.86,38.29,-8.84,-10.48,-5.55,0.0,-8.95,-3.18,-10.79,-13.07,-6.33,38.69,-8.84,-8.23,-4.54,0.0,-7.82,-2.63,-10.19,-11.45,-6.01,39.17,-5.41,-4.33,-4.54,0.0,-6.63,-2.17,-8.3,-9.47,-5.55,48121
2503,122094,170798,41.69,38.28,-4.47,-6.88,-0.72,0.0,-9.39,-3.32,-5.0,-10.74,-5.22,38.78,-4.47,-5.71,-0.71,0.0,-7.74,-2.69,-4.99,-8.96,-4.65,39.08,-4.29,-3.68,-0.71,0.0,-6.97,-2.67,-4.34,-7.79,-4.05,38195
2504,107016,193230,35.64,32.1,-4.19,-3.71,-4.23,0.0,-11.1,-1.25,-13.99,-14.7,-10.15,32.47,-4.13,-3.48,-4.23,0.0,-9.89,-1.25,-13.84,-13.36,-9.44,33.22,-4.13,-3.48,-3.51,0.0,-7.51,-1.04,-8.18,-10.24,-7.02,25009
2505,106268,199168,34.79,31.62,-6.15,-7.98,-2.28,0.0,-9.57,-5.46,-12.11,-13.43,-9.3,31.98,-6.15,-7.98,-2.28,0.0,-8.19,-5.4,-9.61,-11.44,-7.93,32.6,-6.1,-5.74,-1.07,0.0,-6.64,-4.5,-8.24,-8.78,-5.87,18032
2506,110983,193971,36.39,32.55,-0.77,-8.42,-4.88,0.0,-11.41,-4.39,-12.12,-14.22,-7.49,33.21,-0.77,-8.2,-4.88,0.0,-9.19,-4.08,-8.97,-11.13,-5.88,33.88,-0.77,-6.09,-2.98,0.0,-7.51,-3.41,-7.28,-8.8,-4.35,21515
2507,146556,164614,47.1,44.11,-10.7,-8.04,-3.11,0.0,-7.01,-4.17,-6.27,-7.05,-3.92,44.6,-10.7,-7.82,-2.42,0.0,-5.62,-3.89,-2.67,-5.28,-3.42,45.33,-1.33,-6.3,-1.0,0.0,-4.29,-2.01,-2.33,-3.44,-2.03,47447
2508,123618,183213,40.29,36.74,-5.79,-3.53,-4.05,0.0,-11.06,-4.18,-10.0,-12.04,-6.68,37.12,-3.72,-2.84,-4.04,0.0,-9.72,-4.17,-8.92,-10.42,-6.26,37.98,-1.39,-2.75,-2.43,0.0,-6.98,-2.67,-6.19,-7.74,-4.0,34267
2509,123682,200676,38.13,33.83,-3.02,-9.53,-4.26,0.0,-11.87,-3.23,-16.11,-16.19,-10.97,34.18,-3.02,-6.28,-4.26,0.0,-10.92,-3.23,-14.03,-14.59,-10.15,34.8,-3.02,-5.03,-4.21,0.0,-9.31,-2.31,-10.32,-12.45,-8.49,25096
2601,154768,184330,45.64,37.2,-13.72,-7.15,-1.45,0.0,-18.47,-10.87,-27.23,-23.82,-16.21,38.64,-9.25,-7.15,-1.45,0.0,-15.35,-10.87,-23.73,-19.47,-13.53,39.93,-6.93,-5.34,-1.45,0.0,-12.53,-10.87,-20.35,-15.78,-11.02,59999
2602,134469,167354,44.55,35.91,-5.88,-10.16,-8.54,0.0,-19.98,-15.85,-20.57,-25.46,-14.67,37.07,-4.09,-10.16,-7.54,0.0,-17.25,-15.82,-16.89,-21.93,-12.32,38.59,-3.32,-4.68,-4.52,0.0,-13.86,-12.21,-12.57,-17.32,-9.84,55480
2603,114810,183093,38.54,32.22,-6.7,-9.56,-7.22,0.0,-18.14,-10.24,-14.93,-22.94,-11.44,33.21,-1.08,-9.56,-6.64,0.0,-14.86,-8.49,-14.08,-18.01,-9.28,34.23,0.0,-8.65,-4.13,0.0,-12.36,-7.04,-10.89,-15.02,-7.86,42628
2604,123756,178624,40.93,32.11,-5.87,-37.08,-11.21,0.0,-22.4,-21.44,-25.54,-27.8,-16.6,33.46,-3.38,-28.56,-8.98,0.0,-19.64,-17.36,-21.48,-22.94,-12.6,34.85,-0.8,-28.03,-8.53,0.0,-16.03,-12.68,-18.01,-18.45,-10.26,55364
2605,130873,174177,42.9,34.33,-19.18,-14.07,-6.09,-63.94,-21.47,-19.98,-24.25,-26.95,-14.62,35.28,-16.0,-0.61,-6.09,-63.94,-19.2,-18.04,-21.74,-22.72,-11.86,36.88,-7.2,0.0,-5.33,-63.94,-15.14,-11.86,-15.96,-18.06,-9.37,44313
2606,99281,211850,31.91,27.52,-16.51,-6.05,-11.08,0.0,-15.14,-9.64,-14.49,-19.15,-10.21,28.13,-16.51,-5.16,-9.58,0.0,-12.62,-8.2,-12.33,-15.68,-9.25,28.88,-11.78,-3.87,-7.56,0.0,-10.14,-6.65,-10.72,-12.14,-7.43,25067
2607,112064,198974,36.03,30.07,-10.18,-22.92,-8.47,0.0,-17.87,-13.52,-11.99,-19.99,-13.04,30.51,-10.18,-22.92,-8.47,0.0,-16.51,-12.33,-10.12,-17.66,-12.35,31.89,-8.37,-19.19,-8.07,0.0,-12.06,-7.99,-7.22,-13.89,-9.47,34960
2608,158809,166058,48.88,41.2,-8.76,-9.83,-4.34,-27.78,-19.11,-22.08,-17.74,-22.09,-12.21,42.14,-8.76,-9.83,-4.14,-27.78,-16.71,-21.48,-16.65,-19.3,-10.54,43.44,-6.75,-5.57,-3.54,0.0,-13.44,-14.28,-15.17,-16.15,-8.08,89109
2609,109265,197290,35.64,29.77,-8.72,-21.77,-6.48,-35.83,-16.66,-22.88,-19.91,-22.32,-11.47,30.74,-8.72,-21.77,-6.48,-35.83,-13.89,-14.41,-16.75,-17.93,-8.33,31.45,-5.31,-18.49,-4.65,0.0,-11.81,-13.78,-12.68,-14.45,-6.85,30717
2610,133884,186124,41.84,35.81,-3.32,-7.85,-11.49,,-15.56,-5.68,-16.94,-16.77,-11.35,36.38,-2.51,-7.85,-11.48,,-13.79,-5.68,-16.93,-14.46,-9.67,37.01,0.0,-7.46,-10.26,,-12.11,-5.66,-15.3,-12.82,-8.57,48922
2611,114684,215777,34.7,28.68,-14.47,-14.52,-14.61,0.0,-19.02,-18.32,-20.02,-18.85,-13.04,29.55,-14.47,-14.52,-13.09,0.0,-15.97,-16.92,-17.97,-15.01,-10.47,30.31,-14.47,-14.04,-11.6,0.0,-13.54,-14.16,-15.94,-13.15,-8.98,32434
2612,162660,139827,53.77,48.54,-9.36,-5.1,-7.4,,-12.83,-6.87,-7.74,-14.03,-7.38,49.18,-9.36,-2.55,-6.9,,-10.85,-6.87,-6.06,-11.54,-6.25,50.1,-7.52,-2.55,-4.73,,-9.43,-6.86,-4.82,-9.26,-5.14,90239
2613,180480,118526,60.36,55.14,-11.69,-2.31,-6.23,-23.08,-12.75,-3.93,-16.04,-11.49,-5.21,55.66,-11.69,-2.09,-5.59,-23.08,-11.49,-2.86,-10.19,-10.35,-4.88,56.74,-1.07,-2.09,-4.12,-23.08,-9.28,-2.86,-5.81,-7.18,-2.81,113419
2701,105242,181365,36.72,30.19,-14.1,-15.81,-2.14,0.0,-18.47,-17.5,-23.18,-24.44,-18.77,31.32,-13.96,-8.8,-2.14,0.0,-15.3,-14.03,-21.44,-19.93,-15.06,32.45,-13.61,-4.24,-2.14,0.0,-11.96,-10.8,-19.16,-15.69,-12.28,30549
2702,83544,189575,30.59,25.78,-1.97,-21.72,-4.84,0.0,-15.91,-6.6,-20.83,-21.86,-13.91,26.42,-1.9,-20.38,-4.84,0.0,-13.56,-5.7,-9.57,-19.99,-12.38,27.25,-1.85,-16.72,-2.38,0.0,-11.27,-0.24,-6.59,-16.28,-10.38,17093
2703,78511,205241,27.67,23.31,-4.79,-10.38,-13.43,,-16.59,-13.4,-8.89,-14.18,-10.28,23.69,-4.41,-9.92,-13.21,,-14.68,-12.88,-8.11,-11.27,-9.09,24.46,-4.41,-8.85,-11.16,,-11.21,-8.46,-8.11,-10.4,-8.36,16974
2704,104335,176122,37.2,33.1,-4.12,-7.71,-6.03,0.0,-13.45,-16.38,-9.7,-13.87,-8.87,33.54,-4.12,-7.71,-6.03,0.0,-11.53,-15.45,-6.78,-11.59,-7.49,34.17,0.0,-6.99,-4.41,0.0,-9.59,-7.7,-6.78,-10.41,-7.44,36453
2705,122021,182696,40.04,34.58,-14.81,-18.05,-5.09,,-15.64,-9.53,-10.88,-12.77,-9.16,35.56,-10.91,-10.48,-5.04,,-13.09,-9.29,-8.84,-10.58,-8.15,36.43,-4.79,-7.39,-4.56,,-10.66,-7.64,-8.84,-9.59,-7.32,41230
2706,78832,186494,29.71,24.29,-4.62,-1.41,0.0,,-19.93,-17.55,-16.94,-23.67,-11.77,24.86,-1.91,-1.41,0.0,,-17.81,-10.71,-14.57,-22.0,-8.77,25.58,-1.91,-1.41,0.0,,-15.18,-10.71,-10.3,-18.12,-6.0,22520
2707,115725,178155,39.38,32.05,-6.46,-6.58,-1.42,0.0,-19.68,-5.94,-27.46,-25.85,-15.18,32.83,-6.13,-6.54,-1.42,0.0,-17.57,-4.37,-24.57,-23.04,-12.92,34.25,-4.91,-5.78,-1.42,0.0,-13.7,-3.71,-19.13,-18.09,-9.57,23261
2708,114686,178464,39.12,33.28,-14.3,-18.05,-6.36,,-15.12,-8.3,-17.04,-20.7,-11.86,34.27,-13.5,-17.29,-6.36,,-12.51,-6.96,-15.79,-16.03,-9.97,35.55,-9.87,-10.95,-6.36,,-9.14,-6.03,-14.27,-12.65,-6.88,30383
2801,141123,145843,49.18,39.87,-14.02,-16.55,-15.22,0.0,-20.54,-17.67,-26.36,-21.78,-13.2,41.87,-12.0,-8.59,-11.8,0.0,-16.0,-15.03,-21.41,-17.49,-10.86,43.58,-9.8,-8.59,-9.47,0.0,-12.09,-7.82,-19.03,-13.02,-7.87,43461
2802,159793,119344,57.25,48.43,-12.69,-12.59,-12.54,0.0,-22.7,-19.52,-20.43,-19.3,-11.74,50.02,-7.87,-12.59,-9.96,0.0,-19.5,-14.06,-16.08,-15.42,-9.65,51.91,-4.2,-4.32,-7.15,0.0,-14.69,-11.33,-13.54,-11.8,-7.76,84425
2803,136944,141080,49.26,39.76,-23.79,-9.54,-16.11,0.0,-21.46,-36.11,-26.64,-22.94,-14.78,41.75,-21.71,-6.62,-12.54,0.0,-17.16,-30.13,-21.7,-17.78,-11.1,43.77,-14.14,-6.62,-9.65,0.0,-11.65,-25.08,-18.6,-13.28,-8.27,46267
2804,138846,146635,48.64,37.86,-14.09,-20.89,-14.05,0.0,-24.72,-33.52,-30.23,-25.5,-14.94,39.81,-13.05,-20.89,-12.05,0.0,-20.01,-24.5,-29.22,-20.08,-11.65,42.12,-9.38,-12.31,-7.57,0.0,-15.25,-17.67,-22.77,-15.5,-8.88,47716
2901,151410,183913,45.15,37.22,-3.88,-6.74,-15.38,-100.0,-20.11,-18.28,-14.76,-16.9,-9.83,38.14,-3.88,-6.74,-13.48,-100.0,-17.92,-18.28,-14.01,-13.37,-9.29,40.23,-2.13,-6.74,-9.59,-100.0,-12.32,-11.77,-9.45,-9.0,-7.22,89595
2902,78239,229586,25.42,18.9,-8.31,-20.98,-20.37,-60.94,-25.33,-10.59,-23.05,-28.46,-18.92,19.94,-6.84,-20.87,-11.25,-60.94,-21.82,-10.57,-19.06,-24.09,-15.83,21.45,-4.83,-20.14,-7.34,-21.88,-15.65,-8.22,-9.81,-17.23,-9.12,23091
2903,96597,200581,32.5,24.9,-20.07,-16.75,-16.29,-31.25,-23.61,-28.95,-31.14,-27.48,-17.63,26.27,-18.7,-16.47,-12.21,-31.25,-19.29,-23.68,-27.63,-21.96,-13.47,27.69,-14.08,-13.62,-8.25,0.0,-15.03,-13.64,-20.21,-17.13,-9.64,29982
2904,121498,177381,40.65,31.29,-21.88,-20.75,-21.87,0.0,-23.34,-14.46,-38.35,-29.9,-19.31,32.97,-21.0,-16.03,-18.65,0.0,-19.15,-10.77,-30.7,-24.15,-15.46,34.81,-16.87,-9.66,-11.91,0.0,-14.79,-5.76,-24.87,-17.97,-11.74,30477
2905,126848,199758,38.84,30.22,-20.49,-14.27,-16.06,0.0,-26.59,-24.5,-21.43,-23.5,-16.34,31.54,-20.1,-2.67,-13.04,0.0,-22.25,-21.05,-16.62,-21.32,-14.04,33.02,-20.1,-2.67,-10.64,0.0,-17.23,-18.97,-14.63,-17.59,-12.25,54575
2906,108162,186072,36.76,27.24,-20.08,-17.82,-22.4,-49.09,-25.69,-28.53,-31.27,-29.23,-18.92,28.5,-17.98,-9.75,-21.24,-49.09,-22.34,-21.62,-27.65,-24.55,-16.76,30.8,-8.51,-8.82,-19.67,0.0,-15.82,-16.97,-20.25,-15.64,-10.99,28483
2907,138528,172579,44.53,33.76,-14.55,-21.39,-13.83,0.0,-24.33,-21.63,-30.2,-29.28,-18.93,34.97,-13.06,-21.18,-10.38,0.0,-21.52,-18.91,-27.14,-25.43,-16.5,37.08,-11.19,-9.37,-10.38,0.0,-16.68,-17.56,-22.1,-19.23,-11.63,30567
2908,144297,153259,48.49,37.98,-19.38,-14.27,-21.75,0.0,-21.68,-16.78,-18.45,-23.09,-16.95,39.55,-17.52,-14.27,-20.02,0.0,-18.49,-16.78,-16.79,-18.8,-13.14,41.44,-16.7,-0.19,-19.42,0.0,-14.48,-16.76,-13.25,-14.6,-10.13,55224
3001,92144,136657,40.27,31.71,-4.86,-37.48,0.0,0.0,-22.1,-31.71,-19.22,-25.3,-17.55,32.66,-4.44,-37.48,0.0,0.0,-19.64,-31.71,-17.72,-22.19,-15.72,34.36,-4.36,-29.3,0.0,0.0,-15.15,-28.17,-14.79,-17.95,-11.04,23232
3002,90670,129471,41.19,33.74,-6.18,-12.57,-1.8,,-19.73,-9.81,-16.6,-22.75,-12.8,34.65,-5.04,-12.57,-1.8,,-17.45,-9.81,-14.4,-19.29,-10.7,35.66,-2.84,-10.89,-1.8,,-14.77,-8.15,-12.03,-16.96,-8.22,25749
3101,86727,172639,33.44,25.21,-5.24,-20.59,-18.31,0.0,-25.62,-17.71,-26.8,-25.26,-19.37,26.58,-3.22,-20.59,-15.6,0.0,-21.19,-12.28,-26.71,-20.34,-15.52,27.86,-1.32,-8.78,-10.66,0.0,-17.29,-8.21,-24.18,-16.35,-12.74,28446
3102,94044,168707,35.79,29.62,-2.9,-9.47,-8.48,0.0,-20.2,-12.9,-16.56,-20.23,-11.63,30.49,-2.9,-5.11,-6.95,0.0,-17.75,-12.12,-15.42,-15.62,-10.22,31.44,-2.9,-4.32,-6.95,0.0,-14.25,-10.61,-13.15,-12.9,-7.15,32538
3103,100615,163250,38.13,28.16,-18.45,-16.71,-9.76,0.0,-27.01,-20.45,-26.61,-28.94,-20.26,29.63,-15.41,-16.71,-9.76,0.0,-23.19,-17.85,-25.46,-24.95,-16.97,31.14,-8.92,-16.71,-9.76,0.0,-19.17,-13.83,-20.27,-20.17,-14.03,24326
3201,144992,145983,49.83,41.26,-16.15,-19.06,-11.93,-34.44,-18.97,-15.13,-21.26,-20.71,-12.8,42.5,-11.03,-17.4,-10.35,-27.18,-16.44,-12.39,-19.87,-17.49,-11.85,44.1,-9.35,-11.31,-8.44,0.0,-12.78,-9.73,-14.04,-14.23,-9.26,76735
3202,123598,189637,39.46,32.99,-9.57,-15.82,-3.03,-35.19,-18.02,-12.24,-16.9,-16.78,-11.45,33.83,-7.21,-14.17,-3.03,-35.19,-15.52,-11.2,-14.06,-14.28,-9.81,34.87,-5.46,-10.57,-2.69,-1.39,-12.79,-9.44,-11.6,-11.72,-7.1,45964
3203,132523,180462,42.34,34.58,-18.36,-15.68,-13.66,-8.92,-19.52,-16.92,-17.76,-20.6,-11.32,35.51,-17.42,-13.45,-11.65,-2.54,-17.39,-14.47,-16.51,-17.96,-10.09,37.15,-7.31,-10.02,-8.17,-2.33,-13.73,-12.09,-10.91,-13.15,-6.38,41750
3204,130216,143966,47.49,39.22,-19.39,-17.11,-15.53,-8.94,-18.9,-15.6,-21.4,-16.67,-11.51,40.4,-14.83,-13.74,-14.69,-7.07,-15.9,-12.1,-17.1,-14.65,-10.0,41.77,-11.71,-9.83,-11.33,-7.07,-13.04,-10.5,-15.11,-11.96,-6.74,62704
3301,82015,195824,29.52,24.42,-5.3,-22.64,-12.81,,-17.61,-3.23,-21.22,-22.07,-15.04,25.18,-5.16,-20.14,-8.94,,-14.99,-0.95,-21.02,-18.36,-12.62,25.99,-5.16,-19.84,0.0,,-12.23,-0.95,-17.13,-14.99,-10.24,16469
3302,87740,182446,32.47,26.57,-6.29,-9.12,-10.71,0.0,-18.64,-4.23,-17.04,-24.56,-14.93,27.26,-5.23,-6.81,-9.52,0.0,-16.55,-3.61,-13.61,-21.18,-14.29,28.07,-5.23,-4.34,-8.6,0.0,-13.97,-3.61,-12.58,-17.54,-11.65,18535
3401,116152,179728,39.26,34.35,-10.41,-4.42,-6.78,0.0,-16.23,-7.5,-19.39,-15.54,-8.21,34.89,-6.49,-4.42,-6.11,0.0,-14.22,-7.5,-16.39,-13.29,-7.66,35.58,-6.42,-4.42,-5.09,0.0,-12.25,-4.58,-14.84,-10.62,-5.74,31281
3402,126122,188333,40.11,33.2,-10.92,-5.32,-14.43,0.0,-20.02,-13.21,-26.04,-20.04,-13.28,33.86,-10.19,-5.32,-12.24,0.0,-18.31,-11.4,-25.01,-17.51,-11.51,35.1,-8.61,-5.32,-8.8,0.0,-14.6,-9.69,-19.89,-13.65,-9.82,31538
3403,84281,208851,28.75,24.42,-19.37,-15.64,-6.37,0.0,-17.86,-13.24,-20.32,-17.84,-13.94,25.17,-17.9,-14.93,-3.78,0.0,-14.82,-11.6,-17.23,-14.51,-11.7,26.0,-7.31,-12.84,-3.45,0.0,-11.51,-8.92,-15.14,-12.47,-8.7,13274
3404,102134,189130,35.07,28.57,-12.95,-15.26,-8.43,0.0,-19.33,-13.01,-18.79,-25.38,-19.91,29.57,-6.95,-15.26,-7.85,0.0,-16.16,-9.54,-16.44,-20.51,-15.98,30.63,-6.59,-13.57,-4.34,0.0,-13.3,-8.81,-10.78,-16.5,-12.93,16366
3405,76773,209462,26.82,22.92,-16.06,-10.71,-9.32,0.0,-16.6,-8.4,-13.7,-15.79,-9.76,23.44,-16.06,-10.08,-9.01,0.0,-13.87,-6.55,-12.44,-13.61,-8.87,24.0,-11.25,-9.02,-7.38,0.0,-11.4,-4.93,-9.71,-11.53,-7.31,10449
3406,97588,184819,34.56,29.19,-18.29,-9.03,-14.85,,-19.35,-10.81,-17.34,-18.52,-10.67,29.94,-12.59,-8.26,-13.59,,-16.08,-9.45,-16.42,-16.18,-8.88,30.93,-9.71,-6.15,-9.54,,-12.91,-7.21,-14.67,-12.82,-7.44,18697
3407,76202,220555,25.68,22.0,-9.69,-12.68,-8.09,,-15.78,-6.54,-22.3,-17.56,-12.16,22.45,-9.69,-10.53,-6.59,,-13.96,-6.48,-19.56,-14.74,-10.0,23.1,-9.69,-10.34,-5.57,,-11.02,-4.19,-14.89,-12.08,-8.08,8560
3408,145003,155561,48.24,42.77,-9.7,-15.16,-9.31,,-12.06,-8.54,-9.93,-12.6,-6.09,43.59,-9.7,-11.46,-7.53,,-10.59,-7.51,-9.93,-8.93,-5.0,44.93,-9.7,-8.66,-5.32,,-7.68,-5.11,-9.93,-6.86,-4.18,34503
3409,128807,144447,47.14,41.93,-13.16,-10.78,-6.35,0.0,-13.27,-7.7,-9.1,-14.99,-9.6,42.49,-13.16,-10.26,-5.8,0.0,-11.79,-6.96,-8.17,-12.65,-9.1,43.58,-10.32,-8.81,-3.99,0.0,-8.86,-5.02,-7.8,-10.08,-6.98,31819
3410,142632,144489,49.68,44.03,-19.53,-13.51,-9.38,,-10.94,-9.3,-6.7,-13.79,-9.68,44.87,-19.53,-11.3,-7.22,,-10.21,-9.02,-6.61,-10.7,-8.46,45.6,-19.53,-9.34,-6.27,,-8.07,-7.95,-6.36,-9.16,-6.58,52591
3411,80259,211294,27.53,23.61,-6.94,-19.81,-12.25,0.0,-15.53,-9.07,-8.82,-17.46,-11.83,24.23,-6.94,-18.99,-9.63,0.0,-12.97,-9.07,-8.16,-14.59,-10.93,24.73,-2.83,-15.46,-8.99,0.0,-10.43,-7.98,-6.36,-12.03,-8.56,9066
3412,92486,192844,32.41,27.62,-24.76,-13.65,-10.4,,-17.27,-13.52,-21.66,-17.75,-15.43,28.11,-17.42,-12.64,-9.48,,-15.73,-12.17,-15.35,-15.98,-15.04,28.79,-13.72,-8.77,-7.48,,-13.57,-11.62,-12.59,-13.66,-13.52,18653
3501,139617,157575,46.98,39.86,-5.76,-9.87,-13.58,0.0,-15.91,-12.81,-22.75,-19.83,-11.45,40.82,-5.25,-8.59,-11.79,0.0,-13.83,-11.18,-21.18,-16.95,-10.43,42.04,-3.66,-7.18,-8.52,0.0,-11.22,-8.63,-17.07,-13.81,-8.11,44553
3502,155907,108102,59.05,52.74,-6.9,-21.44,-14.73,0.0,-11.52,-7.04,-19.54,-14.81,-8.4,53.59,-5.19,-21.1,-14.02,0.0,-10.24,-5.7,-16.18,-12.11,-7.37,54.51,-4.05,-19.43,-13.76,0.0,-8.42,-4.53,-13.9,-9.69,-6.03,64756
3503,146706,126098,53.78,47.79,-8.06,-6.02,-13.43,,-11.59,-9.78,-23.04,-13.87,-9.63,48.62,-5.94,-6.02,-8.85,,-10.78,-8.08,-19.65,-11.87,-8.67,49.69,-3.83,-5.98,-8.57,,-8.65,-6.24,-16.65,-9.7,-7.1,58701
3601,72639,200635,26.58,22.12,-33.52,-5.01,-9.73,,-18.35,-13.38,-14.97,-20.09,-12.61,22.98,-26.02,-5.01,-3.51,,-15.07,-11.78,-14.31,-16.44,-9.32,23.81,0.0,-5.01,-1.3,,-11.46,-7.33,-11.17,-13.36,-7.21,10832
3602,88112,161133,35.35,31.45,0.0,-8.58,-2.6,,-13.36,-6.96,-15.15,-14.82,-9.01,32.3,0.0,-7.25,-2.58,,-10.18,-5.7,-13.83,-11.08,-6.96,33.01,0.0,-7.25,-2.57,,-7.48,-4.84,-13.07,-7.85,-5.73,21551
3603,84183,179483,31.93,28.07,-3.36,-5.47,-4.01,0.0,-16.8,-8.13,-12.68,-10.33,-6.9,28.43,-3.36,-4.01,-3.24,0.0,-15.66,-7.04,-11.36,-9.14,-6.37,29.0,-3.36,-2.9,-2.71,0.0,-13.23,-6.7,-9.99,-7.71,-5.77,14441
3604,86524,163008,34.67,30.67,-2.22,-4.12,-5.88,,-14.6,-5.62,-8.73,-12.67,-9.22,31.11,-2.22,-3.34,-5.35,,-12.76,-5.37,-7.91,-10.76,-8.43,31.93,-2.22,-1.84,-3.88,,-10.22,-4.02,-7.02,-8.89,-6.76,17657
3605,143418,109529,56.7,52.27,-5.69,-7.56,-7.67,0.0,-11.05,-5.85,-7.89,-9.03,-6.35,53.05,-5.69,-7.07,-6.46,0.0,-8.17,-5.5,-7.89,-6.92,-5.27,53.74,-0.04,-5.98,-5.73,0.0,-5.92,-4.34,-6.04,-5.55,-4.07,66239
3606,146058,130359,52.84,48.5,-2.15,-8.25,-2.15,0.0,-10.31,-5.57,-9.32,-9.66,-5.47,49.09,-2.15,-6.8,-1.16,0.0,-9.22,-5.22,-6.71,-7.97,-4.6,49.81,-1.11,-4.93,-1.16,0.0,-8.09,-4.24,-5.68,-6.85,-3.96,55476
3607,143397,146462,49.47,45.94,-5.33,-5.71,-4.75,0.0,-8.5,-6.32,-2.88,-9.73,-4.55,46.23,-5.33,-5.57,-3.79,0.0,-7.88,-6.04,-2.88,-8.56,-3.97,47.12,-4.28,-2.86,-3.14,0.0,-5.58,-4.23,-2.88,-6.34,-2.42,60883
3608,172833,111449,60.8,57.42,-16.57,-3.8,-5.73,,-6.71,-3.31,-0.64,-6.7,-4.33,57.74,-16.57,-3.79,-4.93,,-6.3,-2.83,-0.02,-5.94,-4.05,58.56,-14.51,-3.1,-3.39,,-5.1,-1.38,-0.02,-4.37,-2.91,73041
3609,169049,118039,58.88,55.51,-3.15,-3.75,-6.53,0.0,-4.92,-4.82,-2.89,-6.94,-2.91,56.01,-3.15,-2.98,-5.48,0.0,-4.32,-3.46,-2.27,-5.41,-2.3,56.73,-3.12,-0.88,-4.44,0.0,-3.16,-2.83,-2.27,-4.23,-0.86,56337
3610,122028,179717,40.44,37.51,-1.5,-6.84,-4.5,0.0,-9.23,-4.03,-2.32,-8.1,-3.85,38.05,-1.5,-6.06,-3.9,0.0,-7.35,-3.03,-2.32,-5.9,-2.92,39.02,-1.45,-2.08,-2.78,0.0,-4.05,-2.36,-2.32,-4.6,-1.18,53723
3611,126742,140042,47.51,43.58,-0.03,-5.6,-5.03,-89.12,-9.86,-8.38,-5.69,-9.6,-8.38,44.02,-0.03,-4.7,-4.52,-89.12,-8.66,-7.91,-4.96,-8.21,-7.43,44.95,-0.03,-2.8,-1.73,-89.12,-7.02,-4.95,-4.96,-6.79,-6.42,48542
3612,97658,260954,27.23,23.57,-22.0,-10.43,-13.84,0.0,-15.46,-6.38,-0.27,-14.76,-7.24,24.14,-22.0,-7.66,-5.87,0.0,-14.58,-5.16,-0.27,-12.18,-5.52,24.73,-16.67,-4.93,-5.29,0.0,-11.87,-1.93,-0.27,-10.42,-3.82,32465
3613,194961,112494,63.41,58.83,-3.56,-8.04,-8.74,0.0,-9.08,-5.01,-6.38,-7.47,-3.82,59.33,-3.56,-5.55,-7.9,0.0,-8.6,-4.63,-5.88,-6.18,-3.34,60.23,-2.61,-2.02,-6.31,0.0,-6.07,-3.79,-1.68,-4.12,-2.48,127451
3614,165879,105685,61.08,56.2,-3.58,-7.59,-7.19,0.0,-10.31,-5.93,-14.95,-8.89,-7.17,56.59,-2.81,-6.65,-6.76,0.0,-9.8,-5.46,-14.58,-8.14,-6.74,57.6,-2.81,-4.51,-3.92,0.0,-8.9,-4.51,-14.29,-6.44,-5.32,73425
3615,210853,68415,75.5,71.45,-6.55,-2.48,-5.34,0.0,-6.0,-4.41,-13.15,-6.66,-2.82,72.03,-5.56,-2.48,-4.58,0.0,-5.64,-3.85,-12.69,-5.65,-2.69,72.77,-5.56,-0.87,-3.55,0.0,-4.66,-3.12,-8.3,-3.99,-2.25,113402
3616,111676,176359,38.77,35.46,0.0,-5.63,-6.36,0.0,-11.94,-5.52,-2.35,-9.16,-6.83,36.12,0.0,-5.61,-3.54,0.0,-10.03,-4.7,-2.35,-7.07,-4.82,36.8,0.0,-3.69,-2.15,0.0,-9.23,-2.63,-2.35,-6.13,-3.97,36657
3617,85422,175954,32.68,29.19,-5.02,-12.16,-11.48,0.0,-10.86,-7.19,-8.39,-11.71,-6.0,29.69,-5.02,-7.58,-10.62,0.0,-9.59,-5.76,-8.39,-9.94,-5.5,30.4,-5.02,-6.72,-5.57,0.0,-8.0,-4.7,-7.2,-7.81,-4.47,18602
3618,106619,182002,36.94,32.9,-3.09,-21.2,-5.52,0.0,-12.07,-5.75,-12.8,-14.65,-9.13,33.36,-3.09,-21.2,-5.15,0.0,-10.64,-4.8,-11.68,-12.73,-7.53,34.16,-3.09,-16.05,-4.04,0.0,-8.61,-3.08,-11.66,-10.53,-5.69,42512
3619,142597,182706,43.84,37.47,-6.26,-9.5,-8.71,0.0,-14.8,-11.38,-11.78,-20.23,-11.06,38.32,-3.86,-8.41,-7.05,0.0,-12.93,-10.23,-9.69,-17.76,-8.93,39.16,-3.82,-5.25,-6.78,0.0,-11.3,-5.69,-8.06,-15.91,-6.92,59988
3620,119405,208168,36.45,32.24,-1.3,-11.18,-5.57,0.0,-12.64,-8.84,-12.68,-13.39,-8.18,32.96,-1.3,-6.31,-2.97,0.0,-11.27,-6.13,-11.92,-11.31,-5.78,33.98,-1.3,-6.31,-2.97,0.0,-7.73,-5.26,-6.03,-8.52,-4.67,61499
3621,141354,178434,44.2,36.61,-8.69,-6.65,-13.54,0.0,-17.25,-15.91,-22.85,-21.0,-13.23,37.69,-7.52,-6.65,-9.07,0.0,-14.93,-11.6,-19.5,-17.77,-11.32,39.15,-4.34,-3.99,-9.07,0.0,-11.56,-7.81,-15.78,-14.22,-7.85,61358
3622,145982,173443,45.7,40.16,-10.75,-9.32,-4.79,0.0,-13.15,-11.5,-18.74,-16.3,-9.47,40.67,-10.11,-6.37,-3.74,0.0,-12.25,-9.59,-16.91,-14.91,-8.87,41.74,-9.98,-4.46,-3.74,0.0,-9.53,-8.87,-14.74,-11.42,-7.93,72540
3623,136775,190569,41.78,35.48,-14.41,-9.08,-7.61,0.0,-15.49,-9.97,-20.76,-21.36,-11.09,36.23,-12.67,-9.08,-6.71,0.0,-13.59,-6.63,-16.64,-19.1,-9.81,37.13,-10.83,-7.76,-6.29,0.0,-11.34,-4.7,-14.2,-16.44,-7.88,57099
3624,134831,183601,42.34,35.48,-14.66,-3.15,-13.8,0.0,-15.98,-18.4,-20.69,-19.86,-10.62,36.29,-13.18,-2.94,-13.78,0.0,-14.0,-16.33,-18.04,-16.6,-9.01,37.25,-12.87,-2.94,-11.76,0.0,-11.76,-13.05,-16.07,-14.22,-7.87,61847
3625,137375,188583,42.15,37.45,-4.31,-6.88,-3.98,0.0,-13.33,-6.72,-14.93,-17.58,-6.97,38.04,-4.31,-5.82,-3.98,0.0,-11.61,-5.37,-13.52,-15.21,-6.3,38.81,-4.31,-4.86,-3.33,0.0,-9.39,-5.06,-11.99,-12.38,-5.82,72946
3626,161900,176969,47.78,42.55,-2.62,-2.08,-7.24,0.0,-13.17,-5.21,-20.22,-17.23,-9.32,43.22,-1.8,-2.08,-7.0,0.0,-11.26,-5.21,-13.95,-14.2,-7.14,43.8,-1.49,-1.23,-6.06,0.0,-10.02,-3.76,-11.6,-12.31,-6.04,89662
3701,155294,150319,50.81,42.38,-16.64,-1.37,-12.33,0.0,-20.8,-16.19,-15.24,-20.69,-13.05,43.61,-15.9,-0.23,-10.46,0.0,-17.94,-14.29,-12.57,-16.09,-10.46,44.95,-15.4,0.0,-8.69,0.0,-14.66,-6.21,-10.4,-13.23,-8.15,74170
3702,81976,213373,27.76,22.04,-20.56,-14.19,-20.48,,-22.68,-10.4,-19.49,-28.56,-16.1,22.86,-19.67,-10.03,-16.42,,-19.9,-9.05,-19.49,-25.29,-14.04,24.04,-19.47,-8.28,-11.01,,-16.34,-6.46,-16.1,-19.47,-11.14,29399
3703,142549,154874,47.93,38.45,-23.31,-14.78,-15.64,0.0,-20.69,-18.38,-26.36,-21.75,-17.7,40.36,-22.59,-11.73,-11.65,0.0,-17.79,-11.84,-24.87,-16.42,-12.53,42.43,-16.42,-11.73,-9.31,0.0,-12.5,-7.34,-17.13,-12.09,-9.67,56315
3704,114944,187569,38.0,30.54,-13.1,-11.23,-15.73,0.0,-22.79,-12.32,-25.24,-24.52,-16.15,31.63,-10.61,-8.94,-12.31,0.0,-20.33,-12.32,-21.02,-20.36,-12.74,32.87,-2.25,-6.79,-9.11,0.0,-17.15,-8.29,-16.28,-17.41,-9.46,54009
3705,150557,155917,49.13,38.66,-15.46,-16.81,-12.73,0.0,-22.7,-15.99,-23.1,-28.74,-19.74,40.25,-12.08,-10.0,-10.83,0.0,-19.34,-12.99,-21.17,-24.31,-17.02,41.86,-9.68,-10.0,-10.01,0.0,-15.44,-10.97,-19.22,-20.47,-15.35,62286
3706,129901,167539,43.67,36.01,-19.49,-14.31,-12.93,0.0,-21.14,-7.59,-28.6,-23.63,-15.73,37.28,-14.86,-8.94,-10.65,0.0,-17.87,-5.65,-25.22,-19.76,-13.7,39.26,-12.49,-6.92,-6.25,0.0,-13.11,-4.94,-19.04,-14.27,-11.25,73147
3707,138893,174901,44.26,36.18,-13.08,-24.62,-13.06,0.0,-21.01,-10.99,-26.88,-22.24,-15.71,37.03,-11.93,-24.23,-11.88,0.0,-18.47,-9.13,-23.77,-19.4,-14.19,38.45,-8.48,-24.23,-9.13,0.0,-15.45,-6.7,-20.57,-15.9,-12.27,74137
3708,118875,158198,42.9,34.92,-11.96,-14.2,-9.5,0.0,-21.34,-11.42,-19.87,-22.94,-18.89,36.38,-10.74,-12.44,-6.43,0.0,-17.92,-11.09,-16.25,-19.16,-13.45,37.61,-8.54,-6.09,-3.6,0.0,-14.7,-9.96,-12.23,-15.54,-9.99,61693
3709,137671,157058,46.71,38.69,-13.8,-23.45,-11.11,0.0,-20.32,-11.74,-23.69,-20.39,-14.7,40.01,-10.76,-21.85,-9.44,0.0,-16.8,-8.99,-19.59,-16.08,-11.72,41.38,-9.8,-20.09,-7.03,0.0,-13.8,-6.92,-16.02,-12.86,-8.37,70456
3710,130957,169582,43.57,34.97,-15.51,-8.89,-14.6,0.0,-20.72,-12.18,-23.79,-27.17,-15.97,36.02,-15.49,-8.89,-13.38,0.0,-18.04,-11.42,-21.46,-23.37,-13.37,37.43,-10.51,-6.76,-7.92,0.0,-14.72,-10.83,-19.45,-19.29,-11.05,65115
3711,135168,170528,44.22,34.23,-25.89,-15.11,-8.5,-54.39,-23.08,-8.77,-21.65,-27.57,-13.69,35.37,-19.14,-15.11,-7.76,-54.39,-20.38,-7.09,-18.2,-23.64,-12.43,37.3,-18.23,-14.48,-7.5,-54.39,-15.61,-6.83,-14.23,-18.68,-9.17,39940
3712,103898,178170,36.83,31.45,-12.32,-20.99,-10.21,-23.04,-19.51,-12.46,-12.68,-17.88,-6.97,32.09,-12.32,-19.38,-9.68,-23.04,-16.08,-11.0,-11.21,-15.22,-6.76,33.12,-12.32,-16.77,-7.9,-23.04,-12.43,-7.5,-8.48,-11.07,-5.1,55234
3713,106839,176681,37.68,31.19,-12.94,-18.23,-11.7,0.0,-20.68,-7.87,-21.69,-24.96,-14.01,32.27,-10.98,-16.06,-9.91,0.0,-17.26,-4.8,-19.92,-21.13,-11.68,33.28,-10.77,-5.1,-7.24,0.0,-14.53,-3.29,-14.12,-18.24,-10.23,51368
3714,105969,211445,33.39,27.76,-32.35,-12.22,-14.59,-100.0,-18.36,-16.57,-13.18,-19.35,-9.68,28.29,-24.88,-11.63,-14.38,-100.0,-15.66,-15.2,-11.15,-16.72,-8.17,29.5,-24.85,-9.49,-9.91,-100.0,-12.79,-12.0,-9.27,-13.38,-7.56,49149
3800,109296,213207,33.89,22.59,-30.41,-20.36,-34.41,0.0,-33.65,-52.0,-46.73,-31.9,-27.35,24.22,-17.43,-9.68,-33.91,0.0,-28.14,-45.34,-43.19,-24.52,-21.27,26.47,-16.86,-9.68,-28.35,0.0,-22.07,-29.42,-23.42,-18.39,-18.31,14487
3901,126431,203047,38.37,32.83,-4.36,-11.33,-5.77,0.0,-18.84,-4.15,-22.15,-20.85,-15.1,33.36,-4.36,-11.33,-5.44,0.0,-16.75,-4.15,-19.55,-18.89,-13.7,34.69,-4.36,-6.26,-3.95,0.0,-12.2,-3.82,-19.12,-13.78,-10.01,68756
3902,143640,163252,46.8,38.78,-9.34,-31.44,-3.34,0.0,-17.3,-21.12,-25.48,-21.0,-13.73,40.01,-2.14,-25.65,-3.34,0.0,-14.69,-20.55,-20.49,-18.36,-11.28,41.13,-2.14,-24.57,-3.05,0.0,-12.26,-20.55,-17.44,-15.38,-9.68,70531
3903,128388,200486,39.04,32.96,-12.62,-15.66,-9.05,-0.67,-20.91,-12.81,-16.93,-17.86,-10.13,33.67,-11.82,-15.21,-8.09,-0.67,-18.51,-12.81,-16.74,-15.71,-8.13,35.01,-8.58,-10.07,-5.93,0.0,-14.26,-11.16,-13.77,-11.77,-5.94,68942
3904,115263,190505,37.7,30.01,-9.59,-13.76,-9.21,0.0,-20.81,-13.17,-22.2,-27.01,-14.99,30.94,-7.9,-10.11,-8.55,0.0,-18.25,-12.89,-18.62,-22.91,-12.8,32.23,-5.23,-9.19,-7.48,0.0,-14.61,-8.45,-16.25,-19.26,-10.68,58933
3905,124085,195299,38.85,31.22,-8.51,-5.03,-11.41,0.0,-20.32,-10.23,-22.15,-25.88,-13.05,32.36,-7.32,-4.7,-8.28,0.0,-17.2,-10.01,-18.37,-21.61,-11.27,33.54,-5.95,-4.7,-4.84,0.0,-14.36,-7.06,-13.61,-17.21,-8.62,61125
3906,150587,172100,46.67,37.58,-7.09,-12.75,-9.55,0.0,-20.63,-9.08,-25.73,-26.09,-14.85,38.66,-6.34,-10.68,-8.49,0.0,-18.2,-9.08,-23.64,-22.24,-13.29,40.72,-6.34,-10.68,-4.48,0.0,-13.67,-6.01,-16.61,-16.59,-9.16,61727
3907,106800,218122,32.87,26.2,-15.02,-12.0,-11.05,,-20.92,-8.87,-27.32,-24.01,-16.9,27.0,-12.12,-0.74,-8.72,,-18.88,-8.84,-25.22,-21.02,-14.06,27.98,-10.75,-0.74,-7.77,,-15.59,-8.84,-22.18,-17.12,-11.18,30729
3908,114557,189362,37.69,31.39,-10.16,-6.65,-11.18,0.0,-17.29,-17.52,-16.42,-19.84,-9.68,32.28,-10.16,-2.11,-10.5,0.0,-14.78,-11.93,-15.52,-18.32,-9.05,33.91,-10.16,-2.09,-7.06,0.0,-10.81,-3.46,-10.1,-13.11,-5.45,62644
3909,143838,188039,43.34,35.44,-11.93,-10.47,-8.95,0.0,-20.37,-9.45,-17.72,-23.8,-13.47,36.5,-9.69,-8.08,-8.84,0.0,-17.3,-8.83,-14.57,-20.26,-12.01,37.87,-9.69,-8.08,-7.64,0.0,-14.07,-2.89,-12.1,-16.42,-10.11,65406
3910,139948,188537,42.6,35.5,-12.16,-26.79,-11.1,0.0,-18.66,-19.07,-16.04,-20.76,-10.5,36.33,-10.98,-25.54,-10.5,0.0,-16.26,-17.46,-15.55,-17.49,-9.76,37.58,-10.98,-12.59,-7.74,0.0,-13.07,-6.46,-9.41,-13.93,-8.57,87966
3911,188457,163649,53.52,46.59,-12.18,-8.82,-10.84,0.0,-15.65,-4.31,-19.35,-16.25,-10.32,47.8,-10.63,-7.34,-8.86,0.0,-13.04,-2.8,-18.07,-14.41,-8.97,49.01,-3.28,-3.86,-7.09,0.0,-10.06,-2.32,-13.72,-11.23,-6.47,118963
3912,125020,175921,41.54,33.82,-11.11,-6.22,-4.04,,-19.51,-14.19,-21.15,-24.64,-12.94,34.82,-10.31,-5.13,-4.04,,-16.98,-14.19,-18.91,-20.44,-10.86,36.39,-8.23,-5.13,-2.72,,-13.08,-12.31,-14.93,-15.62,-9.0,60427
3913,144924,188939,43.41,36.04,-7.33,-13.94,-8.66,,-18.09,-15.82,-17.89,-20.74,-13.06,36.99,-7.33,-3.46,-7.22,,-16.19,-15.82,-17.46,-17.58,-11.91,38.48,-5.85,-1.0,-4.81,,-12.62,-15.06,-13.9,-14.0,-9.38,75248
3914,128427,194869,39.72,31.29,-21.89,-16.28,-10.61,,-21.98,-12.19,-20.63,-24.72,-14.76,32.51,-21.89,-13.37,-8.51,,-18.91,-11.83,-19.54,-21.22,-12.5,34.27,-15.7,-9.67,-5.07,,-14.46,-10.21,-15.02,-16.12,-8.67,62908
3915,124569,195884,38.87,32.01,-13.03,-13.68,-14.65,-77.84,-18.89,-11.87,-14.07,-22.61,-11.14,32.75,-11.67,-13.56,-14.3,-77.84,-16.49,-11.54,-13.76,-19.29,-9.66,34.17,-10.82,-9.82,-12.79,0.0,-12.07,-9.29,-10.2,-15.16,-7.25,64366
4001,143181,174719,45.04,36.57,-19.62,-10.55,-14.95,-0.93,-20.07,-12.7,-21.04,-22.16,-13.6,37.77,-15.11,-9.64,-13.02,-0.93,-17.17,-12.24,-16.23,-19.42,-11.99,39.42,-11.74,-6.93,-10.21,-0.93,-13.35,-9.67,-12.12,-14.73,-8.36,74069
4002,162766,143310,53.18,43.13,-15.45,-12.34,-10.22,-5.07,-19.15,-10.06,-24.59,-24.23,-15.95,44.76,-12.01,-12.34,-9.42,-5.07,-16.23,-8.05,-23.05,-20.05,-13.53,46.43,-10.36,-7.86,-7.22,-5.07,-12.91,-5.99,-19.63,-16.26,-11.03,67577
4003,149498,147760,50.29,40.53,-11.69,-15.01,-14.78,-3.35,-20.2,-12.76,-20.3,-26.65,-17.11,41.86,-9.77,-7.56,-13.14,-3.35,-17.44,-12.18,-19.44,-22.02,-14.35,43.48,-7.49,-7.3,-10.16,-3.35,-13.98,-10.59,-15.03,-16.94,-11.72,55909
4004,140412,165155,45.95,35.6,-14.8,-18.03,-18.59,-43.13,-22.0,-18.21,-25.5,-22.06,-19.66,36.61,-13.19,-17.74,-18.11,-43.13,-19.95,-16.27,-21.98,-19.08,-18.09,38.89,-9.97,-17.74,-7.08,0.0,-15.69,-11.77,-18.67,-15.82,-13.13,52420
4005,129699,191456,40.39,32.72,-12.83,-13.4,-8.89,0.0,-22.07,-12.63,-20.5,-24.44,-15.55,33.67,-11.92,-12.55,-7.99,0.0,-19.18,-11.01,-19.69,-20.31,-13.4,35.07,-8.46,-9.78,-5.62,0.0,-15.22,-10.35,-16.75,-15.81,-10.4,52435
4101,109437,184562,37.22,33.04,-4.85,-11.22,-14.41,0.0,-11.48,-6.1,-14.19,-14.78,-9.1,33.45,-4.34,-11.12,-11.21,0.0,-10.16,-5.4,-12.86,-12.77,-8.08,34.35,-2.02,-7.97,-11.21,0.0,-7.58,-4.57,-9.26,-9.72,-5.44,22829
4102,143769,138478,50.94,44.16,-7.8,-12.35,-7.1,-42.13,-13.66,-13.93,-12.38,-19.13,-10.5,45.55,-7.67,-12.12,-5.88,-42.13,-10.74,-12.71,-9.39,-14.23,-8.46,46.33,-5.19,-6.88,-4.73,-15.74,-9.18,-10.82,-8.07,-12.4,-6.78,48941
4103,121885,161755,42.97,38.66,-9.13,-7.0,-5.79,-14.57,-10.93,-9.65,-11.76,-15.2,-10.47,39.31,-9.11,-5.26,-5.49,-14.57,-9.36,-8.57,-10.11,-13.78,-8.9,39.96,-6.04,-3.8,-4.5,-14.57,-7.76,-7.18,-8.65,-11.9,-7.47,30470
4104,143614,148611,49.15,43.03,-3.06,-8.71,-2.13,-34.15,-12.82,-5.42,-8.79,-18.28,-9.26,43.81,-2.48,-8.52,-2.13,-34.15,-11.17,-5.42,-7.2,-15.64,-7.88,44.72,-1.63,-6.47,-2.13,-34.15,-9.35,-3.98,-6.44,-13.39,-6.27,45325
4105,112953,169901,39.93,34.45,-6.85,-8.21,-4.79,-4.63,-14.47,-5.97,-12.07,-20.29,-10.63,35.25,-6.44,-7.57,-3.88,-4.63,-12.32,-5.96,-8.85,-17.48,-9.26,36.33,-1.11,-2.9,-2.49,-4.63,-9.64,-3.67,-7.1,-14.34,-7.31,19209
4106,113425,154194,42.38,37.36,-5.58,-10.34,-7.65,0.0,-12.25,-6.12,-9.8,-15.09,-8.25,37.99,-5.49,-10.29,-7.65,0.0,-10.48,-6.12,-7.59,-13.18,-7.5,38.77,-5.37,-4.67,-7.13,0.0,-8.64,-5.99,-4.81,-10.39,-6.21,23140
4201,87348,206137,29.76,25.23,-24.2,-6.26,-7.58,0.0,-16.11,-15.01,-11.44,-18.2,-9.31,25.54,-24.2,-4.42,-7.43,0.0,-15.08,-15.01,-11.25,-16.65,-8.47,26.55,-24.2,-4.35,-7.19,0.0,-11.19,-12.78,-8.58,-11.93,-7.85,15319
4202,177947,122039,59.32,52.14,-4.04,-6.98,-11.85,0.0,-16.02,-6.07,-12.23,-14.55,-9.34,53.25,-4.04,-5.68,-10.61,0.0,-12.65,-6.07,-12.08,-12.41,-7.66,54.23,-4.04,-5.37,-9.37,0.0,-10.55,-4.7,-11.44,-11.3,-6.19,77576
4203,170499,159811,51.62,45.76,-5.69,-7.57,-10.87,0.0,-13.69,-5.29,-12.11,-9.92,-6.69,47.13,-5.69,-6.86,-7.67,0.0,-11.8,-5.29,-11.8,-8.28,-5.88,48.31,0.0,-5.75,-5.99,0.0,-8.0,-3.14,-11.0,-6.06,-4.11,79355
4204,89512,209829,29.9,25.13,-3.1,-10.9,-14.33,,-16.58,-6.73,-21.09,-20.15,-15.29,26.01,-3.1,-8.29,-11.93,,-13.27,-6.73,-16.47,-16.76,-11.8,27.08,-3.1,-7.45,-7.82,,-9.77,-5.72,-13.71,-14.21,-9.54,16829
4205,116587,178763,39.47,33.58,-4.05,-11.68,-9.63,,-18.73,-8.77,-15.55,-19.46,-11.85,34.47,-4.05,-9.38,-8.56,,-15.64,-8.77,-15.18,-17.44,-10.09,35.84,-1.4,-6.52,-5.87,,-12.14,-1.73,-10.43,-13.35,-8.24,39705
4206,97279,192553,33.56,28.7,-6.73,-14.1,-10.74,0.0,-17.23,-3.98,-11.42,-19.9,-13.2,29.23,-4.27,-14.1,-6.78,0.0,-15.73,-3.98,-8.97,-17.72,-12.55,30.26,-4.27,-14.1,-6.65,0.0,-12.15,-0.97,-8.44,-13.8,-8.86,25380
4207,114657,181211,38.75,32.08,-22.5,-20.2,-8.39,0.0,-20.8,-10.18,-24.37,-24.04,-16.35,33.06,-21.49,-17.05,-8.36,0.0,-17.56,-9.86,-21.49,-19.29,-14.29,34.4,-21.49,-8.9,-7.7,0.0,-13.78,-6.76,-16.77,-16.78,-13.25,34982
4208,138337,172542,44.5,36.49,-7.87,-23.15,-6.18,0.0,-18.53,-6.13,-20.5,-24.23,-11.5,37.24,-2.93,-21.96,-5.15,0.0,-16.86,-5.26,-19.13,-21.62,-10.2,38.65,-2.46,-16.76,-2.04,0.0,-13.73,-5.09,-15.54,-17.35,-8.77,43625
4209,130827,175451,42.72,35.01,-7.03,-9.07,-7.81,-1.79,-18.33,-6.65,-17.7,-26.37,-12.69,36.05,-6.47,-8.58,-7.54,-1.79,-15.75,-6.62,-16.52,-21.92,-11.68,37.36,-5.17,-6.54,-6.79,-1.79,-12.59,-4.92,-13.11,-17.1,-9.2,34220
4210,111925,198356,36.07,29.4,-14.09,-11.02,-7.4,,-21.02,-3.0,-16.84,-23.83,-17.88,30.05,-14.09,-11.02,-7.4,,-18.73,-3.0,-13.92,-20.94,-15.99,30.97,-14.09,-8.12,-7.4,,-15.48,-2.56,-11.8,-17.63,-13.2,37246
4211,107707,186154,36.65,29.93,-16.75,-35.47,-9.61,,-18.81,-8.71,-17.14,-22.56,-14.44,30.68,-16.75,-35.47,-7.15,,-16.44,-5.31,-16.17,-19.99,-12.8,31.84,-16.75,-28.73,-7.15,,-13.48,-3.41,-15.92,-16.3,-11.77,25562
4212,138881,200359,40.94,34.32,-12.54,-15.91,-10.38,0.0,-18.03,-15.18,-18.98,-18.41,-12.12,35.25,-12.54,-14.35,-9.5,0.0,-15.31,-14.69,-18.05,-14.56,-10.53,36.6,-12.54,-13.73,-7.77,0.0,-11.26,-10.52,-14.48,-11.52,-7.97,47110
4213,123030,178139,40.85,32.84,-8.06,-7.01,-8.11,-24.19,-20.04,-10.31,-22.01,-26.58,-15.51,34.38,-8.06,-7.01,-4.17,-24.19,-16.3,-7.9,-20.19,-21.66,-12.38,35.74,-8.06,-7.01,-3.76,0.0,-12.87,-2.78,-15.24,-17.03,-9.6,31824
4214,137341,186711,42.38,34.04,-8.23,-15.34,-7.41,-100.0,-19.89,-13.41,-24.76,-28.08,-16.28,35.27,-8.23,-12.55,-7.29,-100.0,-16.92,-13.41,-21.07,-23.4,-13.91,36.73,-8.23,-10.36,-5.99,0.0,-13.41,-13.41,-17.78,-18.74,-10.98,38184
4215,134417,161849,45.37,36.34,-24.72,-6.94,-3.45,-12.02,-20.36,-14.54,-29.17,-28.39,-17.24,37.43,-13.96,-6.94,-3.1,-12.02,-17.86,-14.54,-23.93,-24.66,-15.08,38.97,-13.29,-1.59,-1.82,-12.02,-14.5,-12.7,-18.22,-19.89,-12.15,29663
4216,131732,185313,41.55,34.07,-5.54,-8.91,-4.07,-60.56,-18.8,-8.67,-20.26,-24.07,-12.56,35.38,-5.42,-6.07,-3.03,-60.56,-15.43,-5.46,-19.23,-20.2,-9.67,36.67,-5.42,-5.49,-3.03,-60.56,-12.16,-5.22,-16.47,-17.19,-7.17,56200
4217,107695,218018,33.06,27.27,-0.18,-13.76,-8.26,0.0,-19.18,-8.04,-20.28,-22.46,-13.8,28.4,-0.18,-9.98,-8.26,0.0,-15.41,-4.16,-19.92,-18.21,-10.2,29.41,-0.18,-6.99,-8.26,0.0,-11.98,-2.08,-15.61,-14.69,-8.2,29322
4401,96900,120085,44.66,39.93,-5.52,-16.67,-5.32,0.0,-12.24,-6.57,-14.85,-14.89,-8.51,40.72,-5.52,-15.59,-4.64,0.0,-10.18,-6.36,-12.43,-11.75,-6.8,41.65,-1.9,-13.49,-3.65,0.0,-7.94,-3.15,-8.86,-9.17,-4.8,39667
4402,93141,130055,41.73,37.04,-3.83,-16.21,-4.02,0.0,-12.16,-6.34,-18.24,-14.17,-8.66,37.92,-2.83,-14.9,-3.56,0.0,-9.81,-6.09,-8.37,-11.63,-6.75,38.7,-2.08,-8.95,-3.2,0.0,-8.03,-2.85,-6.08,-9.12,-4.79,31428
4501,107190,183745,36.84,30.15,-16.98,-13.56,-14.15,-2.83,-20.72,-11.4,-17.74,-23.22,-13.74,31.06,-16.98,-13.11,-12.45,-2.83,-17.71,-9.08,-14.73,-19.74,-12.1,32.21,-8.5,-13.11,-10.89,-2.83,-13.52,-7.51,-12.29,-16.18,-8.94,20094
4502,128673,165129,43.8,35.45,-10.18,-25.74,-14.18,-1.52,-21.72,-9.6,-22.13,-24.54,-16.09,36.53,-9.08,-24.36,-12.54,-1.52,-18.73,-9.15,-18.28,-19.61,-13.69,37.57,-4.22,-17.95,-10.85,-1.52,-15.76,-8.67,-16.52,-16.45,-11.81,48038
4503,131153,163941,44.44,35.35,-20.13,-21.32,-12.63,-85.21,-22.22,-8.2,-32.5,-27.21,-15.95,36.82,-19.84,-18.08,-11.43,-85.21,-18.42,-8.16,-28.84,-22.79,-13.46,38.59,-15.53,-16.07,-7.67,-85.21,-14.47,-5.54,-24.76,-19.07,-10.55,54458
4504,119677,172195,41.0,32.42,-26.95,-20.81,-12.89,,-24.3,-13.05,-14.9,-26.1,-16.27,33.77,-21.9,-19.21,-8.92,,-21.15,-12.32,-11.61,-21.41,-11.98,35.23,-16.21,-4.46,-6.92,,-17.16,-11.87,-10.67,-17.18,-11.1,56844
4505,128461,164420,43.86,34.79,-12.08,-21.31,-14.35,0.0,-25.34,-15.06,-27.71,-27.31,-19.24,36.05,-12.08,-19.54,-12.01,0.0,-22.05,-14.42,-25.36,-23.35,-16.57,37.92,-11.49,-9.69,-8.17,0.0,-17.5,-8.91,-21.95,-19.25,-12.78,46270
4506,132731,157108,45.79,38.14,-11.91,-20.56,-12.04,-3.43,-22.26,-18.33,-22.4,-20.48,-13.21,39.3,-11.91,-16.43,-10.21,-3.43,-19.07,-15.25,-18.9,-17.3,-10.88,40.66,-7.69,-15.54,-8.49,-3.43,-14.5,-13.05,-15.23,-13.77,-8.29,67908
4507,142788,152635,48.33,38.54,-16.13,-15.81,-11.36,0.0,-24.94,-22.27,-25.19,-25.67,-17.59,39.59,-16.13,-15.39,-10.28,0.0,-22.08,-22.05,-23.16,-22.69,-15.63,41.99,-7.74,-15.39,-7.59,0.0,-16.07,-17.71,-15.89,-15.66,-11.49,72978
4600,121432,235454,34.03,25.16,-6.97,-40.13,-18.01,-16.04,-27.96,-24.34,-26.53,-28.35,-14.91,26.38,-4.53,-28.05,-17.64,-16.04,-24.15,-20.29,-24.19,-23.0,-11.35,27.67,-3.95,-17.26,-16.39,-4.23,-19.81,-19.75,-21.15,-18.41,-8.72,20815
4701,159138,153198,50.95,39.77,-16.86,-12.02,-6.82,-87.22,-22.09,-20.27,-25.58,-30.93,-19.26,41.71,-14.56,-12.02,-2.64,-87.22,-18.38,-12.95,-21.94,-24.99,-15.64,43.69,-8.58,-12.02,-2.64,-87.22,-14.39,-12.05,-17.86,-19.04,-11.76,61976
4702,126675,190329,39.96,30.5,-22.92,-24.99,-17.06,0.0,-23.45,-16.21,-23.0,-29.92,-17.35,31.59,-21.1,-24.99,-15.7,0.0,-20.77,-12.64,-21.05,-24.78,-15.32,33.77,-20.83,-20.9,-9.13,0.0,-15.56,-8.64,-18.12,-18.61,-11.2,37971
4703,132521,179659,42.45,33.75,-27.65,-35.3,-18.52,0.0,-21.09,-11.16,-18.67,-25.35,-16.53,35.14,-19.48,-35.3,-16.8,0.0,-17.29,-7.01,-14.94,-21.99,-14.01,36.75,-19.18,-33.21,-11.47,0.0,-13.71,-7.01,-13.93,-17.27,-10.77,41464
4704,120197,168840,41.59,34.1,-23.41,-24.48,-12.64,0.0,-18.5,-19.48,-14.15,-20.05,-13.51,35.19,-22.0,-15.45,-11.61,0.0,-15.62,-18.08,-10.89,-17.12,-12.02,36.43,-14.88,-14.68,-9.55,0.0,-12.47,-15.09,-8.66,-13.33,-10.0,39636
4705,97615,212441,31.48,24.8,-36.94,-6.79,-16.75,0.0,-23.2,-19.45,-25.59,-24.53,-15.66,25.78,-22.77,-5.14,-13.16,0.0,-20.2,-17.94,-23.21,-21.28,-13.96,27.12,-21.28,-3.82,-11.08,0.0,-15.22,-11.24,-20.72,-15.61,-10.29,20727
4706,143384,175655,44.94,36.49,-13.68,-14.98,-18.26,0.0,-18.6,-20.28,-15.63,-22.31,-13.48,38.06,-5.03,-14.52,-12.89,0.0,-15.38,-18.43,-13.18,-16.33,-10.25,39.5,-4.26,-11.61,-10.4,0.0,-12.02,-16.84,-10.76,-12.57,-7.71,39826
4707,122216,184202,39.89,30.37,-27.02,-21.72,-18.84,0.0,-25.71,-33.46,-26.55,-23.74,-19.02,31.58,-16.12,-20.43,-15.29,0.0,-22.16,-33.15,-24.25,-20.32,-15.76,32.84,-13.28,-18.21,-12.2,0.0,-18.92,-31.14,-20.86,-15.92,-13.26,34172
4708,140383,159027,46.89,38.44,-5.12,-6.34,-12.41,-100.0,-20.27,-8.27,-17.19,-22.82,-12.82,39.82,-4.8,-6.05,-8.84,0.0,-17.59,-8.06,-13.3,-19.2,-10.9,41.59,-4.44,-5.75,-7.65,0.0,-12.7,-6.26,-10.92,-13.7,-7.56,50755
4709,158809,146111,52.08,42.73,-17.62,-11.34,-15.74,-100.0,-23.83,-15.4,-18.5,-18.25,-8.89,43.79,-14.91,-8.92,-13.68,0.0,-21.8,-14.3,-16.13,-15.06,-7.6,45.33,-14.4,-7.18,-11.42,0.0,-17.07,-13.23,-9.96,-11.21,-6.07,68278
4801,134016,147125,47.67,37.75,-15.65,-25.76,-15.06,-100.0,-22.3,-19.73,-21.39,-25.58,-14.95,38.9,-9.92,-24.52,-13.63,-62.86,-19.44,-17.8,-17.99,-21.56,-12.23,40.97,-7.43,-9.39,-10.06,-62.86,-15.1,-11.72,-12.97,-16.52,-9.6,30766
4802,97378,174422,35.83,29.88,-11.47,-15.25,-19.0,0.0,-14.05,-13.13,-16.63,-19.3,-11.85,30.62,-7.42,-13.35,-15.34,0.0,-12.49,-11.69,-12.56,-16.61,-9.78,31.74,-7.42,-10.45,-12.83,0.0,-9.69,-8.88,-9.24,-11.77,-7.14,19624
4803,67806,210576,24.36,18.66,-17.08,-20.14,-18.66,-54.79,-24.89,-22.4,-15.94,-27.62,-20.12,19.4,-17.0,-18.66,-17.53,-54.79,-21.1,-18.03,-14.4,-24.12,-18.11,21.1,-16.0,-7.89,-12.33,-54.79,-13.9,-14.73,-11.06,-14.37,-10.57,18831
4804,97648,197830,33.05,24.93,-16.96,-16.62,-25.73,-60.13,-23.95,-21.85,-28.07,-28.09,-21.56,25.93,-14.2,-14.43,-22.86,-33.99,-20.88,-19.01,-26.31,-24.37,-18.37,27.93,-10.78,-12.66,-14.89,-33.99,-15.16,-14.1,-21.1,-19.08,-13.54,20069
4805,117398,148330,44.18,35.03,-18.58,-20.16,-16.54,-62.5,-22.12,-18.53,-22.73,-25.38,-16.16,36.05,-17.56,-18.74,-14.3,-62.5,-19.64,-17.01,-21.62,-22.27,-13.43,37.79,-15.19,-17.14,-12.33,-62.5,-15.31,-12.64,-18.12,-16.93,-10.35,32257
4806,108657,163826,39.88,30.96,-8.6,-17.88,-20.58,-10.69,-23.02,-20.14,-25.09,-24.64,-17.19,31.76,-8.51,-15.47,-17.72,-10.69,-21.35,-19.18,-21.61,-21.77,-15.13,33.63,-5.93,-13.35,-11.32,0.0,-16.6,-15.44,-14.29,-16.63,-11.55,33766
4807,134971,181336,42.67,33.51,-26.82,-17.42,-15.82,0.0,-22.32,-25.55,-14.14,-22.56,-12.81,34.84,-23.82,-16.57,-13.66,0.0,-18.66,-21.76,-9.73,-18.58,-9.33,36.96,-14.79,-14.37,-9.34,0.0,-13.95,-14.95,-7.67,-14.91,-7.19,27080
4808,103235,170996,37.65,30.81,-21.72,-13.73,-10.01,0.0,-19.54,-12.15,-20.5,-27.25,-14.04,31.95,-17.62,-9.47,-9.11,0.0,-16.02,-11.31,-14.55,-21.73,-11.91,32.92,-15.32,-9.47,-7.82,0.0,-12.99,-8.55,-10.68,-18.3,-10.28,20905
4809,138293,141778,49.38,40.63,-6.33,-16.11,-11.02,0.0,-20.63,-22.4,-17.26,-18.08,-9.09,41.82,-5.82,-14.08,-9.71,0.0,-17.82,-19.85,-13.04,-14.72,-7.96,43.36,-5.55,-11.19,-6.63,0.0,-14.68,-17.06,-5.72,-10.9,-5.77,42969
4810,114777,178349,39.16,30.63,-28.63,-18.51,-15.77,-95.2,-22.12,-19.25,-23.55,-24.32,-18.19,31.6,-23.17,-16.52,-14.97,-95.2,-19.18,-17.56,-21.43,-22.26,-16.69,33.26,-19.17,-15.49,-13.57,0.0,-14.11,-14.39,-16.27,-17.71,-13.41,17927
4811,126050,166503,43.09,34.43,-17.72,-14.84,-11.76,-100.0,-22.4,-18.1,-23.79,-26.53,-16.2,36.08,-14.93,-12.58,-10.05,-100.0,-18.54,-13.24,-21.8,-20.01,-11.99,37.83,-7.55,-11.36,-7.23,-92.95,-14.03,-9.58,-17.43,-16.76,-9.56,33169
4812,104185,187460,35.72,28.74,-21.43,-13.78,-12.87,0.0,-22.11,-18.44,-17.25,-23.68,-14.13,29.69,-20.28,-12.18,-12.59,0.0,-18.93,-16.05,-14.63,-19.83,-12.21,31.18,-14.73,-8.11,-6.49,0.0,-14.75,-12.21,-8.99,-14.62,-8.42,35203
4813,124051,168902,42.35,32.42,-30.09,-18.88,-10.79,-76.38,-24.5,-22.36,-20.29,-25.55,-18.25,34.09,-25.46,-17.03,-7.48,-76.38,-20.31,-19.07,-18.52,-21.07,-14.32,36.37,-21.89,-10.07,-5.9,0.0,-14.85,-11.54,-12.22,-15.25,-10.81,35900
4814,119939,174797,40.69,32.59,-28.89,-5.36,-14.79,0.0,-22.5,-19.5,-15.72,-24.92,-17.13,34.31,-23.99,-5.36,-11.58,0.0,-17.55,-15.32,-13.24,-17.87,-12.59,35.14,-20.81,-5.36,-9.53,0.0,-15.36,-14.63,-9.24,-15.36,-11.12,41208
4815,149889,101757,59.56,50.89,-9.27,-18.6,-19.16,0.0,-14.32,-13.16,-18.63,-15.83,-10.79,52.45,-9.27,-18.6,-15.62,0.0,-12.14,-10.83,-17.62,-12.73,-8.44,54.15,-3.97,-11.83,-9.38,0.0,-9.12,-8.19,-15.1,-10.7,-6.86,85500
4816,149111,117814,55.86,46.9,-6.23,-29.71,-21.4,-100.0,-15.42,-13.85,-24.2,-14.98,-10.85,48.43,-5.84,-26.52,-19.41,-100.0,-12.59,-11.62,-21.8,-12.05,-9.78,50.33,-4.7,-11.53,-7.12,-100.0,-10.07,-9.04,-17.08,-9.72,-8.26,74578
4817,125651,162841,43.55,34.5,-10.39,-11.45,-14.9,0.0,-22.12,-20.72,-25.55,-26.98,-19.12,35.62,-7.96,-9.24,-13.24,0.0,-19.08,-18.69,-23.98,-23.62,-17.05,37.81,-3.68,-6.89,-9.24,0.0,-13.93,-11.58,-17.77,-17.95,-11.77,34907
4818,139340,143259,49.31,41.4,-12.42,-21.17,-11.8,-76.94,-16.13,-16.14,-19.4,-17.7,-10.79,42.65,-8.05,-14.63,-9.04,0.0,-13.77,-14.45,-14.53,-15.25,-9.72,44.13,-7.15,-13.99,-7.06,0.0,-10.48,-11.01,-11.55,-11.41,-7.63,46764
4819,141612,153820,47.93,37.99,-28.68,-13.94,-15.76,-6.58,-20.82,-18.16,-28.95,-22.63,-16.36,39.51,-28.11,-13.94,-14.85,-6.58,-17.42,-15.6,-24.32,-20.1,-14.1,41.88,-12.82,-4.13,-12.89,0.0,-12.57,-11.3,-19.46,-15.79,-9.56,31880
4820,145492,134784,51.91,42.45,-11.6,-13.9,-16.09,-43.07,-18.29,-17.77,-17.86,-19.97,-12.22,43.64,-8.24,-9.04,-15.16,-23.93,-16.06,-15.57,-17.04,-16.76,-10.97,45.8,-6.37,-5.94,-12.99,-23.93,-11.81,-11.27,-14.37,-12.61,-7.96,66267
4821,103973,206849,33.45,26.12,-34.22,-26.44,-16.25,-18.8,-21.77,-20.41,-21.74,-24.86,-15.3,27.21,-28.72,-24.99,-14.29,-18.8,-18.85,-17.22,-19.39,-21.04,-12.78,28.75,-20.37,-18.17,-13.3,-18.8,-14.23,-12.21,-14.4,-16.7,-10.12,24931
4822,94124,176299,34.81,28.75,-29.16,-15.25,-17.06,-36.29,-17.3,-17.23,-14.93,-18.48,-12.84,30.09,-29.16,-13.21,-12.73,-36.29,-13.43,-14.13,-13.32,-14.61,-11.29,30.73,-24.03,-12.38,-11.82,0.0,-11.32,-11.57,-9.66,-12.0,-9.76,17113
4823,121178,142534,45.95,38.18,-31.57,-21.33,-14.06,-14.93,-17.13,-15.44,-17.07,-17.91,-12.3,39.18,-28.94,-18.18,-12.9,-2.24,-14.98,-13.18,-16.18,-15.99,-11.27,40.6,-20.36,-13.85,-10.02,-2.24,-11.94,-10.16,-13.64,-12.98,-9.42,45452
4824,83659,212347,28.26,21.7,-15.75,-21.72,-18.46,0.0,-24.2,-23.43,-14.91,-26.89,-21.12,22.72,-15.34,-16.97,-15.65,0.0,-21.04,-19.35,-12.52,-22.43,-16.03,24.11,-12.34,-13.81,-11.01,0.0,-16.23,-13.73,-9.81,-17.73,-10.26,20800
4825,111166,171501,39.33,31.34,-9.5,-14.61,-14.79,-72.58,-20.87,-19.0,-16.18,-20.28,-14.61,32.2,-7.59,-11.36,-13.04,-72.58,-18.78,-16.23,-14.99,-17.41,-12.69,34.03,-7.09,-8.81,-10.29,0.0,-13.88,-11.61,-10.58,-12.38,-8.85,33188
4826,73878,219273,25.2,20.0,-16.81,-20.71,-13.22,0.0,-22.61,-20.67,-22.17,-25.62,-17.75,20.65,-12.19,-18.42,-10.84,0.0,-19.62,-17.77,-20.08,-22.11,-14.46,21.59,-10.37,-16.24,-6.13,0.0,-16.11,-12.79,-17.73,-19.93,-13.1,16780
4827,132825,152958,46.48,37.79,-19.15,-30.98,-15.69,0.0,-19.4,-15.36,-19.1,-20.34,-13.93,39.02,-19.15,-30.98,-15.42,0.0,-16.47,-13.23,-17.62,-17.72,-12.15,40.71,-16.29,-25.26,-10.24,0.0,-12.54,-10.17,-13.23,-12.98,-9.78,55621
4828,139085,113516,55.06,47.01,-18.88,-30.56,-23.36,0.0,-13.5,-12.39,-25.24,-17.17,-12.49,48.06,-18.66,-28.71,-19.94,0.0,-11.83,-10.6,-22.32,-14.04,-11.18,49.59,-16.84,-13.36,-18.4,0.0,-9.01,-8.23,-19.58,-10.33,-8.17,84069
4829,148097,104931,58.53,49.3,-18.2,-14.23,-10.95,0.0,-14.74,-16.43,-22.65,-15.95,-11.03,50.67,-11.36,-13.36,-9.68,0.0,-12.42,-13.83,-20.6,-13.67,-9.75,52.89,-4.31,-9.16,-6.79,0.0,-9.11,-10.07,-9.21,-9.72,-6.56,42496
4830,134584,142229,48.62,39.74,-14.13,-11.38,-13.57,0.0,-19.46,-17.87,-21.55,-20.3,-14.34,41.0,-9.39,-10.63,-10.82,0.0,-17.0,-16.93,-16.41,-15.5,-11.82,42.52,-9.39,-7.59,-8.24,0.0,-13.92,-14.39,-13.46,-12.63,-9.06,64010
4831,96528,199957,32.56,25.71,-14.31,-24.4,-14.93,-29.26,-21.99,-15.19,-21.77,-27.37,-18.78,26.61,-9.9,-12.19,-13.34,-29.26,-19.66,-13.93,-20.19,-24.07,-17.14,28.39,-2.96,-9.52,-9.32,-27.66,-13.43,-9.9,-11.53,-16.85,-10.49,25066
4832,120404,187263,39.13,30.74,-17.6,-17.81,-15.9,0.0,-23.68,-22.39,-24.28,-23.2,-17.81,31.95,-12.3,-16.5,-12.83,0.0,-20.82,-19.41,-23.96,-20.52,-13.75,34.12,-9.63,-12.99,-9.81,0.0,-14.52,-13.15,-19.82,-16.65,-9.72,45130
4833,128803,151375,45.97,37.51,-16.98,-14.39,-15.73,0.0,-19.29,-18.2,-23.5,-18.61,-13.6,38.78,-13.42,-11.78,-13.66,0.0,-16.78,-15.81,-18.26,-14.2,-11.18,40.25,-13.23,-9.13,-10.67,0.0,-13.33,-13.04,-15.45,-11.1,-8.64,60993
4834,156479,82921,65.36,57.82,-7.46,-4.06,-5.89,0.0,-11.79,-9.95,-19.6,-17.48,-10.96,58.78,-7.46,-4.06,-5.89,0.0,-10.44,-8.78,-15.84,-15.13,-9.75,59.83,-7.08,-4.06,-2.61,0.0,-8.74,-7.18,-11.37,-13.42,-8.31,101525
4835,128872,172948,42.7,33.83,-25.53,-21.05,-19.77,-1.12,-20.66,-18.19,-22.05,-21.38,-16.21,34.9,-25.29,-19.29,-18.1,-1.12,-18.37,-15.7,-19.75,-17.09,-14.31,37.01,-18.54,-8.23,-16.22,-1.12,-12.99,-11.94,-13.67,-12.52,-10.99,58269
4836,122135,152138,44.53,35.44,-8.18,-23.57,-15.11,0.0,-19.88,-19.6,-23.53,-24.13,-17.38,36.92,-7.64,-20.89,-13.77,0.0,-17.05,-16.3,-22.21,-19.91,-14.96,38.22,-5.3,-17.69,-11.87,0.0,-14.13,-12.81,-19.52,-17.14,-13.04,34397
4837,96582,258506,27.2,21.65,-20.1,-31.38,-15.62,0.0,-21.05,-13.41,-22.2,-22.26,-20.27,22.12,-16.54,-30.1,-14.04,0.0,-18.88,-12.6,-21.02,-19.3,-19.22,23.1,-13.04,-21.87,-13.19,0.0,-14.95,-10.39,-17.78,-16.47,-17.01,22904
4838,104494,185779,36.0,30.0,-12.26,-11.17,-11.77,-100.0,-17.73,-18.38,-15.85,-19.09,-8.09,30.95,-9.77,-6.18,-9.53,0.0,-14.65,-15.58,-12.53,-16.73,-7.44,32.51,-6.18,-5.35,-7.8,0.0,-9.19,-9.85,-11.07,-12.29,-5.76,17140
4901,93681,188367,33.21,25.71,-18.81,-37.58,-23.25,-72.3,-22.89,-21.14,-23.08,-19.39,-17.84,26.58,-16.61,-36.56,-20.7,-72.3,-20.11,-19.2,-21.29,-17.38,-16.85,27.91,-6.47,-34.89,-19.42,-66.2,-15.89,-11.17,-20.71,-15.16,-15.01,16027
4902,100092,190698,34.42,25.44,-32.08,-19.64,-20.37,-8.01,-25.94,-25.9,-25.16,-23.11,-20.39,26.74,-22.97,-18.46,-15.17,-8.01,-22.69,-20.04,-22.97,-19.55,-17.37,28.21,-21.25,-15.12,-11.07,-0.28,-18.55,-14.23,-20.79,-16.24,-13.21,20923
4903,93318,179882,34.16,25.78,-7.47,-24.95,-48.35,-18.97,-24.76,-21.01,-16.79,-24.87,-19.75,26.82,-5.75,-17.75,-42.05,-18.97,-21.81,-19.67,-15.37,-19.86,-16.47,27.98,-3.97,-11.41,-35.31,0.0,-18.11,-15.87,-12.36,-17.08,-13.71,11991
4904,74231,181224,29.06,21.14,-27.66,-20.51,-15.01,-0.39,-28.05,-21.57,-17.03,-21.25,-18.67,22.44,-22.48,-18.07,-15.01,-0.39,-23.83,-17.7,-16.45,-15.82,-14.9,23.73,-14.37,-15.22,-15.01,0.0,-19.3,-13.53,-13.65,-10.6,-9.84,11546
5000,116455,153701,43.11,37.61,-1.64,-17.59,-4.4,0.0,-12.83,-4.23,-19.63,-18.77,-10.13,38.46,-1.64,-17.59,-4.4,0.0,-10.93,-4.23,-16.95,-15.59,-7.57,39.08,-1.64,-13.22,0.0,0.0,-9.46,0.0,-14.69,-13.19,-6.87,21864
5101,89911,218103,29.19,23.47,-10.89,-13.16,-17.08,,-19.63,-17.22,-20.54,-23.23,-14.18,24.08,-10.85,-13.16,-14.19,,-18.0,-15.61,-14.98,-20.52,-12.17,25.04,-10.17,-8.65,-12.08,,-15.25,-6.49,-12.27,-17.19,-9.24,22246
5102,99421,210093,32.12,26.86,-9.77,-23.19,-14.73,0.0,-16.58,-7.84,-17.87,-18.09,-13.02,27.47,-9.77,-19.4,-13.29,0.0,-14.83,-6.92,-14.75,-15.58,-10.5,28.35,-9.77,-15.4,-11.88,0.0,-11.81,-3.53,-12.97,-12.88,-7.92,39091
5103,142767,178921,44.38,37.7,-8.32,-18.66,-11.25,0.0,-19.8,-19.69,-17.93,-14.27,-8.87,38.37,-7.91,-18.66,-9.94,0.0,-18.02,-18.42,-16.55,-12.56,-7.86,39.49,-7.91,-14.44,-7.92,0.0,-14.93,-14.09,-13.96,-10.03,-6.41,79925
5104,133607,180008,42.6,36.16,-10.75,-20.98,-11.93,0.0,-17.62,-11.24,-16.7,-19.27,-11.79,36.59,-10.75,-18.39,-11.41,0.0,-16.49,-8.47,-15.62,-18.11,-11.15,37.72,-10.41,-17.74,-8.33,0.0,-14.82,-5.42,-12.51,-15.31,-9.74,63029
5105,127124,183326,40.95,32.46,-4.81,-24.0,-16.22,-74.87,-23.11,-20.97,-18.91,-23.34,-15.19,33.68,-3.2,-16.19,-14.47,0.0,-19.71,-11.02,-16.16,-20.71,-13.62,35.72,-3.2,-5.69,-9.16,0.0,-14.61,-10.99,-11.71,-16.45,-9.91,38781
5106,127386,183615,40.96,33.5,-9.89,-21.61,-8.59,,-19.05,-18.83,-22.86,-25.15,-15.55,34.88,-9.89,-21.61,-8.53,,-15.84,-10.31,-19.09,-21.08,-12.68,36.22,-9.89,-13.18,-5.96,,-12.35,-5.15,-14.29,-16.05,-9.48,36261
5107,81814,190882,30.0,26.39,-10.03,-6.89,-9.38,0.0,-13.44,-6.88,-13.22,-15.24,-8.65,26.72,-10.03,-5.45,-9.33,0.0,-12.15,-6.32,-10.98,-13.52,-7.77,27.56,-5.14,-4.12,-6.72,0.0,-9.29,-4.86,-6.66,-9.87,-5.97,22928
5108,73517,244530,23.12,19.94,-15.44,-12.07,-5.69,0.0,-20.16,-15.46,-11.17,-14.74,-10.39,20.18,-15.44,-11.33,-5.64,0.0,-18.75,-13.95,-10.16,-13.78,-9.86,21.02,-12.14,-8.6,-3.9,0.0,-13.94,-9.68,-5.29,-10.48,-9.0,19268
5109,154559,167650,47.97,37.8,-10.76,-17.82,-12.04,-100.0,-21.55,-15.84,-21.15,-27.59,-16.61,39.34,-9.36,-15.06,-11.27,0.0,-18.28,-12.34,-15.47,-22.65,-14.4,40.96,-4.63,-11.92,-9.52,0.0,-14.79,-9.62,-12.63,-18.14,-12.18,50387
5110,60049,203025,22.83,19.92,-3.14,-9.49,-9.83,-24.53,-13.58,-13.87,-13.07,-13.53,-8.27,20.3,-3.14,-7.85,-8.06,-24.53,-12.11,-13.24,-10.96,-10.72,-6.98,20.9,-3.01,-7.25,-4.49,-24.53,-9.4,-9.6,-6.02,-7.3,-5.43,8902
5111,52486,228663,18.67,16.11,-9.14,-15.62,-6.14,0.0,-13.64,-10.99,-13.3,-14.73,-11.19,16.46,-9.14,-14.64,-5.54,0.0,-11.43,-9.52,-13.3,-13.75,-9.49,17.16,-6.9,-5.94,-5.54,0.0,-9.23,-7.68,-10.35,-9.26,-5.42,11559
5301,79640,217180,26.83,22.95,-10.58,-13.23,-6.49,0.0,-14.77,-8.51,-15.51,-16.76,-10.13,23.16,-10.58,-11.32,-5.1,0.0,-14.22,-8.3,-14.74,-15.97,-9.23,24.22,-6.73,-7.1,-2.75,0.0,-10.22,-7.03,-11.84,-12.13,-7.24,13937
5302,115832,194198,37.36,32.48,-6.91,-11.57,-8.99,0.0,-13.11,-9.1,-13.91,-18.48,-8.16,33.1,-6.45,-8.75,-8.99,0.0,-11.49,-8.96,-13.66,-16.05,-7.14,33.98,-5.13,-5.94,-6.49,0.0,-9.18,-8.11,-11.4,-13.38,-6.19,24120
5303,125331,174679,41.78,37.56,-3.99,-4.93,-1.08,-4.52,-10.72,-5.39,-16.53,-17.6,-10.3,38.25,-3.34,-3.47,-1.08,-4.52,-8.94,-5.17,-13.16,-14.31,-8.58,38.85,-1.12,-3.47,-1.08,-4.52,-7.42,-3.76,-9.98,-11.71,-6.91,30232
5304,139196,138517,50.12,44.28,-8.32,-4.64,-0.19,-32.28,-13.29,-6.84,-14.1,-16.54,-10.84,45.03,-7.83,-4.03,-0.19,-30.13,-11.77,-6.07,-11.1,-14.18,-8.8,45.82,-7.74,-1.41,0.0,-30.13,-10.07,-5.36,-8.0,-12.03,-7.78,57246
5305,136938,167175,45.03,39.07,-6.89,-8.58,-5.03,-4.93,-13.75,-11.18,-16.39,-20.31,-10.11,39.94,-5.72,-5.9,-5.03,0.0,-11.84,-10.28,-14.91,-17.56,-8.6,41.11,-3.98,-4.15,-3.02,0.0,-9.19,-7.29,-13.12,-14.19,-7.7,38097
5306,123965,188020,39.73,34.63,-7.4,-7.27,-6.65,0.0,-13.66,-6.49,-10.5,-16.39,-9.46,35.19,-5.45,-7.23,-6.65,0.0,-12.06,-4.98,-8.67,-14.64,-8.27,36.17,-4.42,-6.68,-5.26,0.0,-9.32,-4.85,-7.5,-11.97,-6.45,29827
5307,108500,244065,30.77,26.93,-10.87,-11.35,-9.23,0.0,-13.2,-5.66,-9.52,-15.0,-7.66,27.4,-8.89,-9.93,-9.05,0.0,-11.51,-5.32,-9.13,-13.32,-6.53,28.47,-3.47,-5.23,-7.55,0.0,-7.67,-3.56,-8.41,-10.65,-4.8,22819
5308,87773,191684,31.41,27.78,-21.23,-10.92,-2.92,-3.59,-12.51,-8.71,-13.02,-13.59,-10.16,28.34,-18.51,-7.42,-2.87,-3.59,-10.99,-7.56,-11.36,-10.94,-7.88,29.15,-17.89,-7.08,-2.3,-3.59,-7.93,-4.91,-5.77,-8.9,-6.13,18757
5309,109589,184846,37.22,34.21,-3.15,-8.47,-3.48,0.0,-8.55,-7.17,-6.33,-12.33,-6.0,34.54,-2.94,-7.03,-3.02,0.0,-7.9,-5.01,-4.93,-10.75,-4.95,35.05,-2.39,-4.64,-2.77,0.0,-6.55,-4.74,-4.78,-8.56,-4.57,31807
5310,112651,182485,38.17,33.87,-8.72,-6.21,-2.47,-14.57,-11.85,-6.94,-13.67,-13.01,-6.63,34.48,-5.12,-5.94,-2.47,-14.57,-10.22,-5.22,-12.37,-10.96,-5.59,35.42,-2.57,-4.6,-2.3,-14.57,-7.45,-4.05,-8.29,-8.59,-4.22,30132
5401,195312,165157,54.18,46.65,-17.0,-6.45,-6.84,0.0,-14.22,-6.48,-22.49,-19.77,-12.05,47.92,-16.36,-5.27,-6.25,0.0,-11.82,-6.48,-15.45,-16.32,-9.6,49.3,-10.45,-5.27,-2.15,0.0,-9.26,-6.48,-12.34,-12.5,-7.81,64229
5402,165152,196568,45.66,38.19,-9.79,-10.73,-5.17,0.0,-16.66,-3.0,-16.74,-22.55,-12.69,39.38,-9.49,-4.78,-5.17,0.0,-14.11,-3.0,-14.76,-18.7,-10.25,40.66,-8.2,-2.5,-5.17,0.0,-11.26,-2.85,-11.59,-14.92,-8.92,46847
5501,107860,192304,35.93,29.58,-11.72,-13.96,-6.63,,-19.4,-6.6,-22.48,-23.5,-9.67,30.82,-11.72,-10.9,-6.63,,-15.48,-3.9,-13.81,-19.26,-7.47,31.96,-11.72,0.0,-6.63,,-12.27,-1.68,-13.67,-14.05,-5.46,53900
5502,102896,212735,32.6,26.4,-16.4,-13.73,-17.62,0.0,-19.09,-12.43,-23.33,-21.08,-7.41,26.89,-1.75,-13.73,-17.62,0.0,-17.34,-12.43,-20.14,-18.12,-7.02,28.07,-1.75,-10.02,-16.3,0.0,-13.78,-10.38,-15.42,-13.72,-4.22,34622
5503,112853,187106,37.62,29.62,-19.82,-15.37,-4.78,0.0,-20.98,-10.85,-26.0,-28.15,-15.27,30.56,-17.35,-15.37,-4.78,0.0,-18.54,-8.4,-23.58,-23.65,-13.63,31.75,-17.12,-11.22,-4.61,0.0,-15.43,-7.91,-18.49,-20.05,-11.78,37536
5504,156429,146577,51.63,46.5,-14.58,-7.23,-7.22,,-13.9,-6.9,-12.41,-12.1,-5.08,47.26,-14.58,-6.4,-6.04,,-11.72,-5.39,-10.02,-10.26,-4.47,48.11,-7.66,-6.4,-4.99,,-9.36,-4.45,-8.61,-8.74,-3.81,110134
5505,79817,223525,26.31,21.25,-20.79,-15.53,-0.91,,-20.04,-10.39,-16.83,-25.72,-11.59,22.38,-0.44,-14.03,-0.91,,-15.45,-4.78,-13.92,-20.63,-7.12,23.07,-0.44,-5.28,-0.91,,-12.69,-4.41,-11.67,-16.75,-6.6,29909
5506,105863,201665,34.42,27.37,-11.69,-8.51,-5.44,0.0,-20.97,-13.71,-19.54,-27.94,-16.39,28.6,-3.27,-5.53,-5.44,0.0,-17.41,-10.74,-13.6,-22.22,-12.72,29.61,-3.27,-0.83,-2.73,0.0,-14.46,-10.62,-10.4,-18.8,-11.56,39255
5507,120295,194023,38.27,30.42,-11.51,-7.17,-17.57,0.0,-20.93,-5.26,-32.46,-26.78,-13.75,31.71,-8.77,-6.99,-17.57,0.0,-17.62,-3.35,-28.15,-23.29,-11.65,33.05,-8.29,-3.96,-11.71,0.0,-13.99,-2.8,-20.3,-18.43,-9.33,36583
5508,106036,199995,34.65,28.05,-4.18,-16.44,-11.43,0.0,-19.62,-4.91,-19.82,-26.9,-13.32,29.05,-1.83,-10.41,-11.43,0.0,-16.73,-4.91,-16.47,-22.86,-11.48,29.85,-1.83,0.0,-10.11,0.0,-14.63,-4.91,-13.23,-18.81,-8.83,40621
5600,84623,158136,34.86,26.59,-20.25,-25.14,-17.84,0.0,-24.71,-28.58,-29.13,-31.88,-22.29,27.51,-17.32,-20.54,-17.84,0.0,-22.15,-25.95,-24.47,-27.7,-20.74,29.61,-14.08,-13.93,-17.35,0.0,-15.76,-24.3,-14.73,-19.42,-12.58,19267
7298,934092,231895,80.11,70.57,-12.2,-1.75,-11.15,,-12.31,-11.87,-18.81,-11.79,-9.55,72.33,-11.39,-1.75,-9.12,,-10.07,-9.7,-16.35,-9.58,-7.93,74.3,-10.01,-1.75,-7.27,,-7.48,-7.25,-12.59,-6.82,-5.86,607479
