state,Current Num Eligible,Current Num Ineligible,Current Percentage Eligible,American Indian and Alaska Native Eligible_120,Asian Eligible_120,Black or African American Eligible_120,Native Hawaiian Eligible_120,White Eligible_120,Hispanic or Latino Eligible_120,Veteran Eligible_120,Elderly Eligible_120,DIS Eligible_120,English less than very well Eligible_120,Percentage Eligible_120,difference_percentage_aian_120,difference_percentage_asian_120,difference_percentage_black_120,difference_percentage_nhpi_120,difference_percentage_white_120,difference_percentage_hispanic_120,difference_percentage_veteran_120,difference_percentage_elderly_120,difference_percentage_disability_120,difference_percentage_eng_very_well_120,American Indian and Alaska Native Eligible_135,Asian Eligible_135,Black or African American Eligible_135,Native Hawaiian Eligible_135,White Eligible_135,Hispanic or Latino Eligible_135,Veteran Eligible_135,Elderly Eligible_135,DIS Eligible_135,English less than very well Eligible_135,Percentage Eligible_135,difference_percentage_aian_135,difference_percentage_asian_135,difference_percentage_black_135,difference_percentage_nhpi_135,difference_percentage_white_135,difference_percentage_hispanic_135,difference_percentage_veteran_135,difference_percentage_elderly_135,difference_percentage_disability_135,difference_percentage_eng_very_well_135,American Indian and Alaska Native Eligible_150,Asian Eligible_150,Black or African American Eligible_150,Native Hawaiian Eligible_150,White Eligible_150,Hispanic or Latino Eligible_150,Veteran Eligible_150,Elderly Eligible_150,DIS Eligible_150,English less than very well Eligible_150,Percentage Eligible_150,difference_percentage_aian_150,difference_percentage_asian_150,difference_percentage_black_150,difference_percentage_nhpi_150,difference_percentage_white_150,difference_percentage_hispanic_150,difference_percentage_veteran_150,difference_percentage_elderly_150,difference_percentage_disability_150,difference_percentage_eng_very_well_150,Current Total Subscribers,Current Participation Rate
01,911822,1055721,46.34,25385,11957,296511,895,430023,39693,84391,292886,301156,24886,36.7,-19.49,-25.84,-15.02,-5.89,-23.47,-17.52,-23.23,-24.42,-16.73,-19.2,26101,12398,306061,895,450017,41026,88424,309387,311701,25339,38.24,-17.22,-23.11,-12.28,-5.89,-19.91,-14.75,-19.56,-20.16,-13.81,-17.73,28167,13011,320483,951,475731,43471,91985,328564,323687,26883,40.37,-10.66,-19.31,-8.15,0.0,-15.34,-9.67,-16.32,-15.21,-10.5,-12.71,372070,40.81
02,106704,164595,39.33,30399,9305,7445,606,65155,9935,17261,34029,40408,8795,34.76,-9.56,-6.96,-10.6,0.0,-12.69,-6.81,-19.59,-13.87,-9.61,-3.25,30670,9305,7571,606,65605,10177,17595,34069,40597,8795,34.99,-8.75,-6.96,-9.09,0.0,-12.08,-4.54,-18.03,-13.77,-9.18,-3.25,30960,9450,7725,606,66964,10177,17899,34688,40995,8795,35.59,-7.89,-5.51,-7.24,0.0,-10.26,-4.54,-16.61,-12.2,-8.29,-3.25,19368,18.15
04,1174568,1643126,41.69,98624,50979,89923,2322,755120,416269,118516,406297,378034,209281,34.48,-11.92,-13.92,-13.17,-18.1,-18.42,-13.36,-19.77,-20.16,-12.94,-10.26,100021,52123,91428,2613,779050,425176,123865,420545,385921,212985,35.46,-10.67,-11.99,-11.72,-7.83,-15.84,-11.51,-16.15,-17.36,-11.12,-8.67,103031,53971,94983,2613,809982,436571,128964,440519,398198,218052,36.83,-7.98,-8.87,-8.28,-7.83,-12.5,-9.14,-12.7,-13.43,-8.3,-6.5,434233,36.97
05,600752,582813,50.76,25093,11955,117122,1223,372799,49369,58267,193993,218260,26060,41.4,-15.58,-10.13,-13.81,0.0,-19.58,-12.51,-22.56,-23.5,-14.75,-11.36,25829,12005,119996,1223,385130,50082,59756,205349,223390,26771,42.71,-13.11,-9.75,-11.69,0.0,-16.92,-11.24,-20.59,-19.02,-12.74,-8.94,26810,12039,126360,1223,400018,51569,62392,215068,228678,27083,44.47,-9.81,-9.49,-7.01,0.0,-13.71,-8.61,-17.08,-15.19,-10.68,-7.88,189002,31.46
06,6013704,7415330,44.78,290363,954446,604258,18519,3100654,2614598,407405,2322990,1931982,2131643,40.2,-7.88,-8.89,-7.96,-9.25,-11.63,-8.33,-12.88,-11.95,-7.65,-6.86,293877,967357,609578,18829,3155085,2648089,415996,2371200,1954178,2156282,40.83,-6.77,-7.66,-7.15,-7.73,-10.08,-7.16,-11.05,-10.12,-6.59,-5.78,298736,984272,621832,19515,3232703,2695889,425962,2427606,1987206,2186777,41.73,-5.23,-6.05,-5.28,-4.37,-7.87,-5.48,-8.91,-7.98,-5.01,-4.45,2337832,38.88
08,824852,1488185,35.66,46526,39783,70536,2838,589216,235250,87500,258378,253783,100556,30.11,-9.75,-14.27,-8.91,-11.34,-16.31,-10.49,-16.28,-19.12,-10.84,-9.35,48200,40356,71517,2899,602899,238691,89641,267363,258483,101892,30.81,-6.51,-13.03,-7.64,-9.43,-14.37,-9.18,-14.23,-16.31,-9.19,-8.14,48736,42250,72458,2899,624520,242751,92530,278952,264498,103879,31.82,-5.47,-8.95,-6.42,-9.43,-11.3,-7.64,-11.46,-12.68,-7.08,-6.35,212997,25.82
09,568632,859687,39.81,13696,28821,112477,290,355160,146606,42518,226599,188833,109406,35.5,-9.27,-8.04,-7.75,0.0,-12.17,-7.08,-13.15,-12.59,-6.81,-6.68,13961,28927,113745,290,362508,147665,43670,231127,191669,110117,36.11,-7.51,-7.7,-6.71,0.0,-10.36,-6.41,-10.8,-10.85,-5.42,-6.07,13961,29080,115859,290,370768,150332,44867,235926,194063,111463,36.81,-7.51,-7.21,-4.98,0.0,-8.31,-4.72,-8.35,-8.99,-4.23,-4.92,163245,28.71
10,150742,244926,38.1,6103,5551,47168,0,80192,18186,13955,55193,47171,16363,32.37,-7.91,-12.56,-8.8,0.0,-17.95,-7.28,-20.02,-21.72,-13.16,-5.31,6331,5672,48289,0,82821,18346,14445,57704,48616,16363,33.27,-4.47,-10.65,-6.64,0.0,-15.26,-6.46,-17.22,-18.15,-10.5,-5.31,6389,5851,48710,0,86351,18977,15058,60563,49912,16962,34.42,-3.59,-7.83,-5.82,0.0,-11.65,-3.24,-13.7,-14.1,-8.11,-1.84,44075,29.24
12,3685918,4879423,43.03,72967,119161,723134,3283,2146586,1038656,336501,1424223,1125330,778846,34.89,-17.65,-15.84,-13.97,-3.84,-20.36,-14.36,-21.53,-21.33,-13.71,-13.13,75760,123259,741193,3283,2224657,1065690,350737,1485268,1151299,795278,36.08,-14.49,-12.95,-11.82,-3.84,-17.46,-12.13,-18.21,-17.95,-11.72,-11.3,78051,127353,766509,3370,2324355,1100096,364353,1551844,1185678,819354,37.61,-11.91,-10.06,-8.81,-1.29,-13.76,-9.29,-15.04,-14.28,-9.08,-8.61,1413766,38.36
13,1665435,2335679,41.62,51473,61326,631314,976,706776,165658,161956,538310,518614,141561,34.05,-15.92,-19.27,-13.65,-21.35,-21.16,-16.12,-22.57,-20.6,-13.75,-15.07,53030,63755,646177,976,733388,170846,169936,559961,533224,146199,35.19,-13.38,-16.07,-11.62,-21.35,-18.19,-13.5,-18.76,-17.4,-11.32,-12.29,54226,66575,665763,1044,766125,177602,177530,583086,545943,151590,36.58,-11.42,-12.36,-8.94,-15.87,-14.54,-10.07,-15.12,-13.99,-9.21,-9.05,647133,38.86
15,207027,283055,42.24,10259,113307,11569,56286,94164,32834,30253,96367,67718,44722,37.81,-3.67,-8.9,-10.12,-5.41,-11.02,-4.46,-12.27,-11.55,-7.53,-7.86,10378,115644,11946,57043,96420,32893,31298,98709,68999,45131,38.69,-2.55,-7.02,-7.19,-4.14,-8.89,-4.28,-9.24,-9.4,-5.78,-7.02,10378,116818,11946,57545,99701,33093,32270,100615,69590,46174,39.55,-2.55,-6.08,-7.19,-3.29,-5.79,-3.7,-6.42,-7.65,-4.97,-4.87,48085,23.23
16,287136,406735,41.38,15607,7684,6486,2017,210726,45871,34042,89774,97679,23255,33.29,-8.09,-11.14,-11.72,0.0,-20.07,-12.04,-23.64,-24.32,-14.52,-8.33,15892,8036,6647,2017,217546,46052,35118,94204,100660,23436,34.33,-6.41,-7.07,-9.53,0.0,-17.48,-11.69,-21.23,-20.59,-11.91,-7.61,16314,8263,6647,2017,225830,46812,36145,98933,102813,23723,35.56,-3.92,-4.44,-9.53,0.0,-14.34,-10.23,-18.93,-16.6,-10.03,-6.48,44177,15.39
17,2000692,2990960,40.08,62506,109399,462084,1523,1076468,366792,132465,684196,614900,329190,33.99,-9.51,-12.37,-7.78,0.0,-18.37,-13.21,-20.07,-19.32,-12.09,-11.45,63201,111703,468854,1523,1108898,374597,137126,706789,627188,334677,34.86,-8.51,-10.53,-6.43,0.0,-15.91,-11.36,-17.25,-16.66,-10.33,-9.97,64586,114595,476315,1523,1152501,386067,141959,733791,641229,343930,35.97,-6.5,-8.21,-4.94,0.0,-12.6,-8.65,-14.34,-13.47,-8.32,-7.48,594127,29.7
18,1099146,1581549,41.0,34533,30554,166219,1406,727644,96158,89695,347174,375748,58158,33.36,-14.14,-11.81,-13.22,0.0,-19.43,-12.39,-19.11,-22.52,-13.16,-12.85,34782,30795,168988,1406,749253,98016,91595,360393,381819,59356,34.27,-13.52,-11.11,-11.77,0.0,-17.04,-10.7,-17.4,-19.57,-11.76,-11.05,36282,32114,172452,1406,779242,100961,95148,375955,391473,61507,35.61,-9.8,-7.31,-9.96,0.0,-13.72,-8.01,-14.19,-16.1,-9.53,-7.83,371484,33.8
19,497487,802975,38.25,17604,14199,42539,356,367528,42679,38898,157292,161244,27709,31.47,-11.39,-13.58,-7.52,-51.5,-18.4,-12.32,-23.14,-23.84,-12.83,-11.27,17965,14418,43171,356,377384,43456,40178,164149,165774,28304,32.31,-9.57,-12.25,-6.15,-51.5,-16.21,-10.72,-20.61,-20.52,-10.39,-9.37,18229,15503,43748,356,391106,44596,42307,172635,169416,28761,33.46,-8.24,-5.65,-4.89,-51.5,-13.17,-8.38,-16.41,-16.41,-8.42,-7.91,106302,21.37
20,449522,709501,38.78,23151,15135,50918,607,286552,60674,33961,124931,148089,36326,29.46,-16.65,-22.54,-14.2,-18.19,-25.16,-16.78,-22.88,-28.95,-16.49,-15.93,24055,16359,52157,607,298644,62115,35259,132364,152733,36829,30.67,-13.39,-16.27,-12.11,-18.19,-22.0,-14.8,-19.93,-24.72,-13.87,-14.77,24768,17317,53532,622,318681,64301,36782,141566,157495,38524,32.58,-10.82,-11.37,-9.8,-16.17,-16.76,-11.81,-16.47,-19.49,-11.18,-10.84,115252,25.64
21,873763,911924,48.93,33071,16174,103955,1448,656966,41269,72108,283662,345362,33798,41.61,-15.11,-12.21,-9.9,0.0,-15.36,-12.17,-20.55,-20.83,-11.27,-11.95,34852,16333,105660,1448,675873,42108,76029,297196,354154,33955,42.75,-10.54,-11.34,-8.42,0.0,-12.92,-10.38,-16.23,-17.05,-9.01,-11.54,35776,16660,106501,1448,697945,42797,79704,310890,362965,34728,44.05,-8.17,-9.57,-7.69,0.0,-10.08,-8.92,-12.18,-13.23,-6.75,-9.53,408163,46.71
22,948326,835601,53.16,34429,20173,390564,850,447973,54041,79730,328622,333787,36473,46.43,-7.49,-15.33,-8.5,0.0,-15.0,-9.94,-18.78,-17.16,-10.13,-12.52,34726,21046,396442,850,460402,55044,82114,340221,340148,37326,47.47,-6.69,-11.67,-7.13,0.0,-12.64,-8.27,-16.35,-14.24,-8.41,-10.47,34957,22511,405378,850,473970,55326,84858,352631,346448,37889,48.82,-6.07,-5.52,-5.03,0.0,-10.07,-7.8,-13.56,-11.11,-6.72,-9.12,482740,50.9
23,236145,357485,39.78,9415,4357,6980,160,182297,5228,23530,89001,90913,7989,31.95,-9.1,-7.94,-15.23,0.0,-19.66,-11.24,-19.04,-25.08,-12.86,-7.76,9430,4357,7088,160,188214,5323,24187,93368,93013,8006,32.96,-8.96,-7.94,-13.92,0.0,-17.06,-9.63,-16.78,-21.4,-10.85,-7.56,9639,4357,7122,160,197370,5551,24870,99295,94984,8006,34.54,-6.94,-7.94,-13.5,0.0,-13.02,-5.76,-14.43,-16.42,-8.96,-7.56,88255,37.37
24,857197,1498443,36.39,28328,59910,358901,491,352237,111449,77814,316615,274910,132503,32.47,-3.71,-8.52,-7.31,0.0,-13.69,-7.64,-14.12,-13.98,-8.5,-7.04,28455,61112,362838,491,359573,112694,79208,324135,278573,134440,33.01,-3.28,-6.68,-6.29,0.0,-11.89,-6.61,-12.58,-11.94,-7.28,-5.68,28655,62205,368490,491,368344,114168,81363,332925,282612,135840,33.71,-2.6,-5.01,-4.83,0.0,-9.74,-5.39,-10.2,-9.55,-5.94,-4.7,242561,28.3
25,1116919,1642044,40.48,23477,82368,170062,759,762822,227435,74515,449092,388681,259885,36.79,-5.35,-7.87,-3.55,0.0,-10.13,-3.72,-10.56,-12.95,-7.35,-4.81,23518,83044,170670,759,775113,228164,75704,459135,392040,260575,37.26,-5.19,-7.12,-3.21,0.0,-8.68,-3.41,-9.13,-11.01,-6.54,-4.56,24033,84462,172412,759,789233,229992,77483,470618,397927,262966,37.91,-3.11,-5.53,-2.22,0.0,-7.01,-2.63,-7.0,-8.78,-5.14,-3.68,324612,29.06
26,1729801,2321999,42.69,55099,53541,391926,2096,1078698,114276,133764,583977,585975,110676,35.98,-10.66,-12.32,-7.95,-13.53,-18.06,-14.04,-19.11,-20.65,-11.95,-9.7,56183,54384,394647,2096,1111099,116497,138032,608607,599043,112794,36.86,-8.9,-10.94,-7.31,-13.53,-15.6,-12.37,-16.53,-17.3,-9.99,-7.97,58090,55201,401159,2189,1149140,120249,143174,633016,612302,114247,37.96,-5.81,-9.6,-5.79,-9.69,-12.71,-9.55,-13.42,-13.99,-8.0,-6.79,722653,41.78
27,802896,1478112,35.2,37377,51867,109645,98,542355,65123,63944,270423,259207,83334,29.7,-9.94,-12.58,-6.04,0.0,-17.0,-11.87,-17.99,-19.82,-12.36,-8.32,37866,53390,109711,98,557993,66441,66348,280512,264909,84353,30.44,-8.76,-10.01,-5.98,0.0,-14.61,-10.08,-14.91,-16.83,-10.44,-7.2,38904,54628,110973,98,577641,68961,68147,290516,270683,86413,31.41,-6.26,-7.93,-4.9,0.0,-11.6,-6.67,-12.6,-13.86,-8.48,-4.94,218464,27.21
28,576706,552902,51.05,15766,7067,242687,649,231321,16272,43641,198989,221136,10343,41.45,-16.24,-16.19,-14.17,0.0,-22.43,-27.82,-26.65,-22.29,-13.66,-30.37,16165,7264,250868,649,244220,17686,45711,210934,228417,11202,43.33,-14.12,-13.85,-11.27,0.0,-18.1,-21.55,-23.17,-17.63,-10.81,-24.59,16975,7660,259341,649,258214,19059,48087,221872,235097,12434,45.32,-9.81,-9.16,-8.28,0.0,-13.41,-15.45,-19.18,-13.36,-8.21,-16.3,221869,38.47
29,965580,1503128,39.11,34624,24407,161809,974,594279,49690,82219,305508,327035,32372,30.28,-17.0,-16.17,-16.67,-15.08,-23.79,-21.4,-26.17,-25.63,-16.78,-16.16,35139,25144,166996,974,621448,51527,86212,322875,337833,33492,31.56,-15.76,-13.64,-14.0,-15.08,-20.31,-18.49,-22.59,-21.4,-14.04,-13.26,36258,26352,173170,1131,660214,53673,92174,345720,352505,34230,33.39,-13.08,-9.49,-10.82,-1.39,-15.34,-15.1,-17.23,-15.84,-10.3,-11.35,341994,35.42
30,182814,266128,40.72,23493,3305,2784,99,132391,10163,24100,60783,57061,1873,32.7,-5.63,-22.18,-0.85,0.0,-20.96,-19.37,-17.87,-24.05,-15.09,-4.68,23703,3305,2784,99,136368,10163,24646,63411,58388,1873,33.63,-4.79,-22.18,-0.85,0.0,-18.58,-19.37,-16.01,-20.77,-13.11,-4.68,24031,3483,2784,99,142425,10476,25420,66055,60764,1873,35.0,-3.47,-17.99,-0.85,0.0,-14.97,-16.88,-13.37,-17.47,-9.57,-4.68,48981,26.79
31,281387,504595,35.8,10977,10736,28129,553,182285,35233,21119,85080,88986,26607,27.67,-9.37,-15.26,-11.0,0.0,-24.57,-16.95,-23.63,-25.35,-17.17,-10.91,11188,10975,28645,553,191030,36370,21336,90128,92060,27022,28.91,-7.63,-13.37,-9.37,0.0,-20.95,-14.27,-22.84,-20.92,-14.31,-9.52,11549,11666,29021,553,200272,37691,22279,94633,95210,28199,30.16,-4.65,-7.92,-8.18,0.0,-17.13,-11.16,-19.43,-16.97,-11.38,-5.58,85310,30.32
32,531329,660048,44.6,24525,57068,87357,3733,282478,149342,55289,182217,156727,96646,36.86,-15.4,-16.87,-13.0,-17.94,-18.81,-15.11,-19.29,-18.7,-11.83,-13.63,25551,58591,88703,3933,291271,153915,57015,188070,159081,99720,37.9,-11.86,-14.66,-11.66,-13.54,-16.28,-12.51,-16.77,-16.09,-10.5,-10.88,26509,61510,91431,4402,302450,157639,59639,195509,164462,102166,39.31,-8.55,-10.4,-8.95,-3.23,-13.07,-10.39,-12.94,-12.77,-7.48,-8.7,227153,42.75
33,169755,378270,30.98,5456,5874,6105,31,132712,11895,19682,65034,57247,8898,25.48,-5.82,-15.13,-11.89,0.0,-18.15,-3.7,-19.02,-23.39,-14.98,-5.25,5492,6040,6292,31,136509,12081,20143,68035,58253,8898,26.2,-5.2,-12.73,-9.19,0.0,-15.8,-2.19,-17.12,-19.85,-13.49,-5.25,5492,6144,6668,31,140832,12081,20723,71020,59946,9077,27.01,-5.2,-11.23,-3.77,0.0,-13.14,-2.19,-14.74,-16.34,-10.97,-3.34,35004,20.62
34,1268437,2229507,36.26,28487,97070,268669,867,635244,367638,70467,491576,386701,336119,31.2,-13.89,-11.91,-9.58,0.0,-16.46,-9.5,-17.32,-17.22,-11.57,-9.64,29131,98258,273430,867,651691,371695,72093,508523,393050,338931,31.87,-11.95,-10.83,-7.98,0.0,-14.29,-8.5,-15.42,-14.36,-10.11,-8.88,29880,100345,278405,867,673209,379305,74429,524342,401441,346213,32.73,-9.68,-8.94,-6.3,0.0,-11.46,-6.63,-12.68,-11.7,-8.2,-6.93,276797,21.82
35,442228,391774,53.02,66707,12478,19754,600,277191,232830,44640,153885,157168,68477,46.53,-7.12,-12.91,-13.92,0.0,-13.05,-9.56,-21.75,-16.13,-9.79,-8.66,67833,12583,20236,600,281700,236772,46232,158501,158912,69309,47.41,-5.55,-12.18,-11.82,0.0,-11.64,-8.03,-18.96,-13.61,-8.79,-7.55,69067,12760,20603,600,288659,241344,48008,163215,161931,70812,48.49,-3.84,-10.94,-10.22,0.0,-9.46,-6.25,-15.84,-11.04,-7.05,-5.54,168010,37.99
36,3448259,4204186,45.06,106156,350314,775798,3604,1759645,857957,185791,1406558,1126047,900583,40.51,-6.4,-6.96,-6.56,-9.83,-12.73,-6.12,-13.6,-12.51,-7.37,-5.64,106922,354503,784909,3604,1790949,864958,189676,1437634,1139914,907851,41.12,-5.73,-5.84,-5.46,-9.83,-11.18,-5.36,-11.79,-10.58,-6.23,-4.88,108271,361861,794706,3604,1835020,877101,193952,1469914,1155684,917491,41.95,-4.54,-3.89,-4.28,-9.83,-8.99,-4.03,-9.8,-8.57,-4.94,-3.87,1460175,42.35
37,1753491,2426154,41.95,79775,50173,499983,1385,880363,191866,159838,571699,545456,141830,34.12,-16.84,-15.22,-13.14,-9.6,-21.28,-12.51,-22.2,-23.68,-15.25,-12.59,82073,51522,511740,1385,913902,196434,165364,601029,562710,145638,35.26,-14.44,-12.94,-11.1,-9.6,-18.28,-10.42,-19.52,-19.77,-12.57,-10.24,84622,52958,528237,1385,955108,202142,173574,630087,578385,149058,36.7,-11.78,-10.51,-8.23,-9.6,-14.6,-7.82,-15.52,-15.89,-10.13,-8.13,816423,46.56
38,109296,213207,33.89,7815,1834,6701,60,63383,4186,6278,27674,27216,3827,22.59,-30.41,-20.36,-34.41,0.0,-33.65,-52.0,-46.73,-31.9,-27.35,-48.12,9273,2080,6752,60,68647,4767,6695,30671,29493,3861,24.22,-17.43,-9.68,-33.91,0.0,-28.14,-45.34,-43.19,-24.52,-21.27,-47.66,9337,2080,7320,60,74451,6155,9025,33164,30603,4434,26.47,-16.86,-9.68,-28.35,0.0,-22.07,-29.42,-23.42,-18.39,-18.31,-39.89,14487,13.25
39,2004934,2828008,41.48,63063,55728,437846,1382,1261903,117257,166525,660021,693512,96269,34.2,-10.57,-13.46,-9.75,-8.72,-19.4,-10.85,-20.48,-22.36,-12.96,-11.91,64051,57635,443163,1382,1301611,118251,170709,686407,706970,98667,35.16,-9.17,-10.5,-8.65,-8.72,-16.87,-10.09,-18.49,-19.26,-11.27,-9.71,65215,59730,453187,1514,1358793,122090,179188,721842,727657,101152,36.56,-7.52,-7.25,-6.59,0.0,-13.22,-7.17,-14.44,-15.09,-8.67,-7.44,1018671,50.81
40,725560,822408,46.87,136335,22072,95612,1726,456354,93675,71298,210224,258297,47543,37.64,-15.28,-13.79,-13.28,-16.38,-20.61,-13.57,-22.72,-23.97,-16.42,-14.7,140901,22517,96921,1726,471868,94940,73434,220650,264880,48583,38.86,-12.45,-12.06,-12.09,-16.38,-17.91,-12.4,-20.4,-20.2,-14.29,-12.84,144984,23027,101514,2037,493372,97466,76774,232388,275061,49719,40.58,-9.91,-10.06,-7.93,-1.31,-14.17,-10.07,-16.78,-15.96,-11.0,-10.8,302409,41.68
41,745083,957500,43.76,56462,50017,35340,3056,578342,125794,82003,253159,263489,76709,38.45,-6.16,-9.27,-7.25,-16.84,-12.69,-8.12,-11.26,-17.37,-9.72,-8.04,56631,50356,35696,3056,591221,126519,84046,261734,267571,77535,39.22,-5.88,-8.65,-6.31,-16.84,-10.75,-7.59,-9.05,-14.57,-8.32,-7.05,57932,52153,35955,3160,604340,128236,85687,269175,272651,78275,40.07,-3.72,-5.39,-5.63,-14.01,-8.77,-6.33,-7.28,-12.14,-6.58,-6.16,189914,25.49
42,2115720,3113235,40.46,46736,87632,391484,2181,1307881,245577,175292,761397,749035,203150,33.74,-9.52,-11.49,-9.9,-7.58,-18.69,-7.41,-19.25,-21.79,-13.1,-8.29,47460,88999,398588,2181,1351550,247233,179365,793519,765438,205835,34.71,-8.12,-10.1,-8.27,-7.58,-15.97,-6.79,-17.38,-18.49,-11.2,-7.08,47764,90918,404903,2287,1405962,252690,186187,828012,783834,209891,35.94,-7.53,-8.17,-6.81,-3.09,-12.59,-4.73,-14.23,-14.94,-9.07,-5.25,662103,31.29
44,190041,250140,43.17,5998,6132,22489,247,131838,48257,13995,75465,68806,35261,38.47,-4.55,-16.42,-4.76,0.0,-12.2,-6.47,-16.75,-14.54,-8.58,-8.95,6034,6220,22627,247,135148,48377,15105,77979,70163,35505,39.3,-3.98,-15.22,-4.18,0.0,-9.99,-6.24,-10.15,-11.69,-6.78,-8.32,6158,6525,22798,247,138159,50039,15584,80224,71655,36962,40.15,-2.01,-11.07,-3.46,0.0,-7.99,-3.01,-7.3,-9.15,-4.8,-4.56,71095,37.41
45,890673,1159173,43.45,25707,17292,300206,634,423258,59105,90324,292157,280496,41019,34.98,-17.6,-19.84,-13.03,-19.75,-23.16,-13.47,-23.22,-24.98,-16.13,-14.42,26059,17678,306814,634,440935,59793,93958,307359,288993,41670,36.17,-16.47,-18.05,-11.11,-19.75,-19.95,-12.47,-20.13,-21.08,-13.59,-13.06,27654,18733,315103,634,464813,61270,98003,324115,298375,42985,37.75,-11.36,-13.16,-8.71,-19.75,-15.61,-10.3,-16.7,-16.78,-10.78,-10.31,366590,41.16
46,121432,235454,34.03,19343,1908,6372,377,74553,7413,12357,34779,38884,2570,25.16,-6.97,-40.13,-18.01,-16.04,-27.96,-24.34,-26.53,-28.35,-14.91,-19.71,19851,2293,6401,377,78502,7810,12752,37375,40511,2924,26.38,-4.53,-28.05,-17.64,-16.04,-24.15,-20.29,-24.19,-23.0,-11.35,-8.65,19972,2637,6498,430,82986,7863,13263,39605,41715,2924,27.67,-3.95,-17.26,-16.39,-4.23,-19.81,-19.75,-21.15,-18.41,-8.72,-8.65,20815,17.14
47,1200938,1569465,43.35,34322,24163,256154,510,710775,70141,103330,388289,408650,57587,34.53,-20.67,-17.15,-15.69,-46.43,-21.62,-19.06,-20.83,-24.42,-15.34,-16.54,36481,24757,264601,597,739507,72089,107175,409939,420432,59129,35.83,-15.68,-15.11,-12.91,-37.29,-18.45,-16.81,-17.88,-20.21,-12.9,-14.31,37521,25263,272260,597,776214,74124,111153,434996,435015,60791,37.43,-13.28,-13.38,-10.39,-37.29,-14.4,-14.46,-14.84,-15.33,-9.88,-11.9,394805,32.87
48,4536368,6259834,42.02,135952,194394,753856,4845,2511826,1845988,363881,1316372,1366272,1059092,34.0,-18.64,-18.1,-14.9,-27.44,-19.61,-16.92,-20.95,-21.76,-14.63,-16.09,140686,200326,772249,5457,2597648,1897752,375154,1375069,1401001,1087990,35.14,-15.8,-15.6,-12.82,-18.27,-16.86,-14.59,-18.5,-18.27,-12.46,-13.8,147391,209046,799311,5923,2723495,1976988,395646,1443151,1447807,1133216,36.78,-11.79,-11.93,-9.77,-11.29,-12.83,-11.03,-14.05,-14.22,-9.54,-10.22,1519458,33.5
49,361325,740176,32.8,15596,15657,10903,1174,238300,59833,28171,95862,106308,35489,24.6,-19.75,-25.41,-24.7,-25.65,-25.24,-22.62,-21.63,-22.18,-19.22,-21.35,16418,16293,11408,1174,248630,62511,28766,100646,109876,36794,25.72,-15.52,-22.38,-21.21,-25.65,-22.0,-19.16,-19.97,-18.29,-16.5,-18.46,17371,17058,11826,1339,261774,66780,29464,104713,114309,38835,27.04,-10.62,-18.74,-18.32,-15.2,-17.87,-13.64,-18.03,-14.99,-13.14,-13.94,60487,16.74
50,116455,153701,43.11,5035,3640,3798,38,98936,3937,7373,41595,40343,3949,37.61,-1.64,-17.59,-4.4,0.0,-12.83,-4.23,-19.63,-18.77,-10.13,-3.75,5035,3640,3798,38,101099,3937,7619,43221,41490,4017,38.46,-1.64,-17.59,-4.4,0.0,-10.93,-4.23,-16.95,-15.59,-7.57,-2.1,5035,3833,3973,38,102762,4111,7826,44452,41806,4055,39.08,-1.64,-13.22,0.0,0.0,-9.46,0.0,-14.69,-13.19,-6.87,-1.17,21864,18.77
51,1142640,2188816,34.3,33572,72355,329691,1962,593442,117748,149297,396392,373157,115418,28.51,-9.3,-15.16,-11.99,-19.62,-18.95,-13.83,-17.76,-20.32,-12.89,-13.5,33696,73778,333739,2298,610704,121073,154292,409507,380263,118300,29.23,-8.97,-13.5,-10.91,-5.86,-16.59,-11.4,-15.01,-17.68,-11.23,-11.34,34208,77414,343396,2298,635109,125882,160312,427870,390312,122377,30.35,-7.58,-9.23,-8.34,-5.86,-13.26,-7.88,-11.69,-13.99,-8.89,-8.28,392377,34.34
53,1139413,1882850,37.7,78213,125134,102616,6506,804978,208049,137891,383479,399057,173360,33.24,-8.31,-9.31,-4.8,-7.65,-12.63,-7.48,-13.36,-16.25,-9.09,-7.28,79364,127300,102844,6551,819027,210121,140554,393539,405310,175430,33.81,-6.96,-7.74,-4.59,-7.01,-11.11,-6.56,-11.69,-14.05,-7.66,-6.17,80794,130727,103831,6551,842215,212863,144695,405668,411118,177255,34.69,-5.28,-5.26,-3.67,-7.01,-8.59,-5.34,-9.09,-11.4,-6.34,-5.19,296973,26.06
54,360464,361725,49.91,12045,4968,25495,651,292615,9748,33764,128126,142900,3994,42.42,-13.31,-9.26,-6.23,0.0,-15.35,-4.45,-19.97,-20.97,-12.33,-3.99,12109,5204,25597,651,301147,9748,35799,133991,146888,3994,43.64,-12.85,-4.95,-5.86,0.0,-12.88,-4.45,-15.15,-17.35,-9.88,-3.99,12602,5286,26307,651,310464,9757,37120,140152,149484,4003,44.97,-9.3,-3.45,-3.24,0.0,-10.19,-4.36,-12.01,-13.55,-8.29,-3.77,111076,30.81
55,892049,1557930,36.41,31105,31372,117601,984,600432,95369,66115,287771,281956,57982,29.88,-12.12,-11.92,-8.3,0.0,-19.61,-8.15,-22.22,-24.02,-11.4,-9.39,32590,31901,118517,984,623389,97349,69625,302749,288316,58790,30.88,-7.93,-10.43,-7.58,0.0,-16.53,-6.24,-18.09,-20.06,-9.41,-8.13,32987,33525,119855,984,645782,98429,72813,317304,293759,60796,31.91,-6.81,-5.87,-6.54,0.0,-13.53,-5.2,-14.34,-16.22,-7.7,-4.99,382561,42.89
56,84623,158136,34.86,4895,1757,2823,355,59636,9280,7541,21334,26284,1527,26.59,-20.25,-25.14,-17.84,0.0,-24.71,-28.58,-29.13,-31.88,-22.29,-33.67,5075,1865,2823,355,61663,9622,8036,22642,26807,1717,27.51,-17.32,-20.54,-17.84,0.0,-22.15,-25.95,-24.47,-27.7,-20.74,-25.41,5274,2020,2840,355,66725,9837,9073,25237,29566,1788,29.61,-14.08,-13.93,-17.35,0.0,-15.76,-24.3,-14.73,-19.42,-12.58,-22.33,19267,22.77
72,934092,231895,80.11,19789,3541,133836,0,516007,819345,28552,448378,366087,739666,70.57,-12.2,-1.75,-11.15,0.0,-12.31,-11.87,-18.81,-11.79,-9.55,-11.16,19970,3541,136888,0,529180,839489,29418,459578,372650,756818,72.33,-11.39,-1.75,-9.12,0.0,-10.07,-9.7,-16.35,-9.58,-7.93,-9.1,20283,3541,139689,0,544436,862284,30738,473598,381046,775615,74.3,-10.01,-1.75,-7.27,0.0,-7.48,-7.25,-12.59,-6.82,-5.86,-6.84,607479,65.03
