cd118,Current Num Eligible,Current Num Ineligible,Current Percentage Eligible,American Indian and Alaska Native Eligible,Asian Eligible,Black or African American Eligible,Native Hawaiian Eligible,White Eligible,Hispanic or Latino Eligible,Veteran Eligible,Elderly Eligible,DIS Eligible,English less than very well Eligible,Percentage Eligible,difference_percentage_aian,difference_percentage_asian,difference_percentage_black,difference_percentage_nhpi,difference_percentage_white,difference_percentage_hispanic,difference_percentage_veteran,difference_percentage_elderly,difference_percentage_disability,difference_percentage_eng_very_well,Democratic
0101,134249,149361,47.34,2576,1863,51067,0,60997,4550,14526,46329,38648,3046,39.78,-24.48,-21.43,-11.6,0.0,-18.17,-16.82,-14.72,-17.04,-13.38,-27.92,0.0
0102,141072,138555,50.45,2066,1388,60586,85,61716,5504,16333,48862,49163,2838,42.57,-27.71,-22.72,-11.36,-21.3,-18.06,-16.08,-18.24,-18.08,-11.66,-25.14,0.0
0103,145330,130721,52.65,4969,1965,38279,71,82761,6398,12823,46707,50753,2345,43.2,-10.36,-9.32,-15.76,-31.73,-17.98,-15.57,-21.55,-22.87,-14.6,-17.28,0.0
0104,132117,142307,48.14,5371,926,18333,24,86047,7717,11328,46350,51091,5159,38.36,-11.37,-10.18,-13.32,0.0,-21.49,-12.82,-25.66,-23.59,-16.33,-6.93,0.0
0105,107159,184159,36.78,5323,2229,22289,172,62532,8282,11046,35618,34956,5567,29.51,-19.88,-38.46,-11.75,0.0,-22.49,-5.41,-17.46,-23.43,-12.21,-4.64,0.0
0106,107433,172436,38.39,3019,2225,34085,306,53415,4440,10530,36257,37293,3037,31.49,-16.12,-12.26,-13.03,0.0,-20.55,-26.88,-14.63,-18.3,-14.24,-25.31,0.0
0107,144463,138184,51.11,2777,1803,81422,237,42552,4134,11840,49264,49797,3347,43.14,-18.61,-30.71,-11.27,0.0,-20.67,-14.62,-24.17,-17.76,-13.54,-25.62,1.0
0200,106704,164595,39.33,30670,9305,7571,606,65605,10177,17595,34069,40597,8795,34.99,-8.75,-6.96,-9.09,0.0,-12.08,-4.54,-18.03,-13.77,-9.18,-3.25,0.0
0401,106604,248191,30.05,6052,5515,8702,622,72062,23919,9219,39157,29198,13266,24.89,-9.24,-9.07,-9.12,0.0,-18.13,-14.36,-13.91,-19.24,-14.11,-8.55,1.0
0402,158257,157258,50.16,42125,3644,6557,315,93271,37489,19466,66934,56354,20152,43.09,-8.74,-12.36,-12.99,-8.7,-16.41,-9.86,-15.53,-15.61,-10.22,-10.02,1.0
0403,150778,116192,56.48,7613,5122,19275,138,88858,89385,7973,42257,48553,55351,50.38,-10.06,-13.94,-9.4,0.0,-10.94,-9.62,-9.38,-9.82,-5.86,-7.16,1.0
0404,124973,196911,38.83,7564,10003,12388,293,81930,41589,9907,36372,34511,19435,32.92,-11.73,-10.65,-12.51,0.0,-16.23,-12.51,-12.07,-18.36,-12.44,-7.66,0.0
0405,81751,213065,27.73,2247,4311,6384,230,59991,19442,10736,30808,26205,8855,23.01,-22.54,-12.41,-7.44,0.0,-17.61,-12.59,-14.17,-21.66,-13.92,-10.01,0.0
0406,134774,194671,40.91,9629,6119,9868,298,94763,48319,17041,49158,46645,17063,34.54,-9.22,-12.71,-13.63,-4.49,-16.26,-11.73,-17.28,-18.4,-11.17,-10.61,0.0
0407,158383,145314,52.15,11617,5185,8618,223,106434,82767,18087,54795,54231,37871,45.12,-13.82,-13.37,-13.05,-3.88,-14.26,-11.21,-16.92,-15.53,-10.25,-10.02,1.0
0408,120113,192078,38.47,5459,7873,11191,271,84253,36287,12325,43213,39226,20054,32.68,-13.47,-13.07,-16.6,0.0,-14.68,-9.98,-13.69,-18.79,-10.52,-6.67,0.0
0409,138933,179443,43.64,7715,4353,8446,221,97485,45976,19111,57849,50998,20938,35.74,-12.44,-10.8,-9.81,-43.48,-18.5,-14.88,-22.76,-19.65,-13.94,-9.48,1.0
0501,163532,127322,56.22,7135,1853,34038,109,109835,7492,15186,58045,69213,2821,48.31,-15.45,-1.33,-6.46,0.0,-15.65,-16.22,-17.75,-18.64,-11.59,-0.98,0.0
0502,144774,163704,46.93,5047,2720,39260,127,81699,10284,15033,48825,48649,4219,38.83,-5.54,-13.76,-17.28,0.0,-17.35,-8.1,-19.81,-18.19,-13.75,-12.56,0.0
0503,129600,160522,44.67,8169,5286,7912,923,95153,21857,12794,37606,40584,12495,37.08,-13.79,-7.89,-7.28,0.0,-17.9,-12.44,-29.33,-21.28,-14.78,-10.65,0.0
0504,162847,131266,55.37,5478,2146,38786,64,98442,10449,16742,60874,64944,7236,46.81,-15.29,-15.21,-10.85,0.0,-16.99,-7.79,-16.0,-18.61,-11.87,-6.52,0.0
0601,145402,136268,51.62,13577,11706,6548,495,109254,38097,14953,57000,60080,18229,46.73,-8.5,-4.7,-4.96,-5.53,-10.46,-5.09,-13.88,-12.85,-7.36,-5.56,0.0
0602,120186,181507,39.84,10574,7039,6002,418,88601,28772,8188,47235,42959,17092,35.7,-5.53,-13.6,-12.33,0.0,-10.15,-8.51,-7.07,-13.29,-7.58,-8.04,1.0
0603,100194,196460,33.77,5895,10257,4490,368,75600,20051,11050,42861,32009,9819,29.52,-7.56,-12.14,-1.25,-0.54,-13.05,-9.31,-9.18,-14.19,-10.29,-6.19,1.0
0604,113525,168912,40.19,8188,13676,7056,762,76241,40102,9092,44344,40619,29353,36.4,-4.61,-8.63,-3.84,-10.35,-9.99,-7.66,-13.57,-9.85,-7.62,-5.73,0.0
0605,123716,155932,44.24,8269,9141,6829,283,85035,43172,11912,48518,43364,26222,39.66,-4.98,-6.84,-3.67,0.0,-11.11,-5.99,-8.1,-11.53,-9.95,-5.04,1.0
0606,131351,149200,46.82,9116,19086,22958,553,77091,35833,11803,44280,44833,31875,42.96,-5.86,-9.6,-5.5,-4.49,-9.98,-6.68,-9.62,-10.49,-7.23,-4.36,1.0
0607,121049,143409,45.77,7150,31903,20381,456,55674,35943,11456,49143,46874,37804,41.87,-4.81,-6.32,-6.77,-17.24,-10.15,-5.99,-11.48,-10.46,-6.42,-5.07,1.0
0608,120398,138854,46.44,6909,25912,29855,593,47919,42213,10194,50621,47417,40012,43.02,-3.8,-5.56,-6.04,-29.74,-9.11,-7.33,-9.86,-7.77,-4.85,-6.74,0.0
0609,120365,117210,50.66,11544,23853,14459,701,61405,57300,7906,43700,44417,42122,47.22,-7.15,-3.9,-5.14,0.0,-8.89,-6.12,-13.51,-10.48,-5.22,-3.9,1.0
0610,78483,195243,28.67,3858,18364,7322,507,45154,23419,6348,32941,27370,22649,25.98,-2.25,-4.5,-9.13,0.0,-10.5,-7.56,-10.3,-11.81,-6.95,-5.55,1.0
0611,107594,209705,33.91,3959,42842,10328,478,46946,20754,4972,48872,40091,38401,30.98,-2.08,-8.1,-4.07,0.0,-10.0,-8.58,-5.65,-9.38,-5.37,-4.06,1.0
0612,114911,172105,40.04,4617,31589,29864,753,41505,27532,5357,40758,34925,34669,36.52,-11.62,-8.07,-6.81,0.0,-8.32,-9.73,-6.12,-10.58,-6.41,-7.26,1.0
0613,133063,92641,58.95,6243,9551,6584,388,69287,82735,7783,48790,46297,52683,54.42,-10.43,-3.55,-5.71,0.0,-9.12,-6.37,-6.2,-8.15,-6.27,-6.91,1.0
0614,81379,166607,32.82,2721,30141,9172,499,29516,25590,5346,36116,25848,36166,30.31,-10.99,-5.98,-6.08,0.0,-7.77,-5.59,-6.21,-8.51,-5.77,-4.97,1.0
0615,82103,176606,31.74,3440,31891,5344,704,31097,24572,4579,38420,24829,36617,29.1,-5.93,-6.82,-1.09,0.0,-11.56,-7.83,-9.42,-9.97,-5.95,-3.54,1.0
0616,73589,187588,28.18,3260,24491,4175,229,34663,22091,4278,30937,21516,32183,25.43,-12.18,-6.11,-6.01,0.0,-11.63,-8.23,-17.14,-12.45,-7.0,-4.74,1.0
0617,77001,185069,29.38,3202,35559,4574,139,29135,20199,4077,36468,24899,35828,26.99,-0.74,-6.83,-4.41,0.0,-10.1,-7.7,-6.15,-7.16,-3.37,-3.19,1.0
0618,100815,122093,45.23,4447,16416,4315,125,42385,60508,4781,38922,30248,51248,41.81,-5.66,-4.92,-3.29,0.0,-9.85,-7.08,-12.95,-10.01,-6.63,-4.56,1.0
0619,96516,168127,36.47,3835,17631,5149,452,59346,38587,7616,41016,29874,29212,32.86,-13.49,-9.0,-12.99,0.0,-11.08,-5.23,-16.54,-13.81,-8.64,-5.55,1.0
0620,126492,118376,51.66,9441,9484,9546,393,81459,62929,11348,42488,41908,32938,46.22,-3.58,-7.27,-10.76,0.0,-11.74,-9.11,-17.31,-12.86,-8.12,-9.62,1.0
0621,149622,85829,63.55,8049,15179,13565,329,86399,96059,8219,50766,53033,54772,59.28,-3.13,-5.08,-4.0,0.0,-7.66,-5.25,-9.15,-8.85,-5.4,-4.49,0.0
0622,146740,83328,63.78,5739,7130,11485,392,91108,95915,9631,46439,43809,59412,58.69,-1.96,-5.2,-9.3,0.0,-8.86,-6.96,-10.87,-11.4,-6.56,-6.39,0.0
0623,136818,110705,55.27,8670,8077,18574,538,92004,66372,16933,49501,56017,30652,50.49,-5.41,-4.8,-4.88,0.0,-8.9,-7.91,-13.29,-9.22,-6.59,-5.83,0.0
0624,114401,157061,42.14,6142,10601,4307,895,80776,54824,9319,42371,37670,30470,37.75,-6.09,-14.09,-9.33,0.0,-11.11,-3.96,-12.79,-14.76,-8.44,-3.61,1.0
0625,145579,109214,57.14,5806,6727,10225,265,78433,90929,10443,62847,49407,56613,52.56,-8.95,-8.28,-7.97,0.0,-9.44,-6.24,-15.63,-10.31,-6.24,-4.04,0.0
0626,94083,155783,37.65,6030,10103,4526,206,65382,44542,8034,41016,30081,31465,33.49,-8.21,-10.04,-5.29,0.0,-11.68,-9.96,-3.58,-14.01,-9.7,-9.07,1.0
0627,108578,120069,47.49,4453,10279,16321,107,58833,52345,7267,40410,37000,31859,43.11,-10.02,-4.5,-7.63,0.0,-11.07,-9.34,-9.12,-10.76,-5.83,-9.3,1.0
0628,113872,149206,43.28,3251,45598,8265,254,38628,36463,5611,53009,31596,51100,38.89,-16.19,-10.49,-14.11,-2.68,-13.02,-9.42,-8.23,-8.75,-6.99,-7.55,1.0
0629,144945,103066,58.44,5302,14847,10457,123,75949,79638,5157,55542,46790,76741,54.24,-6.21,-6.02,-2.75,0.0,-7.77,-5.63,-13.78,-8.53,-3.46,-4.62,1.0
0630,149327,161220,48.09,5254,20507,11170,201,89295,45464,4914,61817,45513,68427,44.18,-6.7,-9.08,-15.32,-14.1,-7.31,-7.05,-9.03,-5.79,-4.91,-5.56,1.0
0631,113946,99359,53.42,6911,27308,5369,247,43539,64675,6242,52987,41597,60304,49.1,-8.52,-5.23,-5.26,-6.44,-8.54,-8.59,-8.68,-8.69,-6.41,-5.55,1.0
0632,117697,168544,41.12,4555,17039,10521,265,68960,39466,5153,46451,33455,41507,37.37,-8.48,-5.14,-7.6,0.0,-10.47,-5.6,-10.35,-9.95,-5.69,-4.37,1.0
0633,126616,99497,56.0,6911,8084,19312,421,52093,79580,9222,47732,40047,45337,51.75,-4.19,-10.36,-6.38,0.0,-8.7,-6.38,-6.48,-7.16,-5.54,-5.29,1.0
0634,164587,110011,59.94,7733,32881,13357,615,54879,92680,4884,64273,46462,86517,55.58,-9.32,-8.34,-13.28,-2.23,-6.94,-5.91,-7.17,-6.09,-4.23,-6.36,1.0
0635,114610,109194,51.21,6606,15546,12397,344,49563,73951,6993,42312,32574,48729,47.28,-2.92,-8.9,-3.94,-0.29,-8.91,-6.96,-9.24,-9.24,-6.86,-6.16,1.0
0636,93314,221084,29.68,3490,16848,8159,319,60207,19972,4310,35861,21436,18819,26.07,-4.77,-10.56,-11.48,0.0,-11.65,-11.91,-9.76,-12.22,-9.23,-8.31,1.0
0637,159791,91648,63.55,4690,13929,47210,276,45095,83200,4830,61648,54484,73866,59.25,-8.63,-5.55,-6.47,-22.03,-6.92,-5.78,-7.4,-5.86,-5.59,-5.42,1.0
0638,103812,121378,46.1,5732,23446,2789,473,38819,60844,5579,49343,32394,49541,42.12,-4.77,-7.75,-5.26,0.0,-8.72,-8.56,-8.21,-9.32,-6.82,-6.05,1.0
0639,104206,103930,50.07,4884,9429,13873,34,37640,59132,6997,36859,33279,39461,44.16,-11.47,-14.09,-8.49,-91.21,-13.75,-11.45,-12.94,-12.07,-8.1,-7.96,0.0
0640,85707,180031,32.25,2606,17602,3209,138,50420,29800,5583,35132,23446,26625,29.21,-9.01,-8.3,-8.76,-24.59,-10.93,-8.54,-9.75,-10.42,-8.91,-5.86,1.0
0641,117278,136995,46.12,3911,9210,10171,87,69175,54687,10635,47629,37944,31533,41.6,-7.17,-9.64,-7.73,0.0,-11.01,-7.63,-13.64,-12.55,-8.47,-7.42,1.0
0642,136120,108906,55.55,6706,12556,12805,89,64221,89873,4732,51661,43990,68871,51.59,-6.6,-9.02,-4.15,-22.61,-7.53,-6.22,-5.57,-8.45,-4.72,-5.66,0.0
0643,143368,94669,60.23,5499,11829,44108,139,45761,77177,7170,55706,48493,60442,55.74,-5.77,-7.05,-7.04,-24.04,-9.12,-6.34,-8.72,-7.13,-5.2,-5.33,1.0
0644,128159,103128,55.41,5250,16868,19683,259,53189,74453,5934,51995,39900,62627,50.6,-6.3,-8.15,-9.38,-10.07,-11.36,-7.31,-13.59,-9.02,-4.93,-4.86,1.0
0645,110632,127874,46.39,3150,39973,4745,458,46809,42354,7548,49146,34569,53546,42.48,-12.04,-5.36,-7.72,-1.72,-11.1,-6.64,-12.15,-10.79,-5.58,-4.89,1.0
0646,118467,97093,54.96,4052,26244,4279,119,53168,67895,6759,48848,33864,68131,51.52,-4.84,-3.4,-8.67,0.0,-7.68,-6.51,-6.12,-5.3,-3.54,-4.75,1.0
0647,98397,192387,33.84,3185,25987,4941,407,56734,23606,5588,36135,22112,27332,30.05,-6.35,-12.24,-5.89,-51.37,-11.51,-7.98,-12.61,-13.54,-8.34,-8.15,1.0
0648,99461,153154,39.37,4331,9310,8366,166,71271,38050,11913,39801,35611,25148,35.84,-8.49,-8.95,-8.7,0.0,-9.22,-5.12,-13.02,-13.0,-6.78,-4.79,0.0
0649,82354,188465,30.41,2537,10574,5171,166,56968,28911,12132,30121,22911,17977,26.19,-10.32,-16.73,-10.04,-0.6,-14.25,-8.88,-16.4,-13.72,-11.12,-7.71,1.0
0650,99021,201617,32.94,4099,15301,7940,62,65604,32799,9741,33995,24281,24321,29.77,-9.21,-5.46,-3.38,0.0,-11.54,-7.15,-13.31,-11.7,-7.23,-5.73,0.0
0651,100491,176398,36.29,3581,18151,10851,393,62333,31184,10168,35137,28848,27097,32.42,-10.03,-9.94,-10.01,0.0,-12.42,-8.88,-15.84,-13.46,-8.1,-5.62,1.0
0652,123590,112580,52.33,4515,19664,16480,745,64525,70856,15308,51279,41188,51927,47.44,-1.89,-8.9,-8.27,0.0,-10.82,-8.78,-8.32,-8.25,-6.84,-9.17,1.0
0801,123867,209233,37.19,6265,6559,21709,256,75925,40625,9236,36512,36970,22387,32.58,-5.03,-16.36,-4.89,-22.19,-13.72,-10.52,-10.68,-13.59,-7.57,-9.31,1.0
0802,92091,198268,31.72,3912,5211,3869,705,72004,18891,6947,25370,23795,7989,26.78,-6.01,-9.59,-1.9,0.0,-16.37,-10.9,-19.44,-17.81,-11.21,-6.71,1.0
0803,140520,159017,46.91,7723,2158,3359,806,111048,41737,15416,52008,47704,9237,40.22,-8.4,-21.38,-7.87,-0.49,-14.36,-9.33,-12.41,-18.61,-11.29,-11.05,0.0
0804,77140,201210,27.71,4491,3162,3934,265,60755,18523,8412,27595,22549,7391,23.8,-6.96,-8.67,-7.98,-29.33,-14.58,-8.82,-14.59,-16.42,-12.11,-5.49,0.0
0805,100090,183157,35.34,7143,6615,13528,32,73956,25203,19143,29769,33777,7878,30.68,-7.05,-17.2,-7.13,-77.78,-14.34,-6.58,-16.6,-15.21,-4.51,-2.96,0.0
0806,92400,180445,33.87,4286,6654,15798,198,59727,26314,9282,30416,30143,21319,29.66,-6.03,-8.71,-13.24,0.0,-12.01,-8.73,-10.34,-14.23,-7.68,-8.53,1.0
0807,94164,201015,31.9,5964,5132,3399,196,72042,20567,10782,34651,29143,6407,26.74,-6.96,-8.19,-12.08,0.0,-17.34,-12.59,-14.79,-20.27,-10.97,-10.96,1.0
0808,104577,155833,40.16,8415,4865,5921,441,77441,46829,10423,31043,34401,19283,35.67,-5.25,-14.96,-3.0,-0.68,-11.78,-7.35,-14.15,-12.27,-8.66,-7.5,
0901,118669,171167,40.94,2717,7175,29898,33,71292,31340,7820,48192,39839,22245,37.08,-13.47,-6.05,-7.15,0.0,-10.98,-8.14,-12.08,-10.2,-5.04,-7.1,1.0
0902,113395,179117,38.77,4171,6035,12872,109,85950,17573,12549,44181,38840,12390,34.48,-6.56,-5.57,-6.51,0.0,-11.59,-12.98,-10.42,-12.02,-7.12,-9.92,1.0
0903,119889,171489,41.15,3185,6359,26526,94,73005,31668,8650,47523,37412,23011,37.59,-7.79,-5.47,-7.44,0.0,-9.4,-5.47,-8.9,-10.85,-4.39,-4.9,1.0
0904,103235,166440,38.28,1705,4095,27057,0,53879,37034,5731,43101,35953,31383,35.39,-0.35,-14.76,-5.54,0.0,-9.9,-3.57,-9.32,-8.37,-4.8,-2.95,1.0
0905,113446,171481,39.82,2183,5263,17393,54,78383,30049,8920,48131,39627,21087,35.95,-6.11,-8.96,-6.78,0.0,-9.6,-4.77,-12.88,-12.52,-5.59,-8.34,1.0
1000,150742,244926,38.1,6331,5672,48289,0,82821,18346,14445,57704,48616,16363,33.27,-4.47,-10.65,-6.64,0.0,-15.26,-6.46,-17.22,-18.15,-10.5,-5.31,1.0
1201,118813,185260,39.07,5561,6819,27614,95,72993,9743,25718,44942,43585,6375,32.04,-15.18,-11.64,-12.36,0.0,-19.15,-18.32,-15.46,-15.69,-13.01,-21.63,0.0
1202,143850,169609,45.89,4496,4027,41122,111,79206,11167,13768,46762,49656,5699,37.08,-21.04,-23.8,-17.3,0.0,-20.1,-16.26,-19.39,-16.27,-12.68,-17.7,0.0
1203,141253,159290,47.0,5498,5072,26884,0,91992,19651,14158,47565,45379,7106,39.0,-9.2,-10.4,-11.47,-100.0,-17.84,-7.76,-19.12,-22.48,-15.02,-14.47,0.0
1204,145607,155663,48.33,3920,3619,58417,457,68578,12615,24130,52286,53862,7630,41.73,-16.33,-21.03,-11.14,0.0,-13.85,-15.57,-20.19,-15.31,-10.19,-19.31,0.0
1205,100326,215293,31.79,2558,6325,17529,244,59308,9740,12748,27964,22471,12216,25.01,-8.41,-10.18,-19.08,-24.22,-21.53,-28.78,-20.34,-20.98,-13.95,-16.33,1.0
1206,146242,183000,44.42,2376,5406,25088,66,93902,19865,18147,65421,51232,11640,36.85,-5.86,-9.79,-9.81,0.0,-18.55,-10.03,-18.85,-20.39,-13.64,-14.87,0.0
1207,122471,195239,38.55,2347,3665,19605,412,74358,30272,12564,47046,38914,11209,31.22,-11.06,-10.94,-9.11,0.0,-21.04,-17.33,-23.13,-22.12,-16.39,-11.59,1.0
1208,128898,196636,39.6,2864,5033,19615,262,85746,17436,21316,53369,44906,9502,32.63,-11.39,-17.45,-13.78,0.0,-18.31,-12.38,-17.41,-20.71,-12.24,-17.67,0.0
1209,126132,137399,47.86,2492,5206,22382,39,63248,67048,11082,44550,40662,43652,40.95,-8.11,-16.56,-13.37,0.0,-15.21,-11.78,-11.82,-14.2,-11.1,-13.54,1.0
1210,139472,148218,48.48,2480,7271,41279,21,67736,47308,12502,41809,41972,35495,40.75,-15.82,-19.09,-11.43,0.0,-18.11,-14.52,-13.42,-16.98,-8.68,-10.13,1.0
1211,115403,190073,37.78,3731,4323,25493,22,63030,24844,12968,45210,37109,18082,30.44,-8.04,-18.22,-14.71,0.0,-20.85,-13.79,-18.86,-23.28,-9.82,-12.97,0.0
1212,143628,179483,44.45,3400,2947,9922,206,103266,20999,19747,62027,52564,11851,35.81,-21.13,-12.42,-16.5,0.0,-20.14,-14.05,-18.95,-25.07,-13.31,-9.2,0.0
1213,125906,210010,37.48,2418,5005,13430,96,89147,15377,14586,60474,42539,11820,30.95,-6.57,-13.3,-8.21,0.0,-18.84,-9.74,-18.8,-20.53,-14.41,-9.62,1.0
1214,130867,197963,39.8,2460,4933,33982,150,75322,42903,11389,50356,39651,29076,34.76,-10.09,-10.33,-8.25,0.0,-13.74,-10.23,-14.8,-13.89,-8.93,-8.75,1.0
1215,125894,170392,42.49,3201,6195,24886,69,73857,38486,12306,42783,37764,24933,36.3,-17.99,-12.46,-13.19,0.0,-15.9,-10.77,-14.02,-17.19,-10.14,-10.13,0.0
1216,102167,199768,33.84,2022,4053,16670,27,62718,22802,13959,40657,31863,14956,27.42,-31.22,-13.45,-11.46,0.0,-19.58,-15.22,-19.16,-21.21,-12.9,-15.75,0.0
1217,129693,221368,36.94,2905,3838,11582,22,92001,19741,14688,62153,41522,12600,29.68,-10.03,-9.18,-14.07,0.0,-20.18,-9.99,-20.54,-22.99,-15.7,-15.74,0.0
1218,153567,142229,51.92,3363,3633,24351,74,94394,47825,14014,59111,51859,28946,44.09,-6.92,-9.63,-10.44,0.0,-15.41,-10.77,-19.18,-18.43,-13.94,-9.38,0.0
1219,123674,213421,36.69,1749,2867,12417,480,84875,30558,11445,52168,34264,21059,29.36,-23.05,-12.4,-9.63,0.0,-20.91,-12.87,-14.27,-23.15,-12.79,-14.6,0.0
1220,143641,159834,47.33,2866,5015,56457,38,62086,35435,8401,56591,38851,35849,40.49,-20.96,-12.26,-12.31,0.0,-16.88,-11.19,-20.75,-16.22,-10.76,-13.01,1.0
1221,122060,192774,38.77,2486,2961,25207,50,74123,26455,13663,53106,37284,19373,32.11,-11.88,-14.15,-9.22,0.0,-19.89,-10.62,-20.5,-22.13,-11.05,-7.1,1.0
1222,126905,174613,42.09,1067,3365,28852,0,65318,35318,6898,51638,34908,38698,34.06,-17.61,-9.59,-9.01,0.0,-23.96,-16.33,-24.21,-22.68,-18.28,-11.9,1.0
1223,122743,190290,39.21,2134,5145,30542,1,70051,29634,6353,51993,32427,30691,33.15,-12.36,-9.4,-12.97,0.0,-16.97,-13.77,-21.26,-16.64,-13.26,-12.94,1.0
1224,159811,126096,55.9,890,2097,58612,0,75576,71882,6082,74366,44923,68105,49.38,-34.22,-20.14,-10.3,0.0,-12.4,-9.66,-16.33,-10.41,-5.98,-9.57,1.0
1225,116448,164998,41.37,1539,5886,25112,0,69321,46393,5501,50417,29848,36267,35.52,-24.52,-4.42,-14.39,0.0,-14.86,-14.23,-14.22,-14.85,-9.79,-14.32,0.0
1226,153253,128311,54.43,1639,2316,15845,0,110810,112013,3855,73530,47695,93309,48.78,-8.94,-7.32,-8.64,0.0,-10.92,-8.26,-22.64,-9.21,-6.28,-7.55,0.0
1227,142550,149576,48.8,1496,3069,8213,0,108134,109559,2700,68037,42266,82284,42.36,-3.36,-9.81,-11.56,0.0,-13.28,-12.11,-15.23,-9.75,-6.57,-11.29,0.0
1228,134643,122619,52.34,1801,3170,20084,341,93562,90621,6048,58939,41324,66852,46.28,-18.06,-7.28,-6.0,0.0,-12.19,-11.56,-11.64,-11.21,-6.06,-8.26,
1301,138333,157339,46.79,3548,3501,47906,271,66980,12044,18095,46796,43371,5872,38.61,-17.91,-20.79,-13.56,-6.87,-20.14,-20.65,-21.21,-16.93,-12.56,-18.57,0.0
1302,150412,138637,52.04,3302,2573,82412,154,49396,9002,17361,52670,52399,4193,45.23,-11.31,-15.45,-9.51,0.0,-18.13,-9.62,-17.95,-14.91,-9.87,-7.89,1.0
1303,116494,168556,40.87,4343,2043,40204,21,61008,9249,12579,42173,43384,5303,34.77,-13.0,-14.27,-12.65,-59.62,-16.34,-12.58,-18.62,-17.73,-12.23,-15.66,0.0
1304,102154,173366,37.08,4319,5360,57348,38,27908,11447,11795,35300,32263,14299,32.1,-17.12,-17.32,-12.49,0.0,-14.83,-11.97,-12.88,-13.55,-8.9,-10.04,1.0
1305,125367,214195,36.92,3811,5965,80589,19,29683,7409,9390,44195,40831,6177,32.46,-1.12,-18.77,-8.22,0.0,-19.41,-12.44,-13.76,-11.03,-8.1,-17.75,1.0
1306,65060,216656,23.09,2832,6478,11089,130,40862,7840,5095,21988,20198,10297,19.17,-10.04,-14.05,-10.57,0.0,-17.78,-18.51,-17.06,-19.95,-10.45,-12.66,1.0
1307,103860,161218,39.18,2681,12307,33029,114,35960,25959,8006,26458,21983,29135,32.27,-28.03,-18.25,-18.44,0.0,-17.87,-12.88,-18.99,-18.81,-12.9,-13.27,1.0
1308,147374,134112,52.36,3910,1945,59889,49,66551,9650,15063,50364,47333,4538,44.09,-8.64,-22.39,-11.43,-65.25,-18.67,-10.34,-25.65,-17.53,-9.52,-7.37,0.0
1309,117317,156478,42.85,4387,7502,16114,87,73633,18921,8615,41417,36708,19128,35.58,-10.18,-14.91,-10.58,0.0,-18.14,-14.75,-25.15,-19.07,-12.25,-10.93,0.0
1310,122672,163682,42.84,4183,3989,39990,0,67681,11051,11637,43161,42181,6334,36.63,-14.88,-7.85,-8.83,0.0,-16.68,-5.42,-16.47,-17.29,-10.78,-5.32,0.0
1311,93644,198000,32.11,3544,3144,21166,21,50310,14540,8481,27153,25302,13696,26.15,-17.18,-17.02,-17.08,0.0,-19.22,-13.75,-23.73,-26.19,-15.7,-14.57,0.0
1312,134455,134827,49.93,3770,1805,60066,0,57634,6613,15138,49162,50039,4142,42.56,-8.72,-22.1,-10.34,-100.0,-17.91,-17.74,-18.5,-17.59,-11.78,-16.71,0.0
1313,129481,158311,44.99,3809,5323,80444,31,27451,13544,15412,38706,38711,13807,38.67,-10.98,-9.83,-11.68,-70.48,-20.02,-12.79,-14.59,-14.61,-9.61,-12.41,1.0
1314,118814,160305,42.57,4594,1821,15934,41,78336,13577,13271,40415,38523,9279,34.77,-16.2,-10.69,-17.29,0.0,-18.79,-14.22,-15.41,-21.83,-15.4,-7.32,0.0
1501,100270,153318,39.54,4157,65709,5288,19132,36638,12951,17019,48498,32565,29712,36.26,-2.58,-7.64,-10.42,-4.35,-8.06,-7.17,-10.11,-9.34,-7.39,-7.21,1.0
1502,106757,129737,45.14,6221,49935,6658,37911,59782,19942,14279,50211,36434,15419,41.3,-2.54,-6.2,-4.45,-4.03,-9.39,-2.31,-8.18,-9.45,-4.28,-6.65,1.0
1601,145661,211166,40.82,8586,4399,3677,1433,110091,22579,21325,50495,50439,10449,33.61,-3.93,-6.22,-14.77,0.0,-17.89,-13.39,-23.44,-21.08,-12.98,-7.55,0.0
1602,141475,195569,41.98,7306,3637,2970,584,107455,23473,13793,43709,50221,12987,35.1,-9.16,-8.06,-2.08,0.0,-17.06,-10.0,-17.55,-20.01,-10.81,-7.66,0.0
1701,140134,151182,48.1,3199,2806,84644,39,36701,16784,8693,56521,46639,13360,43.76,-10.32,-8.87,-4.95,0.0,-16.22,-13.95,-12.8,-11.45,-6.57,-12.17,1.0
1702,148082,143349,50.81,3306,2101,77744,155,50421,17286,10456,58159,45606,11905,45.65,-10.38,-13.07,-5.67,0.0,-15.18,-12.29,-14.0,-12.56,-7.61,-13.33,1.0
1703,114976,159416,41.9,3073,9484,23403,65,55839,42109,4461,43698,30822,39907,37.15,-3.76,-8.45,-7.45,0.0,-14.34,-9.95,-15.42,-10.94,-9.11,-8.41,1.0
1704,130517,133535,49.43,5055,8936,29712,9,51371,54031,5601,48046,38812,47645,43.32,-4.03,-8.73,-7.48,0.0,-18.06,-13.02,-13.27,-16.0,-7.79,-11.85,1.0
1705,99334,227148,30.43,1907,13194,10066,152,57994,21756,3255,34519,24129,30255,26.02,-7.43,-11.57,-5.05,0.0,-16.78,-12.64,-17.03,-16.62,-14.49,-11.53,1.0
1706,99881,185546,34.99,2088,6106,21592,0,56635,17043,6664,39495,31570,19596,30.58,-7.36,-6.03,-6.26,0.0,-15.13,-11.57,-8.64,-17.16,-10.44,-9.93,1.0
1707,142502,171864,45.33,3923,7686,60907,32,45647,40351,6090,51612,44590,30910,40.85,-3.61,-10.16,-6.46,0.0,-14.9,-9.86,-9.79,-10.79,-4.51,-9.34,1.0
1708,91821,181463,33.6,2243,11389,7870,315,52906,27526,6141,32946,23125,29643,28.96,-11.62,-10.7,-12.82,0.0,-15.87,-11.24,-14.61,-17.08,-13.69,-6.86,1.0
1709,108763,201705,35.03,2976,17107,17268,0,63302,16033,3797,40129,30629,27780,30.52,-6.91,-12.13,-4.97,0.0,-14.35,-13.33,-22.56,-15.74,-10.51,-12.47,1.0
1710,88024,182876,32.49,3127,7293,12780,0,53358,26881,6789,29794,25957,22105,28.54,-17.93,-11.28,-7.63,0.0,-14.33,-8.59,-15.25,-18.41,-10.07,-9.21,1.0
1711,85274,194063,30.53,2703,6943,9962,47,56261,21481,7789,29720,27921,17371,26.68,-6.54,-10.15,-8.21,0.0,-14.07,-8.82,-23.17,-18.27,-10.14,-6.1,1.0
1712,137365,166412,45.22,6162,1840,14553,83,103312,5219,14355,46889,57229,2797,37.83,-13.69,-18.66,-12.75,0.0,-16.47,-17.55,-21.99,-21.18,-10.91,-19.6,0.0
1713,127462,179345,41.54,4901,5300,33300,6,79340,6949,10868,38845,39067,4837,35.34,-8.31,-12.89,-6.79,0.0,-16.74,-14.09,-19.48,-18.89,-14.33,-14.77,0.0
1714,100881,169599,37.3,5114,3879,14161,23,64364,28265,7528,32102,31252,18216,32.15,-6.71,-3.68,-6.72,0.0,-16.45,-9.96,-23.99,-16.42,-11.43,-4.51,1.0
1715,129485,179496,41.91,4122,2109,13001,42,99181,4571,11948,45437,46545,3123,35.36,-9.33,-16.38,-4.12,0.0,-16.45,-9.82,-17.07,-21.62,-11.46,-9.35,0.0
1716,122702,183592,40.06,3519,2541,14880,242,89459,12054,11660,37883,38717,6154,33.69,-12.61,-12.95,-8.32,0.0,-16.89,-13.73,-18.42,-21.29,-13.16,-12.26,0.0
1717,133483,180352,42.53,5786,2992,23015,311,92804,16259,11035,40989,44574,9071,36.39,-3.61,-7.83,-4.83,0.0,-16.05,-10.99,-16.08,-21.72,-12.2,-9.53,1.0
1801,125577,166649,42.97,4206,3566,30994,77,68883,25928,10020,44134,39753,7748,35.8,-11.21,-7.81,-15.05,0.0,-17.87,-11.11,-21.13,-20.64,-13.25,-9.89,1.0
1802,117133,165549,41.44,3902,2035,15513,134,81302,12391,8273,38728,37268,6261,33.6,-15.92,-28.8,-10.95,0.0,-19.41,-15.96,-20.54,-22.7,-14.29,-15.79,0.0
1803,125017,172266,42.05,5152,3705,13006,35,86118,10390,10585,37445,41548,8072,33.59,-18.0,-1.41,-17.68,0.0,-20.46,-11.08,-14.14,-23.38,-16.37,-6.23,0.0
1804,107203,187452,36.38,3225,4747,6354,174,76639,7196,9406,32921,31590,5447,29.2,-10.27,-17.99,-21.83,0.0,-19.42,-16.74,-21.22,-21.95,-11.89,-24.05,0.0
1805,106831,191992,35.75,5430,2351,13399,364,83999,7753,9917,35175,40129,4191,30.81,-7.95,-15.22,-6.85,0.0,-13.94,-9.51,-14.19,-18.05,-9.55,-13.82,0.0
1806,122458,174684,41.21,2670,4683,13681,302,90760,8354,11768,40889,47967,7126,35.97,-20.51,-2.32,-7.23,0.0,-13.53,-3.76,-10.34,-14.71,-6.75,-5.77,0.0
1807,136870,170786,44.49,2471,3935,58870,166,62310,15787,8533,43534,49782,14944,39.26,-21.63,-2.96,-9.11,0.0,-13.35,-7.26,-11.37,-12.48,-6.22,-7.83,1.0
1808,133669,176736,43.06,4176,1308,9026,0,105550,4335,12135,46189,49344,1317,35.87,-12.65,-6.1,-8.86,0.0,-16.92,-7.77,-18.51,-20.59,-13.56,-10.47,0.0
1809,124388,175435,41.49,3550,4465,8144,154,93691,5883,10958,41378,44438,4249,34.05,-5.96,-16.67,-17.71,0.0,-17.41,-10.17,-23.37,-21.28,-14.37,-11.64,0.0
1901,125396,195697,39.05,4900,2078,10294,123,96480,11698,9844,43006,45367,5504,33.27,-16.88,-20.05,-5.52,-75.45,-15.25,-9.58,-15.94,-18.15,-10.6,-5.27,0.0
1902,124933,204016,37.98,4152,2931,12284,163,94181,7973,11248,39288,36922,5748,31.1,-9.92,-4.31,-7.71,0.0,-18.94,-14.03,-27.43,-24.19,-10.01,-11.08,0.0
1903,116751,211567,35.56,2660,5069,14059,42,86393,9975,8890,39632,38571,10132,30.87,-7.22,-13.2,-5.34,0.0,-14.19,-8.59,-14.21,-17.48,-10.58,-6.12,1.0
1904,130407,191694,40.49,6254,4340,6534,28,100330,13810,10196,42223,44914,6920,34.07,-3.74,-11.93,-5.85,0.0,-16.18,-11.19,-21.79,-21.99,-10.3,-15.22,0.0
2001,120116,171333,41.21,5901,4160,6599,133,82259,16828,9123,34024,36310,8554,31.25,-10.05,-19.46,-15.06,-13.64,-24.86,-17.11,-24.98,-27.35,-17.49,-22.16,0.0
2002,130789,159534,45.05,7325,3738,16839,125,86956,18347,10992,40006,46572,9312,36.0,-13.19,-6.9,-11.71,-42.13,-20.98,-15.61,-16.72,-23.14,-13.84,-17.42,0.0
2003,82579,210139,28.21,3831,3348,10634,2,52688,9311,6365,26630,26847,7811,22.54,-11.59,-30.29,-12.81,-89.47,-20.56,-15.75,-12.96,-21.53,-13.91,-15.99,1.0
2004,116038,168495,40.78,6998,5113,18085,347,76741,17629,8779,31704,43004,11152,33.0,-17.11,-7.96,-10.94,-1.7,-20.91,-11.03,-22.74,-26.3,-10.56,-4.24,0.0
2101,151096,143101,51.36,5588,997,14944,508,118900,6996,13312,54074,66223,3210,44.15,-8.45,-1.19,-11.24,0.0,-14.36,-5.37,-21.22,-18.08,-10.12,-4.89,0.0
2102,132613,160577,45.23,6316,3451,14819,234,106040,7539,12989,44955,57443,6138,39.93,-9.71,-4.98,-4.54,0.0,-12.07,-6.23,-13.84,-17.19,-6.97,-13.71,0.0
2103,145186,172416,45.71,7140,4528,48659,181,82601,11491,13632,45742,46044,13330,39.66,-15.6,-15.13,-8.1,0.0,-15.25,-11.53,-15.75,-17.87,-8.67,-10.95,1.0
2104,111674,176134,38.8,5499,2480,5721,78,89769,4963,10400,36868,39602,3408,32.53,-3.86,-9.85,-3.83,0.0,-16.22,-9.34,-14.86,-22.01,-12.88,-10.22,0.0
2105,187456,97920,65.69,5167,886,4167,170,167227,2719,14158,74007,94778,1578,59.65,-11.75,-2.74,-6.15,0.0,-9.3,-13.82,-16.49,-13.65,-7.23,-10.44,0.0
2106,145742,161779,47.39,5142,3990,17349,277,111338,8400,11538,41551,50067,6292,41.18,-11.74,-16.61,-11.85,0.0,-12.87,-15.46,-14.15,-15.73,-10.22,-14.64,0.0
2201,142852,167839,45.98,6678,4885,39726,160,87490,16682,13141,56184,50565,10908,41.28,-10.67,-4.98,-7.39,0.0,-10.93,-5.86,-15.3,-13.69,-8.73,-7.38,0.0
2202,172096,132822,56.44,3836,5198,99901,105,55204,12784,13118,63425,58505,10309,51.27,-4.65,-7.36,-7.49,0.0,-11.36,-7.15,-11.86,-11.76,-6.71,-5.14,1.0
2203,144636,144228,50.07,5266,3315,52024,276,82205,6809,13287,51967,47595,5270,45.14,-3.8,-12.92,-4.49,0.0,-11.88,-8.67,-18.41,-14.23,-8.18,-17.36,0.0
2204,173615,124243,58.29,6766,2238,78323,149,77900,4649,15990,59307,67957,3094,51.09,-7.29,-21.34,-6.77,0.0,-16.47,-8.09,-22.57,-16.9,-7.79,-20.81,0.0
2205,166531,119483,58.22,6334,2425,64445,22,87825,5578,16252,60982,63807,1898,52.18,-8.08,-13.52,-6.81,0.0,-12.02,-11.15,-14.09,-13.96,-7.89,-14.08,0.0
2206,148596,146986,50.27,5846,2986,62022,138,69778,8543,10326,48355,51720,5847,44.13,-3.45,-17.45,-9.24,0.0,-12.94,-12.18,-13.35,-15.03,-11.55,-10.79,0.0
2301,95549,199417,32.39,3333,2977,4027,107,70508,2279,10291,38430,34538,4791,25.72,-7.26,0.0,-19.3,0.0,-20.77,-4.96,-10.28,-25.15,-11.21,-8.02,1.0
2302,140596,158068,47.07,6097,1380,3061,53,117706,3044,13896,54938,58475,3215,40.11,-9.86,-21.41,-5.64,0.0,-14.66,-12.83,-21.02,-18.55,-10.64,-6.87,1.0
2401,115785,189552,37.92,5352,3404,30813,32,74279,10056,11455,41498,37104,7298,34.02,-2.85,-6.56,-3.96,0.0,-12.19,-6.38,-11.62,-15.95,-9.72,-4.68,0.0
2402,105259,196693,34.86,3294,6010,39658,104,51073,7997,10156,40175,33878,9964,30.45,-0.78,-11.21,-6.68,0.0,-16.9,-2.06,-16.96,-16.3,-9.84,-8.16,1.0
2403,76574,210798,26.65,2036,8830,22387,40,38947,10130,8164,30217,24053,13191,24.43,-6.86,-6.4,-4.89,0.0,-9.71,-10.38,-13.6,-8.98,-5.48,-7.81,1.0
2404,124022,148502,45.51,4329,7031,76578,105,19520,27901,9193,40267,33549,31904,41.69,-2.85,-7.06,-7.81,0.0,-7.49,-7.55,-9.45,-10.47,-6.18,-6.66,1.0
2405,80200,206624,27.96,2663,4695,40010,0,32283,6638,12825,33635,26549,8269,24.99,-6.66,-8.16,-7.43,0.0,-13.08,-7.84,-16.3,-11.21,-9.68,-6.55,1.0
2406,102125,192391,34.68,3020,10453,17360,184,68050,16371,9720,39138,33705,18292,31.45,-4.97,-5.44,-5.6,0.0,-10.53,-9.2,-9.94,-10.54,-7.34,-5.18,1.0
2407,167492,152830,52.29,5737,6869,109809,26,44744,10112,13171,66344,68184,10510,48.28,-1.46,-3.54,-6.15,0.0,-10.72,-2.35,-10.32,-10.34,-4.9,-4.13,1.0
2408,85741,201055,29.9,2024,13821,26223,0,30678,23490,4524,32862,21551,35013,27.59,-3.44,-6.55,-4.33,0.0,-11.03,-4.88,-9.74,-10.97,-6.75,-3.92,1.0
2501,151598,162628,48.24,2761,5823,19741,61,116596,38373,14561,59984,60433,26623,44.17,-4.26,-14.63,-2.92,0.0,-8.6,-3.22,-6.2,-12.09,-6.18,-3.41,1.0
2502,125110,173753,41.86,2610,8294,13950,272,94450,26638,8439,47991,45697,24543,38.69,-8.84,-8.23,-4.54,0.0,-7.82,-2.63,-10.19,-11.45,-6.01,-3.61,1.0
2503,122094,170798,41.69,3206,8048,12710,9,81914,40521,7636,50053,45193,34682,38.78,-4.47,-5.71,-0.71,0.0,-7.74,-2.69,-4.99,-8.96,-4.65,-4.92,1.0
2504,107016,193230,35.64,1417,6470,11267,32,81528,12422,6760,44133,38889,19128,32.47,-4.13,-3.48,-4.23,0.0,-9.89,-1.25,-13.84,-13.36,-9.44,-6.99,1.0
2505,106268,199168,34.79,1755,14368,13579,90,71872,18364,5164,43515,33569,31753,31.98,-6.15,-7.98,-2.28,0.0,-8.19,-5.4,-9.61,-11.44,-7.93,-5.49,1.0
2506,110983,193971,36.39,3202,5898,9687,8,82185,23817,8581,51644,39487,24917,33.21,-0.77,-8.2,-4.88,0.0,-9.19,-4.08,-8.97,-11.13,-5.88,-3.09,1.0
2507,146556,164614,47.1,3164,18290,46419,1,79663,40994,5136,53872,49411,51467,44.6,-10.7,-7.82,-2.42,0.0,-5.62,-3.89,-2.67,-5.28,-3.42,-3.46,1.0
2508,123618,183213,40.29,1864,12853,32781,123,70845,14947,7734,53561,38496,31854,37.12,-3.72,-2.84,-4.04,0.0,-9.72,-4.17,-8.92,-10.42,-6.26,-4.77,1.0
2509,123682,200676,38.13,3538,3000,10536,163,96061,12091,11696,54383,40868,15608,34.18,-3.02,-6.28,-4.26,0.0,-10.92,-3.23,-14.03,-14.59,-10.15,-7.57,1.0
2601,154768,184330,45.64,11072,1897,3063,365,127526,4230,17474,61438,55728,1455,38.64,-9.25,-7.15,-1.45,0.0,-15.35,-10.87,-23.73,-19.47,-13.53,-20.36,0.0
2602,134469,167354,44.55,5838,2017,8088,99,105611,8032,13661,47018,47673,3007,37.07,-4.09,-10.16,-7.54,0.0,-17.25,-15.82,-16.89,-21.93,-12.32,-2.5,0.0
2603,114810,183093,38.54,3128,4390,22922,79,76118,16019,8628,35666,36677,9805,33.21,-1.08,-9.56,-6.64,0.0,-14.86,-8.49,-14.08,-18.01,-9.28,-8.75,0.0
2604,123756,178624,40.93,3884,3061,17353,239,85034,9817,9391,37285,39359,5680,33.46,-3.38,-28.56,-8.98,0.0,-19.64,-17.36,-21.48,-22.94,-12.6,-27.59,0.0
2605,130873,174177,42.9,3198,2126,14720,75,95119,8723,10053,46227,43823,5266,35.28,-16.0,-0.61,-6.09,-63.94,-19.2,-18.04,-21.74,-22.72,-11.86,-7.86,1.0
2606,99281,211850,31.91,3246,9930,20262,388,65984,7755,8891,32875,26977,8382,28.13,-16.51,-5.16,-9.58,0.0,-12.62,-8.2,-12.33,-15.68,-9.25,-3.96,0.0
2607,112064,198974,36.03,3078,4953,16296,200,80305,10865,9118,36628,39887,6063,30.51,-10.18,-22.92,-8.47,0.0,-16.51,-12.33,-10.12,-17.66,-12.35,-3.53,0.0
2608,158809,166058,48.88,4612,1458,39318,130,103164,10227,13778,52369,57558,3208,42.14,-8.76,-9.83,-4.14,-27.78,-16.71,-21.48,-16.65,-19.3,-10.54,-11.36,1.0
2609,109265,197290,35.64,3182,1455,7649,77,89960,5689,10154,40132,41801,3020,30.74,-8.72,-21.77,-6.48,-35.83,-13.89,-14.41,-16.75,-17.93,-8.33,-15.57,1.0
2610,133884,186124,41.84,3646,8435,27245,0,88185,5478,10031,52325,46720,21236,36.38,-2.51,-7.85,-11.48,0.0,-13.79,-5.68,-16.93,-14.46,-9.67,-6.97,0.0
2611,114684,215777,34.7,3346,6591,27489,104,69445,8685,6514,40810,37974,11193,29.55,-14.47,-14.52,-13.09,0.0,-15.97,-16.92,-17.97,-15.01,-10.47,-12.49,1.0
2612,162660,139827,53.77,4146,3289,88431,0,63571,5908,10472,61535,60704,17733,49.18,-9.36,-2.55,-6.9,0.0,-10.85,-6.87,-6.06,-11.54,-6.25,-3.76,1.0
2613,180480,118526,60.36,3809,4783,101812,340,61077,15069,9867,64298,64163,16745,55.66,-11.69,-2.09,-5.59,-23.08,-11.49,-2.86,-10.19,-10.35,-4.88,-2.06,1.0
2701,105242,181365,36.72,3711,4863,6994,33,81793,9249,7280,36590,28284,6820,31.32,-13.96,-8.8,-2.14,0.0,-15.3,-14.03,-21.44,-19.93,-15.06,-9.36,0.0
2702,83544,189575,30.59,3931,5257,11235,21,60687,11091,8497,28912,27030,11115,26.42,-1.9,-20.38,-4.84,0.0,-13.56,-5.7,-9.57,-19.99,-12.38,-11.98,1.0
2703,78511,205241,27.67,2057,7595,17699,0,46795,6273,5539,32385,26767,10641,23.69,-4.41,-9.92,-13.21,0.0,-14.68,-12.88,-8.11,-11.27,-9.09,-3.03,1.0
2704,104335,176122,37.2,2582,16594,21824,24,57194,9962,6114,35616,37962,23596,33.54,-4.12,-7.71,-6.03,0.0,-11.53,-15.45,-6.78,-11.59,-7.49,-6.95,1.0
2705,122021,182696,40.04,6029,11936,35291,0,67301,10725,7354,39677,41691,19866,35.56,-10.91,-10.48,-5.04,0.0,-13.09,-9.29,-8.84,-10.58,-8.15,-9.07,1.0
2706,78832,186494,29.71,3439,3153,8324,0,59040,5911,7218,23643,21861,4045,24.86,-1.91,-1.41,0.0,0.0,-17.81,-10.71,-14.57,-22.0,-8.77,-1.25,0.0
2707,115725,178155,39.38,6273,2700,5135,20,89102,9420,9388,39594,39304,6062,32.83,-6.13,-6.54,-1.42,0.0,-17.57,-4.37,-24.57,-23.04,-12.92,-2.48,0.0
2708,114686,178464,39.12,9844,1292,3209,0,96081,3810,14958,44095,42010,2208,34.27,-13.5,-17.29,-6.36,0.0,-12.51,-6.96,-15.79,-16.03,-9.97,-2.17,0.0
2801,141123,145843,49.18,3717,1574,48610,133,73215,5269,10127,51553,52854,3061,41.87,-12.0,-8.59,-11.8,0.0,-16.0,-15.03,-21.41,-17.49,-10.86,-13.04,0.0
2802,159793,119344,57.25,2787,930,102980,13,37805,2488,9345,58780,60941,2372,50.02,-7.87,-12.59,-9.96,0.0,-19.5,-14.06,-16.08,-15.42,-9.65,-24.65,1.0
2803,136944,141080,49.26,3627,1919,60323,173,56748,2781,11746,50798,53422,2585,41.75,-21.71,-6.62,-12.54,0.0,-17.16,-30.13,-21.7,-17.78,-11.1,-25.87,0.0
2804,138846,146635,48.64,6034,2841,38955,330,76452,7148,14493,49803,61200,3184,39.81,-13.05,-20.89,-12.05,0.0,-20.01,-24.5,-29.22,-20.08,-11.65,-32.26,0.0
2901,151410,183913,45.15,4239,5434,79368,0,50151,5761,11997,53264,55859,6133,38.14,-3.88,-6.74,-13.48,-100.0,-17.92,-18.28,-14.01,-13.37,-9.29,-15.3,1.0
2902,78239,229586,25.42,1580,3584,7324,25,54100,3984,6893,30488,23921,5676,19.94,-6.84,-20.87,-11.25,-60.94,-21.82,-10.57,-19.06,-24.09,-15.83,-11.27,0.0
2903,96597,200581,32.5,3083,2753,8358,55,71470,3390,8283,31436,35577,3103,26.27,-18.7,-16.47,-12.21,-31.25,-19.29,-23.68,-27.63,-21.96,-13.47,-10.11,0.0
2904,121498,177381,40.65,5095,2651,6078,137,92843,5558,10920,40838,44328,2860,32.97,-21.0,-16.03,-18.65,0.0,-19.15,-10.77,-30.7,-24.15,-15.46,-5.08,0.0
2905,126848,199758,38.84,3845,3567,43645,230,59257,14166,10878,38257,38086,8119,31.54,-20.1,-2.67,-13.04,0.0,-22.25,-21.05,-16.62,-21.32,-14.04,-18.43,1.0
2906,108162,186072,36.76,2970,1555,7151,112,78475,4969,10119,34428,37088,2916,28.5,-17.98,-9.75,-21.24,-49.09,-22.34,-21.62,-27.65,-24.55,-16.76,-5.72,0.0
2907,138528,172579,44.53,7034,3785,6797,321,103606,9414,12100,43982,44066,3561,34.97,-13.06,-21.18,-10.38,0.0,-21.52,-18.91,-27.14,-25.43,-16.5,-14.89,0.0
2908,144297,153259,48.49,7293,1815,8274,94,111545,4284,15022,50182,58907,1124,39.55,-17.52,-14.27,-20.02,0.0,-18.49,-16.78,-16.79,-18.8,-13.14,-12.19,0.0
3001,92144,136657,40.27,9885,1024,1475,99,69604,3755,11699,31850,27208,749,32.66,-4.44,-37.48,0.0,0.0,-19.64,-31.71,-17.72,-22.19,-15.72,-7.3,
3002,90670,129471,41.19,13818,2281,1309,0,66764,6408,12947,31561,31180,1124,34.65,-5.04,-12.57,-1.8,0.0,-17.45,-9.81,-14.4,-19.29,-10.7,-2.85,
3101,86727,172639,33.44,3582,4359,6427,31,61699,9835,6856,24915,29354,8197,26.58,-3.22,-20.59,-15.6,0.0,-21.19,-12.28,-26.71,-20.34,-15.52,-9.57,0.0
3102,94044,168707,35.79,3814,5200,18797,301,58040,13684,7075,28474,31325,11132,30.49,-2.9,-5.11,-6.95,0.0,-17.75,-12.12,-15.42,-15.62,-10.22,-4.7,0.0
3103,100615,163250,38.13,3792,1416,3421,221,71290,12851,7404,36739,31381,7693,29.63,-15.41,-16.71,-9.76,0.0,-23.19,-17.85,-25.46,-24.95,-16.97,-15.66,0.0
3201,144992,145983,49.83,7061,15040,29283,793,72244,47981,13341,47120,45049,33814,42.5,-11.03,-17.4,-10.35,-27.18,-16.44,-12.39,-19.87,-17.49,-11.85,-11.77,1.0
3202,123598,189637,39.46,8108,8147,6625,326,85463,28610,17033,52533,39487,9951,33.83,-7.21,-14.17,-3.03,-35.19,-15.52,-11.2,-14.06,-14.28,-9.81,-11.02,0.0
3203,132523,180462,42.34,3400,23815,23977,1421,69400,30528,12174,45297,33783,24361,35.51,-17.42,-13.45,-11.65,-2.54,-17.39,-14.47,-16.51,-17.96,-10.09,-11.1,1.0
3204,130216,143966,47.49,6982,11590,28818,1393,64164,46796,14467,43120,40763,31595,40.4,-14.83,-13.74,-14.69,-7.07,-15.9,-12.1,-17.1,-14.65,-10.0,-9.7,1.0
3301,82015,195824,29.52,2630,2455,3546,0,66129,6496,9106,32625,28300,5458,25.18,-5.16,-20.14,-8.94,0.0,-14.99,-0.95,-21.02,-18.36,-12.62,-5.59,1.0
3302,87740,182446,32.47,2862,3585,2746,31,70380,5585,11037,35410,29953,3440,27.26,-5.23,-6.81,-9.52,0.0,-16.55,-3.61,-13.61,-21.18,-14.29,-4.71,1.0
3401,116152,179728,39.26,2739,7012,29208,64,59855,26398,8287,47066,45683,19357,34.89,-6.49,-4.42,-6.11,0.0,-14.22,-7.5,-16.39,-13.29,-7.66,-10.92,1.0
3402,126122,188333,40.11,4088,7603,23767,1,74188,27798,8783,49280,46540,19952,33.86,-10.19,-5.32,-12.24,0.0,-18.31,-11.4,-25.01,-17.51,-11.51,-10.91,0.0
3403,84281,208851,28.75,2022,6392,17176,96,52182,11241,7739,37589,29344,10408,25.17,-17.9,-14.93,-3.78,0.0,-14.82,-11.6,-17.23,-14.51,-11.7,-13.45,1.0
3404,102134,189130,35.07,2034,3353,8872,59,73700,13208,8728,40797,31280,11970,29.57,-6.95,-15.26,-7.85,0.0,-16.16,-9.54,-16.44,-20.51,-15.98,-11.44,0.0
3405,76773,209462,26.82,1641,11346,8720,229,44647,21948,3957,34678,21776,23363,23.44,-16.06,-10.08,-9.01,0.0,-13.87,-6.55,-12.44,-13.61,-8.87,-7.57,1.0
3406,97588,184819,34.56,2819,14491,13363,0,47955,28053,5263,40649,30025,34095,29.94,-12.59,-8.26,-13.59,0.0,-16.08,-9.45,-16.42,-16.18,-8.88,-6.89,1.0
3407,76202,220555,25.68,2469,3817,12040,0,49472,16464,4732,34603,23142,13953,22.45,-9.69,-10.53,-6.59,0.0,-13.96,-6.48,-19.56,-14.74,-10.0,-7.5,1.0
3408,145003,155561,48.24,3629,9787,25082,0,63300,84938,3176,48569,39248,70591,43.59,-9.7,-11.46,-7.53,0.0,-10.59,-7.51,-9.93,-8.93,-5.0,-8.5,1.0
3409,128807,144447,47.14,2330,9919,20708,305,67077,62626,4664,49330,31758,57722,42.49,-13.16,-10.26,-5.8,0.0,-11.79,-6.96,-8.17,-12.65,-9.1,-6.85,1.0
3410,142632,144489,49.68,2118,7463,77852,0,34913,36391,6680,53509,44609,34749,44.87,-19.53,-11.3,-7.22,0.0,-10.21,-9.02,-6.61,-10.7,-8.46,-10.67,1.0
3411,80259,211294,27.53,1610,6767,12743,113,46392,19702,6032,35966,22527,18161,24.23,-6.94,-18.99,-9.63,0.0,-12.97,-9.07,-8.16,-14.59,-10.93,-7.76,1.0
3412,92486,192844,32.41,1631,10308,23899,0,38010,22927,4053,36488,27118,24610,28.11,-17.42,-12.64,-9.48,0.0,-15.73,-12.17,-15.35,-15.98,-15.04,-10.93,1.0
3501,139617,157575,46.98,19223,6350,8982,538,94744,68750,14517,49951,49480,14160,40.82,-5.25,-8.59,-11.79,0.0,-13.83,-11.18,-21.18,-16.95,-10.43,-9.45,1.0
3502,155907,108102,59.05,17138,3687,6361,62,100812,100717,16346,52623,54975,34553,53.59,-5.19,-21.1,-14.02,0.0,-10.24,-5.7,-16.18,-12.11,-7.37,-6.44,0.0
3503,146706,126098,53.78,31471,2546,4893,0,86146,67306,15369,55928,54458,20597,48.62,-5.94,-6.02,-8.85,0.0,-10.78,-8.08,-19.65,-11.87,-8.67,-8.05,1.0
3601,72639,200635,26.58,1450,4460,6919,0,53127,13130,5064,35744,20806,10541,22.98,-26.02,-5.01,-3.51,0.0,-15.07,-11.78,-14.31,-16.44,-9.32,-10.19,0.0
3602,88112,161133,35.35,2856,4053,15117,0,58494,27611,5751,39321,29430,22341,32.3,0.0,-7.25,-2.58,0.0,-10.18,-5.7,-13.83,-11.08,-6.96,-3.86,0.0
3603,84183,179483,31.93,1006,24322,10009,44,39198,13103,4516,46473,24468,31495,28.43,-3.36,-4.01,-3.24,0.0,-15.66,-7.04,-11.36,-9.14,-6.37,-6.95,1.0
3604,86524,163008,34.67,1891,8126,19602,0,44330,25168,4747,46851,26027,24486,31.11,-2.22,-3.34,-5.35,0.0,-12.76,-5.37,-7.91,-10.76,-8.43,-4.17,1.0
3605,143418,109529,56.7,2436,25234,58944,65,32889,37187,5630,72161,43820,48416,53.05,-5.69,-7.07,-6.46,0.0,-8.17,-5.5,-7.89,-6.92,-5.27,-5.06,1.0
3606,146058,130359,52.84,3002,56428,10865,98,53168,45176,4896,68773,38260,85987,49.09,-2.15,-6.8,-1.16,0.0,-9.22,-5.22,-6.71,-7.97,-4.6,-6.02,1.0
3607,143397,146462,49.47,4978,23238,29303,19,68459,52462,3680,50237,39202,54369,46.23,-5.33,-5.57,-3.79,0.0,-7.88,-6.04,-2.88,-8.56,-3.97,-6.1,1.0
3608,172833,111449,60.8,3242,17075,78092,0,58146,36147,6442,80097,59733,59555,57.74,-16.57,-3.79,-4.93,0.0,-6.3,-2.83,-0.02,-5.94,-4.05,-3.23,1.0
3609,169049,118039,58.88,3198,20050,83047,10,55046,26229,3917,77583,50628,54070,56.01,-3.15,-2.98,-5.48,0.0,-4.32,-3.46,-2.27,-5.41,-2.3,-3.12,1.0
3610,122028,179717,40.44,3949,28396,19905,3,55138,32832,2189,49374,34820,47387,38.05,-1.5,-6.06,-3.9,0.0,-7.35,-3.03,-2.32,-5.9,-2.92,-3.21,1.0
3611,126742,140042,47.51,3476,29611,14310,48,68311,26855,5327,58680,38058,55250,44.02,-0.03,-4.7,-4.52,-89.12,-8.66,-7.91,-4.96,-8.21,-7.43,-5.4,0.0
3612,97658,260954,27.23,936,13421,13281,92,57199,21000,5606,37289,23377,16294,24.14,-22.0,-7.66,-5.87,0.0,-14.58,-5.16,-0.27,-12.18,-5.52,-6.93,1.0
3613,194961,112494,63.41,9450,11389,71722,385,52021,109186,5535,82071,69536,77890,59.33,-3.56,-5.55,-7.9,0.0,-8.6,-4.63,-5.88,-6.18,-3.34,-4.15,1.0
3614,165879,105685,61.08,4910,23186,40119,223,49884,87166,4399,71752,51608,76354,56.59,-2.81,-6.65,-6.76,0.0,-9.8,-5.46,-14.58,-8.14,-6.74,-5.55,1.0
3615,210853,68415,75.5,12117,6948,88288,223,46136,128446,7550,79127,81367,95867,72.03,-5.56,-2.48,-4.58,0.0,-5.64,-3.85,-12.69,-5.65,-2.69,-2.48,1.0
3616,111676,176359,38.77,3352,5368,36793,244,48554,43693,5853,52957,41873,34105,36.12,0.0,-5.61,-3.54,0.0,-10.03,-4.7,-2.35,-7.07,-4.82,-3.33,1.0
3617,85422,175954,32.68,2762,4317,11143,66,56951,21012,6209,35535,26433,26505,29.69,-5.02,-7.58,-10.62,0.0,-9.59,-5.76,-8.39,-9.94,-5.5,-5.19,1.0
3618,106619,182002,36.94,3642,4547,17454,553,75074,21601,8181,43927,35443,17956,33.36,-3.09,-21.2,-5.15,0.0,-10.64,-4.8,-11.68,-12.73,-7.53,-6.12,1.0
3619,142597,182706,43.84,4760,6294,11703,55,112490,13277,10550,50273,49549,6679,38.32,-3.86,-8.41,-7.05,0.0,-12.93,-10.23,-9.69,-17.76,-8.93,-8.79,1.0
3620,119405,208168,36.45,3349,9564,21085,133,83207,11783,10758,45404,44266,7678,32.96,-1.3,-6.31,-2.97,0.0,-11.27,-6.13,-11.92,-11.31,-5.78,-5.62,1.0
3621,141354,178434,44.2,6854,2878,7731,166,113309,7370,13344,51075,48901,3697,37.69,-7.52,-6.65,-9.07,0.0,-14.93,-11.6,-19.5,-17.77,-11.32,-14.24,0.0
3622,145982,173443,45.7,4775,5810,26014,168,106414,10696,12944,55530,53324,10768,40.67,-10.11,-6.37,-3.74,0.0,-12.25,-9.59,-16.91,-14.91,-8.87,-4.86,0.0
3623,136775,190569,41.78,4073,1793,6852,92,111643,8241,13369,54090,52872,4456,36.23,-12.67,-9.08,-6.71,0.0,-13.59,-6.63,-16.64,-19.1,-9.81,-12.27,0.0
3624,134831,183601,42.34,4513,2773,7712,366,109246,8022,13303,49240,48401,4513,36.29,-13.18,-2.94,-13.78,0.0,-14.0,-16.33,-18.04,-16.6,-9.01,-19.19,0.0
3625,137375,188583,42.15,3238,6137,35490,146,85853,19579,8948,47696,47983,13778,38.04,-4.31,-5.82,-3.98,0.0,-11.61,-5.37,-13.52,-15.21,-6.3,-7.51,1.0
3626,161900,176969,47.78,6706,9086,43412,404,96667,17988,10968,56378,59729,17416,43.22,-1.8,-2.08,-7.0,0.0,-11.26,-5.21,-13.95,-14.2,-7.14,-3.22,1.0
3701,155294,150319,50.81,4310,2620,70831,83,59931,9296,15559,60201,55071,5868,43.61,-15.9,-0.23,-10.46,0.0,-17.94,-14.29,-12.57,-16.09,-10.46,-12.76,1.0
3702,81976,213373,27.76,2711,4952,24698,0,37004,12988,5276,20224,23008,12983,22.86,-19.67,-10.03,-16.42,0.0,-19.9,-9.05,-19.49,-25.29,-14.04,-9.39,1.0
3703,142549,154874,47.93,5281,2258,43355,39,73652,15064,18867,49880,48720,8778,40.36,-22.59,-11.73,-11.65,0.0,-17.79,-11.84,-24.87,-16.42,-12.53,-10.49,0.0
3704,114944,187569,38.0,4164,4867,43568,118,48381,15775,9527,37555,30631,12518,31.63,-10.61,-8.94,-12.31,0.0,-20.33,-12.32,-21.02,-20.36,-12.74,-6.59,1.0
3705,150557,155917,49.13,5822,2870,28141,72,95146,16656,12212,51272,48702,10317,40.25,-12.08,-10.0,-10.83,0.0,-19.34,-12.99,-21.17,-24.31,-17.02,-10.61,0.0
3706,129901,167539,43.67,4539,5396,51601,18,56643,13967,8356,45060,38878,11805,37.28,-14.86,-8.94,-10.65,0.0,-17.87,-5.65,-25.22,-19.76,-13.7,-6.93,1.0
3707,138893,174901,44.26,18683,2696,35303,96,68418,11399,13523,50460,42681,6340,37.03,-11.93,-24.23,-11.88,0.0,-18.47,-9.13,-23.77,-19.4,-14.19,-6.27,0.0
3708,118875,158198,42.9,6118,2978,26634,85,74342,13355,13283,43446,41971,9111,36.38,-10.74,-12.44,-6.43,0.0,-17.92,-11.09,-16.25,-19.16,-13.45,-16.58,0.0
3709,137671,157058,46.71,8504,2983,44655,134,69791,20532,19497,46184,43657,11587,40.01,-10.76,-21.85,-9.44,0.0,-16.8,-8.99,-19.59,-16.08,-11.72,-9.06,0.0
3710,130957,169582,43.57,5905,4204,17804,474,91894,10518,10449,48408,50372,7920,36.02,-15.49,-8.89,-13.38,0.0,-18.04,-11.42,-21.46,-23.37,-13.37,-8.98,0.0
3711,135168,170528,44.22,7897,2421,9343,78,97643,10301,12352,47982,47120,6451,35.37,-19.14,-15.11,-7.76,-54.39,-20.38,-7.09,-18.2,-23.64,-12.43,-10.75,0.0
3712,103898,178170,36.83,1743,5288,49120,157,34768,14946,8907,32008,27389,16331,32.09,-12.32,-19.38,-9.68,-23.04,-16.08,-11.0,-11.21,-15.22,-6.76,-10.49,1.0
3713,106839,176681,37.68,4141,3158,32344,31,56411,15911,9956,35333,35308,11617,32.27,-10.98,-16.06,-9.91,0.0,-17.26,-4.8,-19.92,-21.13,-11.68,-5.81,0.0
3714,105969,211445,33.39,2255,4831,34343,0,49878,15726,7600,33016,29202,14012,28.29,-24.88,-11.63,-14.38,-100.0,-15.66,-15.2,-11.15,-16.72,-8.17,-16.77,
3800,109296,213207,33.89,9273,2080,6752,60,68647,4767,6695,30671,29493,3861,24.22,-17.43,-9.68,-33.91,0.0,-28.14,-45.34,-43.19,-24.52,-21.27,-47.66,0.0
3901,126431,203047,38.37,4976,4195,49779,217,62848,7359,8249,34602,39838,5753,33.36,-4.36,-11.33,-5.44,0.0,-16.75,-4.15,-19.55,-18.89,-13.7,-2.67,0.0
3902,143640,163252,46.8,4884,1310,7094,175,120353,2212,12334,52977,59132,1113,40.01,-2.14,-25.65,-3.34,0.0,-14.69,-20.55,-20.49,-18.36,-11.28,-22.17,0.0
3903,128388,200486,39.04,3095,8727,53696,297,59162,10332,8110,36529,37944,17421,33.67,-11.82,-15.21,-8.09,-0.67,-18.51,-12.81,-16.74,-15.71,-8.13,-7.69,1.0
3904,115263,190505,37.7,4861,1966,10373,29,87930,5224,10670,39466,42544,3232,30.94,-7.9,-10.11,-8.55,0.0,-18.25,-12.89,-18.62,-22.91,-12.8,-9.26,0.0
3905,124085,195299,38.85,4049,2861,11355,10,93451,13142,12747,42059,43607,4138,32.36,-7.32,-4.7,-8.28,0.0,-17.2,-10.01,-18.37,-21.61,-11.27,-10.84,0.0
3906,150587,172100,46.67,3961,1941,19960,117,110123,6858,14393,54292,54991,3557,38.66,-6.34,-10.68,-8.49,0.0,-18.2,-9.08,-23.64,-22.24,-13.29,-12.45,0.0
3907,106800,218122,32.87,2363,4319,10065,0,76866,6961,8038,42218,37058,9916,27.0,-12.12,-0.74,-8.72,0.0,-18.88,-8.84,-25.22,-21.02,-14.06,-13.66,0.0
3908,114557,189362,37.69,4004,4121,21402,32,79984,6444,10089,38393,41667,5820,32.28,-10.16,-2.11,-10.5,0.0,-14.78,-11.93,-15.52,-18.32,-9.05,-14.06,0.0
3909,143838,188039,43.34,5617,3344,32594,123,91714,12737,11880,47295,51478,4262,36.5,-9.69,-8.08,-8.84,0.0,-17.3,-8.83,-14.57,-20.26,-12.01,-7.02,1.0
3910,139948,188537,42.6,3624,3583,37366,154,86085,4955,14498,48912,44699,5225,36.33,-10.98,-25.54,-10.5,0.0,-16.26,-17.46,-15.55,-17.49,-9.76,-13.32,0.0
3911,188457,163649,53.52,3765,5203,103043,192,65059,17315,11204,67970,69779,13098,47.8,-10.63,-7.34,-8.86,0.0,-13.04,-2.8,-18.07,-14.41,-8.97,-6.11,1.0
3912,125020,175921,41.54,5221,3035,10114,0,97557,3192,13285,43402,47762,3862,34.82,-10.31,-5.13,-4.04,0.0,-16.98,-14.19,-18.91,-20.44,-10.86,-13.41,0.0
3913,144924,188939,43.41,7474,5325,32689,0,97324,4428,11636,50282,46403,5395,36.99,-7.33,-3.46,-7.22,0.0,-16.19,-15.82,-17.46,-17.58,-11.91,-1.71,1.0
3914,128427,194869,39.72,2916,2740,13507,0,95468,7053,12999,49435,47822,5423,32.51,-21.89,-13.37,-8.51,0.0,-18.91,-11.83,-19.54,-21.22,-12.5,-9.92,0.0
3915,124569,195884,38.87,3240,4966,30126,37,77689,10038,10577,38576,42247,10452,32.75,-11.67,-13.56,-14.3,-77.84,-16.49,-11.54,-13.76,-19.29,-9.66,-13.01,0.0
4001,143181,174719,45.04,26520,5567,24300,107,87081,19221,12908,41845,49016,13211,37.77,-15.11,-9.64,-13.02,-0.93,-17.17,-12.24,-16.23,-19.42,-11.99,-11.57,0.0
4002,162766,143310,53.18,53074,2799,10268,281,113794,11811,16671,55986,67920,5444,44.76,-12.01,-12.34,-9.42,-5.07,-16.23,-8.05,-23.05,-20.05,-13.53,-12.15,0.0
4003,149498,147760,50.29,22860,3923,15049,317,99412,30261,14394,44652,54218,14989,41.86,-9.77,-7.56,-13.14,-3.35,-17.44,-12.18,-19.44,-22.02,-14.35,-12.99,0.0
4004,140412,165155,45.95,23543,4271,16708,410,93824,19377,17341,41851,49684,7014,36.61,-13.19,-17.74,-18.11,-43.13,-19.95,-16.27,-21.98,-19.08,-18.09,-16.05,0.0
4005,129699,191456,40.39,14901,5957,30595,611,77755,14269,12119,36314,44041,7924,33.67,-11.92,-12.55,-7.99,0.0,-19.18,-11.01,-19.69,-20.31,-13.4,-12.14,0.0
4101,109437,184562,37.22,6902,11116,6489,583,82797,20424,10102,36291,37455,12699,33.45,-4.34,-11.12,-11.21,0.0,-10.16,-5.4,-12.86,-12.77,-8.08,-4.94,1.0
4102,143769,138478,50.94,12995,3793,3104,228,119480,23453,18480,58488,55389,9518,45.55,-7.67,-12.12,-5.88,-42.13,-10.74,-12.71,-9.39,-14.23,-8.46,-14.25,0.0
4103,121885,161755,42.97,7146,13339,12742,645,90151,20526,10173,37677,41310,21046,39.31,-9.11,-5.26,-5.49,-14.57,-9.36,-8.57,-10.11,-13.78,-8.9,-5.23,1.0
4104,143614,148611,49.15,11265,8011,4449,617,121190,17547,19883,50812,55841,6623,43.81,-2.48,-8.52,-2.13,-34.15,-11.17,-5.42,-7.2,-15.64,-7.88,-4.83,1.0
4105,112953,169901,39.93,7646,7579,4315,474,90821,16927,12581,37568,36480,9269,35.25,-6.44,-7.57,-3.88,-4.63,-12.32,-5.96,-8.85,-17.48,-9.26,-6.34,1.0
4106,113425,154194,42.38,10676,6518,4598,509,86782,27642,12827,40897,41096,18380,37.99,-5.49,-10.29,-7.65,0.0,-10.48,-6.12,-7.59,-13.18,-7.5,-7.6,
4201,87348,206137,29.76,783,6442,7625,64,62412,7550,8573,37732,30256,10640,25.54,-24.2,-4.42,-7.43,0.0,-15.08,-15.01,-11.25,-16.65,-8.47,-9.02,0.0
4202,177947,122039,59.32,3824,16478,66771,560,62210,41366,9326,66260,70697,46354,53.25,-4.04,-5.68,-10.61,0.0,-12.65,-6.07,-12.08,-12.41,-7.66,-4.15,1.0
4203,170499,159811,51.62,2886,13499,102927,251,41926,20993,10356,64626,60349,22744,47.13,-5.69,-6.86,-7.67,0.0,-11.8,-5.29,-11.8,-8.28,-5.88,-4.7,1.0
4204,89512,209829,29.9,1565,5959,13913,0,61979,9431,7234,35687,30250,8322,26.01,-3.1,-8.29,-11.93,0.0,-13.27,-6.73,-16.47,-16.76,-11.8,-12.28,1.0
4205,116587,178763,39.47,1161,9231,44427,0,52052,7057,6995,39890,38724,14634,34.47,-4.05,-9.38,-8.56,0.0,-15.64,-8.77,-15.18,-17.44,-10.09,-5.4,1.0
4206,97279,192553,33.56,2690,3253,10950,89,61130,28012,8725,34375,36653,19414,29.23,-4.27,-14.1,-6.78,0.0,-15.73,-3.98,-8.97,-17.72,-12.55,-4.35,1.0
4207,114657,181211,38.75,1469,2788,17032,108,73157,34566,9212,41829,43853,20335,33.06,-21.49,-17.05,-8.36,0.0,-17.56,-9.86,-21.49,-19.29,-14.29,-8.58,1.0
4208,138337,172542,44.5,5362,2622,13250,160,101256,22707,13383,52427,52026,12578,37.24,-2.93,-21.96,-5.15,0.0,-16.86,-5.26,-19.13,-21.62,-10.2,-9.22,1.0
4209,130827,175451,42.72,3688,1844,6239,275,104378,11685,14798,49859,49495,5644,36.05,-6.47,-8.58,-7.54,-1.79,-15.75,-6.62,-16.52,-21.92,-11.68,-8.42,0.0
4210,111925,198356,36.07,3367,6161,19879,0,70918,16206,10629,37574,36300,11317,30.05,-14.09,-11.02,-7.4,0.0,-18.73,-3.0,-13.92,-20.94,-15.99,-6.16,0.0
4211,107707,186154,36.65,1864,2394,10910,0,78139,20875,8980,39421,36916,10943,30.68,-16.75,-35.47,-7.15,0.0,-16.44,-5.31,-16.17,-19.99,-12.8,-11.19,0.0
4212,138881,200359,40.94,3112,5765,37297,47,84071,4389,11655,53868,48834,5545,35.25,-12.54,-14.35,-9.5,0.0,-15.31,-14.69,-18.05,-14.56,-10.53,-12.17,0.0
4213,123030,178139,40.85,1881,1884,6074,329,98536,5831,12498,48490,47549,4911,34.38,-8.06,-7.01,-4.17,-24.19,-16.3,-7.9,-20.19,-21.66,-12.38,-12.65,0.0
4214,137341,186711,42.38,3591,2069,8316,0,109883,2512,13295,52757,50321,2614,35.27,-8.23,-12.55,-7.29,-100.0,-16.92,-13.41,-21.07,-23.4,-13.91,-7.8,0.0
4215,134417,161849,45.37,2680,3690,4632,183,105660,3339,12554,46175,46086,3145,37.43,-13.96,-6.94,-3.1,-12.02,-17.86,-14.54,-23.93,-24.66,-15.08,-12.32,0.0
4216,131732,185313,41.55,4731,2088,12812,28,104511,6290,12017,49844,49859,3788,35.38,-5.42,-6.07,-3.03,-60.56,-15.43,-5.46,-19.23,-20.2,-9.67,-10.11,0.0
4217,107695,218018,33.06,2806,2832,15536,87,79331,4425,9135,42705,37269,2908,28.4,-0.18,-9.98,-8.26,0.0,-15.41,-4.16,-19.92,-18.21,-10.2,-6.94,1.0
4401,96900,120085,44.66,2535,2891,12895,96,66146,26465,6462,39699,37555,20416,40.72,-5.52,-15.59,-4.64,0.0,-10.18,-6.36,-12.43,-11.75,-6.8,-8.24,1.0
4402,93141,130055,41.73,3499,3329,9732,151,69002,21912,8643,38280,32608,15089,37.92,-2.83,-14.9,-3.56,0.0,-9.81,-6.09,-8.37,-11.63,-6.75,-8.43,1.0
4501,107190,183745,36.84,2958,2711,36013,103,53603,8674,16774,38659,33592,5204,31.06,-16.98,-13.11,-12.45,-2.83,-17.71,-9.08,-14.73,-19.74,-12.1,-11.81,0.0
4502,128673,165129,43.8,2803,2574,47409,130,62247,8121,14279,43183,40671,7355,36.53,-9.08,-24.36,-12.54,-1.52,-18.73,-9.15,-18.28,-19.61,-13.69,-7.33,0.0
4503,131153,163941,44.44,5782,2202,28738,25,82565,9311,10391,43980,44108,5224,36.82,-19.84,-18.08,-11.43,-85.21,-18.42,-8.16,-28.84,-22.79,-13.46,-9.92,0.0
4504,119677,172195,41.0,4597,2772,33423,0,62438,14435,10765,37563,40582,10963,33.77,-21.9,-19.21,-8.92,0.0,-21.15,-12.32,-11.61,-21.41,-11.98,-17.07,0.0
4505,128461,164420,43.86,3566,2043,47233,51,59753,7090,12531,44205,39876,4742,36.05,-12.08,-19.54,-12.01,0.0,-22.05,-14.42,-25.36,-23.35,-16.57,-12.23,0.0
4506,132731,157108,45.79,3114,2512,65273,197,50296,6408,16018,46555,41805,4837,39.3,-11.91,-16.43,-10.21,-3.43,-19.07,-15.25,-18.9,-17.3,-10.88,-10.33,1.0
4507,142788,152635,48.33,3239,2864,48726,128,70033,5754,13200,53214,48358,3345,39.59,-16.13,-15.39,-10.28,0.0,-22.08,-22.05,-23.16,-22.69,-15.63,-21.75,0.0
4600,121432,235454,34.03,19851,2293,6401,377,78502,7810,12752,37375,40511,2924,26.38,-4.53,-28.05,-17.64,-16.04,-24.15,-20.29,-24.19,-23.0,-11.35,-8.65,0.0
4701,159138,153198,50.95,6414,1851,7383,52,126450,7275,15800,57360,62751,4448,41.71,-14.56,-12.02,-2.64,-87.22,-18.38,-12.95,-21.94,-24.99,-15.64,-8.67,0.0
4702,126675,190329,39.96,5235,2035,10125,145,92705,6923,10910,40336,40805,3962,31.59,-21.1,-24.99,-15.7,0.0,-20.77,-12.64,-21.05,-24.78,-15.32,-21.54,0.0
4703,132521,179659,42.45,4118,1514,19123,49,92185,8590,13754,51002,52445,4862,35.14,-19.48,-35.3,-16.8,0.0,-17.29,-7.01,-14.94,-21.99,-14.01,-13.78,0.0
4704,120197,168840,41.59,3319,3416,16044,3,86859,8826,11542,42997,43256,8105,35.19,-22.0,-15.45,-11.61,0.0,-15.62,-18.08,-10.89,-17.12,-12.02,-12.98,0.0
4705,97615,212441,31.48,2032,4175,21353,104,56190,8165,6049,29143,28890,11380,25.78,-22.77,-5.14,-13.16,0.0,-20.2,-17.94,-23.21,-21.28,-13.96,-9.78,1.0
4706,143384,175655,44.94,3679,2967,20646,87,101807,8835,11495,52205,51260,7094,38.06,-5.03,-14.52,-12.89,0.0,-15.38,-18.43,-13.18,-16.33,-10.25,-11.6,0.0
4707,122216,184202,39.89,4423,3272,28012,71,72398,8156,14413,36084,42389,5647,31.58,-16.12,-20.43,-15.29,0.0,-22.16,-33.15,-24.25,-20.32,-15.76,-28.28,0.0
4708,140383,159027,46.89,4461,2547,43597,8,78331,6273,12421,49939,55001,3915,39.82,-4.8,-6.05,-8.84,0.0,-17.59,-8.06,-13.3,-19.2,-10.9,-10.72,0.0
4709,158809,146111,52.08,2801,2981,98315,79,32583,9045,10792,50874,43634,9715,43.79,-14.91,-8.92,-13.68,0.0,-21.8,-14.3,-16.13,-15.06,-7.6,-13.51,1.0
4801,134016,147125,47.67,5711,2001,29904,26,80382,19203,13235,45671,45636,11243,38.9,-9.92,-24.52,-13.63,-62.86,-19.44,-17.8,-17.99,-21.56,-12.23,-20.49,0.0
4802,97378,174422,35.83,2009,3426,19195,220,61754,34005,9781,28307,29544,19345,30.62,-7.42,-13.35,-15.34,0.0,-12.49,-11.69,-12.56,-16.61,-9.78,-11.93,0.0
4803,67806,210576,24.36,2065,5389,11126,33,38752,13991,5447,20323,16938,9834,19.4,-17.0,-18.66,-17.53,-54.79,-21.1,-18.03,-14.4,-24.12,-18.11,-18.3,0.0
4804,97648,197830,33.05,4467,5443,11808,101,61641,16030,7550,30563,28536,10884,25.93,-14.2,-14.43,-22.86,-33.99,-20.88,-19.01,-26.31,-24.37,-18.37,-20.97,0.0
4805,117398,148330,44.18,3337,5196,24158,39,66003,31476,11811,37516,36217,24922,36.05,-17.56,-18.74,-14.3,-62.5,-19.64,-17.01,-21.62,-22.27,-13.43,-17.04,0.0
4806,108657,163826,39.88,3967,4586,16687,284,58038,33098,7282,33418,32380,23096,31.76,-8.51,-15.47,-17.72,-10.69,-21.35,-19.18,-21.61,-21.77,-15.13,-18.66,0.0
4807,134971,181336,42.67,2926,17602,35574,138,45149,45829,5623,34270,29716,44390,34.84,-23.82,-16.57,-13.66,0.0,-18.66,-21.76,-9.73,-18.58,-9.33,-20.43,1.0
4808,103235,170996,37.65,4217,8264,18411,26,58238,34205,12999,29924,28941,27724,31.95,-17.62,-9.47,-9.11,0.0,-16.02,-11.31,-14.55,-21.73,-11.91,-5.16,0.0
4809,138293,141778,49.38,2751,10548,52139,520,41988,47373,7037,47422,40204,41073,41.82,-5.82,-14.08,-9.71,0.0,-17.82,-19.85,-13.04,-14.72,-7.96,-19.28,1.0
4810,114777,178349,39.16,4320,5474,18058,6,68520,32754,8738,34899,31265,16992,31.6,-23.17,-16.52,-14.97,-95.2,-19.18,-17.56,-21.43,-22.26,-16.69,-15.29,0.0
4811,126050,166503,43.09,5036,2939,21094,0,73403,55448,15225,33625,38535,21837,36.08,-14.93,-12.58,-10.05,-100.0,-18.54,-13.24,-21.8,-20.01,-11.99,-10.06,0.0
4812,104185,187460,35.72,3102,5915,17346,1,56132,31902,9354,29880,28999,20650,29.69,-20.28,-12.18,-12.59,0.0,-18.93,-16.05,-14.63,-19.83,-12.21,-14.42,0.0
4813,124051,168902,42.35,5073,3542,12192,30,84634,36088,11120,35861,40496,14138,34.09,-25.46,-17.03,-7.48,-76.38,-20.31,-19.07,-18.52,-21.07,-14.32,-19.58,0.0
4814,119939,174797,40.69,3660,4767,27948,464,67463,32319,12145,38160,39103,16669,34.31,-23.99,-5.36,-11.58,0.0,-17.55,-15.32,-13.24,-17.87,-12.59,-9.17,0.0
4815,149889,101757,59.56,2124,1768,4193,191,114991,117995,7873,48757,50822,68049,52.45,-9.27,-18.6,-15.62,0.0,-12.14,-10.83,-17.62,-12.73,-8.44,-9.02,1.0
4816,149111,117814,55.86,4824,2461,7235,0,99363,116217,16137,53815,49853,66226,48.43,-5.84,-26.52,-19.41,-100.0,-12.59,-11.62,-21.8,-12.05,-9.78,-12.45,1.0
4817,125651,162841,43.55,5679,3291,22751,238,75929,28270,10029,34819,41347,14077,35.62,-7.96,-9.24,-13.24,0.0,-19.08,-18.69,-23.98,-23.62,-17.05,-20.64,0.0
4818,139340,143259,49.31,3471,6151,45409,490,56287,61302,6416,39776,42750,43820,42.65,-8.05,-14.63,-9.04,0.0,-13.77,-14.45,-14.53,-15.25,-9.72,-14.01,1.0
4819,141612,153820,47.93,4010,2624,13627,213,95649,59283,9887,38716,44875,18090,39.51,-28.11,-13.94,-14.85,-6.58,-17.42,-15.6,-24.32,-20.1,-14.1,-14.95,0.0
4820,145492,134784,51.91,5878,4608,12577,302,94427,97277,15724,39715,53448,31723,43.64,-8.24,-9.04,-15.16,-23.93,-16.06,-15.57,-17.04,-16.76,-10.97,-13.5,1.0
4821,103973,206849,33.45,3962,3055,9621,285,70694,39854,12146,32961,35829,13709,27.21,-28.72,-24.99,-14.29,-18.8,-18.85,-17.22,-19.39,-21.04,-12.78,-18.7,0.0
4822,94124,176299,34.81,2055,10127,19703,151,45814,33254,9300,36193,27299,23425,30.09,-29.16,-13.21,-12.73,-36.29,-13.43,-14.13,-13.32,-14.61,-11.29,-11.5,0.0
4823,121178,142534,45.95,3658,2889,7168,131,83822,79877,16155,41342,45867,36349,39.18,-28.94,-18.18,-12.9,-2.24,-14.98,-13.18,-16.18,-15.99,-11.27,-11.73,0.0
4824,83659,212347,28.26,2902,6844,15816,73,39661,21575,5744,20575,19037,16937,22.72,-15.34,-16.97,-15.65,0.0,-21.04,-19.35,-12.52,-22.43,-16.03,-19.3,0.0
4825,111166,171501,39.33,4261,4629,18139,34,65944,28692,9779,36458,34290,19292,32.2,-7.59,-11.36,-13.04,-72.58,-18.78,-16.23,-14.99,-17.41,-12.69,-13.03,0.0
4826,73878,219273,25.2,3953,5384,13117,5,43422,15618,6413,20487,21215,10221,20.65,-12.19,-18.42,-10.84,0.0,-19.62,-17.77,-20.08,-22.11,-14.46,-15.77,0.0
4827,132825,152958,46.48,3251,1339,7777,259,96726,76352,14291,46757,45939,18742,39.02,-19.15,-30.98,-15.42,0.0,-16.47,-13.23,-17.62,-17.72,-12.15,-11.89,0.0
4828,139085,113516,55.06,3033,1542,6996,49,100535,103816,12115,47806,53557,51132,48.06,-18.66,-28.71,-19.94,0.0,-11.83,-10.6,-22.32,-14.04,-11.18,-9.69,1.0
4829,148097,104931,58.53,3185,4292,34456,97,69557,82383,6517,46905,46461,57966,50.67,-11.36,-13.36,-9.68,0.0,-12.42,-13.83,-20.6,-13.67,-9.75,-13.25,1.0
4830,134584,142229,48.62,4052,4028,57481,165,45627,45068,8794,38991,48652,32457,41.0,-9.39,-10.63,-10.82,0.0,-17.0,-16.93,-16.41,-15.5,-11.82,-17.42,1.0
4831,96528,199957,32.56,5143,4854,13848,133,60954,27673,16199,30030,32817,10263,26.61,-9.9,-12.19,-13.34,-29.26,-19.66,-13.93,-20.19,-24.07,-17.14,-17.27,0.0
4832,120404,187263,39.13,3872,9050,31666,108,52021,37559,5017,28656,26580,32636,31.95,-12.3,-16.5,-12.83,0.0,-20.82,-19.41,-23.96,-20.52,-13.75,-16.06,1.0
4833,128803,151375,45.97,4070,6184,33495,200,48470,55724,7019,36308,36112,41755,38.78,-13.42,-11.78,-13.66,0.0,-16.78,-15.81,-18.26,-14.2,-11.18,-14.94,1.0
4834,156479,82921,65.36,1216,1275,1693,110,125397,132369,6805,52825,51394,80495,58.78,-7.46,-4.06,-5.89,0.0,-10.44,-8.78,-15.84,-15.13,-9.75,-7.22,1.0
4835,128872,172948,42.7,4361,4846,15173,177,78250,64089,11649,33893,40757,28639,34.9,-25.29,-19.29,-18.1,-1.12,-18.37,-15.7,-19.75,-17.09,-14.31,-13.31,1.0
4836,122135,152138,44.53,3434,5951,22473,6,66747,40148,11566,38649,38285,25487,36.92,-7.64,-20.89,-13.77,0.0,-17.05,-16.3,-22.21,-19.91,-14.96,-15.89,0.0
4837,96582,258506,27.2,2861,7291,13458,77,54937,33796,4998,21519,18668,16556,22.12,-16.54,-30.1,-14.04,0.0,-18.88,-12.6,-21.02,-19.3,-19.22,-14.41,
4838,104494,185779,36.0,2790,10751,28738,76,50324,35837,7245,29275,28641,27146,30.95,-9.77,-6.18,-9.53,0.0,-14.65,-15.58,-12.53,-16.73,-7.44,-11.87,
4901,93681,188367,33.21,3671,3091,2773,100,67987,15336,8774,26049,28502,7429,26.58,-16.61,-36.56,-20.7,-72.3,-20.11,-19.2,-21.29,-17.38,-16.85,-18.92,0.0
4902,100092,190698,34.42,3491,4788,4160,333,67308,18137,9412,30538,30400,10882,26.74,-22.97,-18.46,-15.17,-8.01,-22.69,-20.04,-22.97,-19.55,-17.37,-19.4,0.0
4903,93318,179882,34.16,6295,4619,1479,487,64997,12774,5561,22701,28592,7604,26.82,-5.75,-17.75,-42.05,-18.97,-21.81,-19.67,-15.37,-19.86,-16.47,-24.38,0.0
4904,74231,181224,29.06,2962,3795,2996,254,48336,16264,5019,21357,22381,10878,22.44,-22.48,-18.07,-15.01,-0.39,-23.83,-17.7,-16.45,-15.82,-14.9,-12.32,0.0
5000,116455,153701,43.11,5035,3640,3798,38,101099,3937,7619,43221,41490,4017,38.46,-1.64,-17.59,-4.4,0.0,-10.93,-4.23,-16.95,-15.59,-7.57,-2.1,1.0
5101,89911,218103,29.19,2489,4217,23778,0,49483,6819,13046,35532,31029,6463,24.08,-10.85,-13.16,-14.19,0.0,-18.0,-15.61,-14.98,-20.52,-12.17,-17.02,0.0
5102,99421,210093,32.12,3278,6520,34336,199,50683,10564,22014,34674,33947,5958,27.47,-9.77,-19.4,-13.29,0.0,-14.83,-6.92,-14.75,-15.58,-10.5,-20.19,1.0
5103,142767,178921,44.38,4958,5267,81071,231,44230,10897,29104,45869,49866,7088,38.37,-7.91,-18.66,-9.94,0.0,-18.02,-18.42,-16.55,-12.56,-7.86,-14.9,1.0
5104,133607,180008,42.6,2882,4108,64888,9,49929,9684,13403,46865,47291,7487,36.59,-10.75,-18.39,-11.41,0.0,-16.49,-8.47,-15.62,-18.11,-11.15,-11.68,1.0
5105,127124,183326,40.95,3421,3432,35773,378,70837,6046,13686,47527,42985,3351,33.68,-3.2,-16.19,-14.47,0.0,-19.71,-11.02,-16.16,-20.71,-13.62,-0.12,0.0
5106,127386,183615,40.96,3891,2564,18922,0,91294,11070,14040,45202,42182,7394,34.88,-9.89,-21.61,-8.53,0.0,-15.84,-10.31,-19.09,-21.08,-12.68,-14.77,0.0
5107,81814,190882,30.0,3784,8417,23514,674,45283,18217,15752,30187,23886,16358,26.72,-10.03,-5.45,-9.33,0.0,-12.15,-6.32,-10.98,-13.52,-7.77,-5.21,1.0
5108,73517,244530,23.12,2097,12002,20497,26,29651,17314,7068,24609,16549,25938,20.18,-15.44,-11.33,-5.64,0.0,-18.75,-13.95,-10.16,-13.78,-9.86,-8.84,1.0
5109,154559,167650,47.97,2839,2736,11831,53,116738,5414,13694,55830,59834,3303,39.34,-9.36,-15.06,-11.27,0.0,-18.28,-12.34,-15.47,-22.65,-14.4,-17.36,0.0
5110,60049,203025,22.83,2317,10507,9953,440,36560,15082,7570,23421,19137,16732,20.3,-3.14,-7.85,-8.06,-24.53,-12.11,-13.24,-10.96,-10.72,-6.98,-13.34,1.0
5111,52486,228663,18.67,1739,14008,9176,288,26017,9966,4915,19791,13556,18227,16.46,-9.14,-14.64,-5.54,0.0,-11.43,-9.52,-13.3,-13.75,-9.49,-10.32,1.0
5301,79640,217180,26.83,3533,12924,6012,107,54812,11616,7058,29120,24788,15134,23.16,-10.58,-11.32,-5.1,0.0,-14.22,-8.3,-14.74,-15.97,-9.23,-13.61,1.0
5302,115832,194198,37.36,8111,13105,5759,116,87314,17616,13379,40817,40865,16202,33.1,-6.45,-8.75,-8.99,0.0,-11.49,-8.96,-13.66,-16.05,-7.14,-10.07,1.0
5303,125331,174679,41.78,8794,6877,5869,929,105226,19621,15838,44609,49184,11846,38.25,-3.34,-3.47,-1.08,-4.52,-8.94,-5.17,-13.16,-14.31,-8.58,-3.43,0.0
5304,139196,138517,50.12,10064,5166,5368,487,98428,56004,13205,46367,51469,32980,45.03,-7.83,-4.03,-0.19,-30.13,-11.77,-6.07,-11.1,-14.18,-8.8,-4.28,0.0
5305,136938,167175,45.03,10832,7602,5951,608,110411,17451,18723,44389,53251,9337,39.94,-5.72,-5.9,-5.03,0.0,-11.84,-10.28,-14.91,-17.56,-8.6,-4.57,0.0
5306,123965,188020,39.73,11374,9879,11476,1016,95094,15175,24132,50046,47937,8124,35.19,-5.45,-7.23,-6.65,0.0,-12.06,-4.98,-8.67,-14.64,-8.27,-10.96,1.0
5307,108500,244065,30.77,5483,22925,14845,545,66953,14410,5824,31366,30089,17976,27.4,-8.89,-9.93,-9.05,0.0,-11.51,-5.32,-9.13,-13.32,-6.53,-5.27,1.0
5308,87773,191684,31.41,5674,9280,6630,430,62524,18811,11031,33059,31519,16925,28.34,-18.51,-7.42,-2.87,-3.59,-10.99,-7.56,-11.36,-10.94,-7.88,-4.03,1.0
5309,109589,184846,37.22,7425,23872,23127,1000,56453,20446,8732,35579,35148,34027,34.54,-2.94,-7.03,-3.02,0.0,-7.9,-5.01,-4.93,-10.75,-4.95,-4.32,1.0
5310,112651,182485,38.17,8074,15670,17808,1313,81812,18970,22632,38187,41059,12877,34.48,-5.12,-5.94,-2.47,-14.57,-10.22,-5.22,-12.37,-10.96,-5.59,-5.48,1.0
5401,195312,165157,54.18,5674,1778,16235,55,163527,3967,20048,77188,84157,1790,47.92,-16.36,-5.27,-6.25,0.0,-11.82,-6.48,-15.45,-16.32,-9.6,-4.02,0.0
5402,165152,196568,45.66,6435,3426,9362,596,137620,5781,15751,56803,62731,2204,39.38,-9.49,-4.78,-5.17,0.0,-14.11,-3.0,-14.76,-18.7,-10.25,-3.97,0.0
5501,107860,192304,35.93,2802,1774,14408,0,78975,20020,7902,38743,36558,8087,30.82,-11.72,-10.9,-6.63,0.0,-15.48,-3.9,-13.81,-19.26,-7.47,-5.99,0.0
5502,102896,212735,32.6,1851,7421,12047,382,72870,9470,5867,27405,25800,5285,26.89,-1.75,-13.73,-17.62,0.0,-17.34,-12.43,-20.14,-18.12,-7.02,-19.47,1.0
5503,112853,187106,37.62,2873,3732,3267,23,88207,6172,10220,37540,35129,4445,30.56,-17.35,-15.37,-4.78,0.0,-18.54,-8.4,-23.58,-23.65,-13.63,-11.67,1.0
5504,156429,146577,51.63,4258,6875,72868,0,62622,29704,8653,47861,54474,21061,47.26,-14.58,-6.4,-6.04,0.0,-11.72,-5.39,-10.02,-10.26,-4.47,-3.02,1.0
5505,79817,223525,26.31,1820,2231,5115,0,63808,7323,7669,32065,25743,4436,22.38,-0.44,-14.03,-0.91,0.0,-15.45,-4.78,-13.92,-20.63,-7.12,-9.14,0.0
5506,105863,201665,34.42,3904,4440,4505,356,80914,7496,10460,35985,32918,4821,28.6,-3.27,-5.53,-5.44,0.0,-17.41,-10.74,-13.6,-22.22,-12.72,-5.45,0.0
5507,120295,194023,38.27,8381,2088,1900,1,95302,5072,9805,45140,43397,4567,31.71,-8.77,-6.99,-17.57,0.0,-17.62,-3.35,-28.15,-23.29,-11.65,-4.01,0.0
5508,106036,199995,34.65,6701,3340,4407,222,80692,12092,9049,38010,34296,6087,29.05,-1.83,-10.41,-11.43,0.0,-16.73,-4.91,-16.47,-22.86,-11.48,-17.04,0.0
5600,84623,158136,34.86,5075,1865,2823,355,61663,9622,8036,22642,26807,1717,27.51,-17.32,-20.54,-17.84,0.0,-22.15,-25.95,-24.47,-27.7,-20.74,-25.41,0.0
7298,934092,231895,80.11,19970,3541,136888,0,529180,839489,29418,459578,372650,756818,72.33,-11.39,-1.75,-9.12,0.0,-10.07,-9.7,-16.35,-9.58,-7.93,-9.1,
