puma22,Num Eligible,Num Ineligible,Percentage Eligible
0100100,34309,38180,0.47
0100200,12693,27623,0.31
0100300,24639,36157,0.41
0100401,15109,29072,0.34
0100402,22288,45031,0.33
0100403,15418,31564,0.33
0100501,19140,23235,0.45
0100600,24791,21429,0.54
0100700,25616,22536,0.53
0100800,25857,18774,0.58
0100900,26757,28083,0.49
0101000,25513,28723,0.47
0101100,27156,20882,0.57
0101201,12925,24790,0.34
0101202,27585,21503,0.56
0101301,20995,22179,0.49
0101401,19188,25998,0.42
0101402,22388,27886,0.45
0101403,46905,32897,0.59
0101404,22283,54439,0.29
0101501,15272,37966,0.29
0101502,18109,31985,0.36
0101600,29988,24208,0.55
0101700,22455,21530,0.51
0101801,23543,20928,0.53
0101802,22393,20305,0.52
0101901,16030,22023,0.42
0102000,23234,20674,0.53
0102101,23579,25869,0.48
0102201,21813,18584,0.54
0102300,30699,30389,0.5
0102400,19777,20018,0.5
0102500,25844,22298,0.54
0102600,29392,19035,0.61
0102701,16192,31971,0.34
0102702,15445,30497,0.34
0102801,25976,25104,0.51
0102802,25744,25877,0.5
0102803,34782,25479,0.58
0200101,19684,29871,0.4
0200102,18212,41771,0.3
0200200,28729,37542,0.43
0200300,22998,39574,0.37
0200400,17081,15837,0.52
0400101,24085,48794,0.33
0400102,21010,34776,0.38
0400103,23957,23661,0.5
0400104,19571,25904,0.43
0400105,14755,43736,0.25
0400106,17266,30572,0.36
0400107,11130,39134,0.22
0400108,15275,30101,0.34
0400109,19257,27598,0.41
0400110,15007,50363,0.23
0400111,11175,40051,0.22
0400112,10687,47451,0.18
0400113,11740,31199,0.27
0400114,19757,27835,0.42
0400115,22518,21544,0.51
0400116,21727,28948,0.43
0400117,17438,32867,0.35
0400118,25023,23408,0.52
0400119,22610,12800,0.64
0400120,11325,31477,0.26
0400121,27500,20672,0.57
0400122,20515,8118,0.72
0400123,23816,9794,0.71
0400124,24078,16008,0.6
0400125,23467,17994,0.57
0400126,18549,29981,0.38
0400127,18435,30166,0.38
0400128,15411,28014,0.35
0400129,13134,38825,0.25
0400130,24911,37380,0.4
0400131,14428,30862,0.32
0400132,15524,34590,0.31
0400133,19760,20429,0.49
0400134,19733,41553,0.32
0400135,10193,46637,0.18
0400400,23315,17925,0.57
0400500,29053,26369,0.52
0400601,28868,25176,0.53
0400602,26499,23110,0.53
0400701,22594,18695,0.55
0400803,20846,36822,0.36
0400805,17807,23189,0.43
0400807,25636,26284,0.49
0400900,34262,32838,0.51
0401000,38716,21247,0.65
0401101,22970,18765,0.55
0401901,21289,21720,0.49
0401902,22463,34056,0.4
0401903,14459,34744,0.29
0401904,11423,40243,0.22
0401905,13483,26522,0.34
0401906,26942,26761,0.5
0401907,30781,21756,0.59
0401908,27496,14088,0.66
0401909,23313,25370,0.48
0402502,27297,36833,0.43
0402503,20289,27371,0.43
0500101,22230,42179,0.35
0500102,14683,27980,0.34
0500201,24618,28733,0.46
0500202,18607,21719,0.46
0500300,36241,29470,0.55
0500400,27545,18341,0.6
0500500,23823,19661,0.55
0500600,36081,20931,0.63
0500700,28316,22755,0.55
0500800,23702,20019,0.54
0500900,35440,41135,0.46
0501000,30488,20522,0.6
0501100,44904,36158,0.55
0501200,30893,22191,0.58
0501300,37319,32718,0.53
0501400,25066,35509,0.41
0501501,41064,45147,0.48
0501502,37302,48201,0.44
0501600,34609,28190,0.55
0501700,27821,21254,0.57
0502800,65,53,0.55
0600101,16596,35400,0.32
0600111,20161,25242,0.44
0600112,11890,34174,0.26
0600113,22262,18271,0.55
0600114,27705,44109,0.39
0600115,13704,21714,0.39
0600116,14212,16975,0.46
0600117,10633,22407,0.32
0600118,11355,29338,0.28
0600119,9832,33974,0.22
0600120,9246,31955,0.22
0600121,9955,27981,0.26
0600122,13797,17191,0.45
0600123,19358,19783,0.49
0600300,35614,45826,0.44
0600700,40192,41161,0.49
0601100,25655,19211,0.57
0601301,23868,20653,0.54
0601305,8369,42933,0.16
0601308,19677,18780,0.51
0601309,13941,27711,0.33
0601310,18035,31749,0.36
0601311,18050,29221,0.38
0601312,7107,31333,0.18
0601313,20397,46032,0.31
0601314,17518,16254,0.52
0601500,25382,24416,0.51
0601700,24554,50355,0.33
0601901,29582,11180,0.73
0601902,31264,43523,0.42
0601903,24948,10876,0.7
0601904,40259,16766,0.71
0601905,23180,10864,0.68
0601906,15241,26248,0.37
0601907,21268,17442,0.55
0602300,31636,23547,0.57
0602500,31686,16164,0.66
0602903,37165,13767,0.73
0602904,25292,6250,0.8
0602905,38091,30306,0.56
0602906,26859,17181,0.61
0602907,16416,16743,0.5
0602908,24794,30168,0.45
0603100,24053,19090,0.56
0603300,33736,28010,0.55
0603703,29314,24678,0.54
0603704,29480,21436,0.58
0603705,25952,36641,0.41
0603706,23472,20760,0.53
0603707,24470,11786,0.67
0603708,25358,16294,0.61
0603709,11425,28996,0.28
0603710,28107,23571,0.54
0603711,19536,34652,0.36
0603712,24851,15150,0.62
0603713,14681,18631,0.44
0603714,15018,19689,0.43
0603715,18740,15149,0.55
0603716,14686,9033,0.62
0603717,30268,31908,0.49
0603718,20715,36260,0.36
0603719,34632,36177,0.49
0603720,20595,29214,0.41
0603721,31247,23983,0.57
0603722,36884,26465,0.58
0603723,26960,13886,0.66
0603724,28579,35821,0.44
0603725,30898,34953,0.47
0603728,16973,33919,0.33
0603730,33313,39902,0.46
0603731,19465,39249,0.33
0603732,41775,35271,0.54
0603733,29499,15537,0.66
0603734,46386,32156,0.59
0603735,31740,31128,0.5
0603736,18544,23275,0.44
0603737,23098,14760,0.61
0603738,24609,8729,0.74
0603739,20412,32544,0.39
0603740,20795,14929,0.58
0603741,26854,7904,0.77
0603742,25687,7085,0.78
0603743,21983,8540,0.72
0603744,46170,26630,0.63
0603745,25473,4068,0.86
0603746,23861,7197,0.77
0603747,36189,27964,0.56
0603748,22176,59591,0.27
0603750,42685,11481,0.79
0603751,33685,5577,0.86
0603752,31085,12003,0.72
0603753,18800,16903,0.53
0603754,17190,22361,0.43
0603757,29448,15275,0.66
0603758,31103,21717,0.59
0603759,22516,14308,0.61
0603760,10850,44796,0.19
0603761,14088,35294,0.29
0603762,15315,17644,0.46
0603763,23790,20827,0.53
0603764,21140,30062,0.41
0603766,22991,13065,0.64
0603767,32958,29688,0.53
0603768,11407,29778,0.28
0603770,15241,25803,0.37
0603771,14240,20940,0.4
0603772,10628,20410,0.34
0603773,16013,24575,0.39
0603774,17001,38439,0.31
0603775,15625,37306,0.3
0603776,16016,27146,0.37
0603778,22001,16600,0.57
0603779,14196,37628,0.27
0603780,21981,22916,0.49
0603781,15845,11042,0.59
0603782,23699,14154,0.63
0603900,25645,18410,0.58
0604103,12832,26157,0.33
0604104,16715,47674,0.26
0604701,23246,11077,0.68
0604702,30566,20077,0.6
0605301,26815,43447,0.38
0605302,26862,18262,0.6
0605303,18061,20084,0.47
0605500,18748,30662,0.38
0605700,17828,25685,0.41
0605906,23359,42517,0.35
0605907,27713,38140,0.42
0605908,22985,37063,0.38
0605909,25837,17555,0.6
0605912,31068,20922,0.6
0605913,26695,16314,0.62
0605914,26381,52805,0.33
0605916,22786,11875,0.66
0605917,25082,14138,0.64
0605918,22860,43831,0.34
0605919,29040,32741,0.47
0605920,15938,29600,0.35
0605921,16356,32487,0.33
0605922,15505,29103,0.35
0605923,19554,32398,0.38
0605924,14454,26403,0.35
0605925,20950,57537,0.27
0605926,11138,32927,0.25
0605927,8660,29064,0.23
0605928,18716,54278,0.26
0606101,20259,40067,0.34
0606102,14939,34993,0.3
0606103,14911,30731,0.33
0606501,36057,25352,0.59
0606502,26989,31088,0.46
0606507,29772,25897,0.53
0606509,22863,12977,0.64
0606511,24628,23780,0.51
0606514,20441,25414,0.45
0606515,33208,32707,0.5
0606516,15712,18952,0.45
0606517,17469,21072,0.45
0606518,14670,12717,0.54
0606519,14473,12373,0.54
0606520,18747,25340,0.43
0606521,11913,20072,0.37
0606522,18277,22937,0.44
0606523,16601,29743,0.36
0606524,23565,34370,0.41
0606525,27343,18330,0.6
0606701,20629,23726,0.47
0606703,17808,29955,0.37
0606704,30670,20009,0.61
0606705,20897,28154,0.43
0606706,21143,17080,0.55
0606707,22299,38770,0.37
0606709,27184,23800,0.53
0606712,10313,33582,0.23
0606713,15782,22623,0.41
0606714,29834,20037,0.6
0606715,11773,20579,0.36
0606716,12711,20063,0.39
0606717,14116,18434,0.43
0607101,30661,21100,0.59
0607102,34679,16699,0.67
0607103,31130,27358,0.53
0607104,22028,20868,0.51
0607105,20786,30311,0.41
0607107,20072,12863,0.61
0607108,34388,13907,0.71
0607110,20970,10153,0.67
0607111,23162,34353,0.4
0607112,19787,19097,0.51
0607115,13572,19091,0.42
0607116,20745,16565,0.56
0607117,18087,13602,0.57
0607118,30638,27088,0.53
0607119,20055,32064,0.38
0607301,25994,36430,0.42
0607302,13415,28538,0.32
0607306,24573,21131,0.54
0607307,15936,22872,0.41
0607308,11374,36761,0.24
0607310,19849,52323,0.28
0607311,8489,31591,0.21
0607312,14913,26907,0.36
0607313,30955,32070,0.49
0607314,20953,43323,0.33
0607315,20028,46029,0.3
0607316,33383,57061,0.37
0607317,30862,28535,0.52
0607322,19974,20129,0.5
0607323,13900,20527,0.4
0607324,13713,40914,0.25
0607325,18532,28350,0.4
0607326,13844,49830,0.22
0607327,25176,16426,0.61
0607328,18791,23399,0.45
0607329,19803,29742,0.4
0607330,35830,19718,0.65
0607507,19199,12656,0.6
0607508,13252,30272,0.3
0607509,18298,33875,0.35
0607510,19925,26716,0.43
0607511,14652,42511,0.26
0607512,13257,26390,0.33
0607513,12930,21438,0.38
0607514,13475,32380,0.29
0607705,32855,31279,0.51
0607706,33954,15785,0.68
0607707,14332,22408,0.39
0607708,27480,28631,0.49
0607709,13676,21392,0.39
0607901,26902,40708,0.4
0607902,15486,24475,0.39
0608101,18230,28243,0.39
0608102,14226,28931,0.33
0608103,12146,29264,0.29
0608104,10854,35087,0.24
0608105,11298,39456,0.22
0608106,9609,26407,0.27
0608301,22558,17442,0.56
0608302,17947,18353,0.49
0608303,28159,46099,0.38
0608505,12996,14944,0.47
0608506,15328,25143,0.38
0608507,10641,41391,0.2
0608508,15050,35655,0.3
0608510,22033,33045,0.4
0608511,10679,28522,0.27
0608512,8320,29758,0.22
0608515,6982,28983,0.19
0608516,14645,47412,0.24
0608517,12735,37049,0.26
0608518,11781,20468,0.37
0608519,20287,39192,0.34
0608520,14969,17775,0.46
0608521,18237,15909,0.53
0608522,7866,32631,0.19
0608701,20620,28781,0.42
0608702,17426,30527,0.36
0608900,33977,37528,0.48
0609501,25304,31059,0.45
0609502,23780,26289,0.47
0609503,16811,34955,0.32
0609702,16799,31610,0.35
0609704,15573,34732,0.31
0609705,15961,21798,0.42
0609706,20389,33717,0.38
0609901,17394,16542,0.51
0609902,22113,16992,0.57
0609903,27571,33896,0.45
0609904,20497,19154,0.52
0610100,34780,26861,0.56
0610701,28615,22486,0.56
0610702,29506,17978,0.62
0610703,30269,14658,0.67
0611102,15375,39262,0.28
0611103,27198,23813,0.53
0611104,16035,31781,0.34
0611107,15152,20601,0.42
0611108,16250,29392,0.36
0611109,15271,29203,0.34
0611301,16561,19379,0.46
0611302,18848,22056,0.46
0800100,16677,26372,0.39
0800200,12798,31511,0.29
0800301,14749,29207,0.34
0800302,21349,38682,0.36
0800303,13927,34207,0.29
0800401,10562,34970,0.23
0800501,15917,34754,0.31
0800502,17493,33319,0.34
0800601,14499,52324,0.22
0800701,15037,36507,0.29
0800702,19435,33921,0.36
0800703,20274,41837,0.33
0800801,10002,43134,0.19
0800901,7694,40603,0.16
0800902,8877,37940,0.19
0801001,16379,20567,0.44
0801002,20078,25037,0.45
0801003,12341,27180,0.31
0801101,25674,40811,0.39
0801201,16473,23717,0.41
0801202,26636,36357,0.42
0801301,24469,24427,0.5
0801401,11119,25042,0.31
0801501,14692,33149,0.31
0801601,19495,21904,0.47
0801602,9167,39404,0.19
0801603,10874,29434,0.27
0801701,27452,48788,0.36
0801702,28136,43433,0.39
0801703,22885,24067,0.49
0801704,16901,45380,0.27
0801705,32982,55058,0.37
0801800,18628,26964,0.41
0801900,23078,20770,0.53
0802001,15171,23544,0.39
0802002,12071,43134,0.22
0802003,15386,34137,0.31
0802004,20494,28911,0.41
0802005,17694,33194,0.35
0802006,23854,27345,0.47
0802101,20079,26167,0.43
0802200,21641,28782,0.43
0802301,35240,28713,0.55
0802401,22222,20309,0.52
0802501,24251,33172,0.42
0920100,16809,29912,0.36
0920201,31168,14323,0.69
0920202,18467,43825,0.3
0920203,16301,27945,0.37
0920204,28442,30472,0.48
0920205,12834,33927,0.27
0920206,28577,31934,0.47
0920207,21042,45027,0.32
0920301,19859,21963,0.47
0920401,19297,33040,0.37
0920402,29012,34013,0.46
0920500,21719,52339,0.29
0920601,35050,21323,0.62
0920602,23676,32085,0.42
0920603,27750,39313,0.41
0920604,15980,40322,0.28
0920701,28039,17080,0.62
0920702,24280,46999,0.34
0920703,19484,40545,0.32
0920801,35489,22225,0.61
0920802,18217,45590,0.29
0920901,24569,50929,0.33
0920902,10929,26087,0.3
0920903,16269,28537,0.36
0920904,25373,49932,0.34
1000101,14035,37498,0.27
1000102,22910,29371,0.44
1000103,13633,25461,0.35
1000104,14491,24720,0.37
1000105,12069,26451,0.31
1000200,31079,39218,0.44
1000301,21186,30992,0.41
1000302,21339,31215,0.41
1100101,8292,40184,0.17
1100102,17134,29383,0.37
1100103,15751,35842,0.31
1100104,40394,21037,0.66
1100105,16585,39269,0.3
1100106,16665,39027,0.3
1200101,31814,30601,0.51
1200102,14644,31128,0.32
1200398,20054,28925,0.41
1200500,33523,43245,0.44
1200798,37866,34612,0.52
1200901,17321,26046,0.4
1200902,16934,39820,0.3
1200903,21116,32415,0.39
1200904,30106,27420,0.52
1200905,17308,26101,0.4
1201101,13958,23068,0.38
1201102,18477,22898,0.45
1201103,22166,23516,0.49
1201104,22288,27384,0.45
1201105,19810,21607,0.48
1201106,30861,39039,0.44
1201107,22825,13894,0.62
1201108,23367,33101,0.41
1201109,22420,24532,0.48
1201110,14315,27540,0.34
1201111,13810,26870,0.34
1201112,15936,22902,0.41
1201113,22703,23391,0.49
1201114,21675,16587,0.57
1201115,11199,23072,0.33
1201116,23237,27225,0.46
1201117,9528,22588,0.3
1201398,35124,33674,0.51
1201500,35670,53318,0.4
1201700,30467,37801,0.45
1201901,14542,24496,0.37
1201902,15436,26006,0.37
1202101,15715,46692,0.25
1202102,20010,31782,0.39
1202103,19001,30732,0.38
1202799,33824,27528,0.55
1203101,25946,31444,0.45
1203102,32983,13070,0.72
1203103,38309,34572,0.53
1203104,20661,26811,0.44
1203105,19545,36483,0.35
1203106,21086,49397,0.3
1203107,20375,35609,0.36
1203301,17095,24728,0.41
1203302,22111,23059,0.49
1203303,19253,20733,0.48
1203500,17205,29895,0.37
1204798,21278,15975,0.57
1205199,23158,13976,0.62
1205300,37445,44052,0.46
1205701,36809,22556,0.62
1205702,15067,29861,0.34
1205703,28237,41430,0.41
1205704,20728,31307,0.4
1205705,29154,37956,0.43
1205706,20918,26780,0.44
1205707,22796,36800,0.38
1205708,13240,26913,0.33
1205709,12916,25052,0.34
1205710,16379,38443,0.3
1205711,15416,28806,0.35
1205998,23008,29680,0.44
1206100,25653,44321,0.37
1206901,18450,24005,0.43
1206902,20813,40139,0.34
1206903,20005,38044,0.34
1207101,20084,39424,0.34
1207102,17127,26680,0.39
1207103,35744,32373,0.52
1207104,24371,25585,0.49
1207105,16753,37887,0.31
1207106,16859,27551,0.38
1207301,17845,42066,0.3
1207302,35095,26418,0.57
1208101,18428,39276,0.32
1208102,20491,30680,0.4
1208103,14815,39830,0.27
1208301,20743,23574,0.47
1208302,21767,25541,0.46
1208303,29149,36576,0.44
1208500,25783,43382,0.37
1208601,20213,18595,0.52
1208602,24199,11357,0.68
1208603,19809,16979,0.54
1208604,18284,20592,0.47
1208605,22401,14613,0.61
1208606,29634,10254,0.74
1208607,26439,11682,0.69
1208608,17374,16029,0.52
1208609,29853,10510,0.74
1208610,17110,16323,0.51
1208611,27109,21339,0.56
1208612,19401,26578,0.42
1208613,36116,17376,0.68
1208614,19475,32040,0.38
1208615,27992,14098,0.67
1208616,11534,28339,0.29
1208617,17910,17936,0.5
1208618,17031,16410,0.51
1208619,16665,18324,0.48
1208620,16343,22585,0.42
1208621,21234,24830,0.46
1208622,25921,15940,0.62
1208623,18082,16720,0.52
1208624,24825,10818,0.7
1208625,18561,25887,0.42
1209101,15557,28576,0.35
1209102,14228,26136,0.35
1209501,25077,25681,0.49
1209502,21364,27650,0.44
1209503,19512,41677,0.32
1209504,32720,27894,0.54
1209505,26440,31787,0.45
1209506,24872,15207,0.62
1209507,22207,34218,0.39
1209508,22136,18715,0.54
1209509,21020,25774,0.45
1209510,22934,25504,0.47
1209701,18340,16658,0.52
1209702,14943,20098,0.43
1209703,30826,32184,0.49
1209901,12775,34782,0.27
1209902,19019,35811,0.35
1209903,35599,32565,0.52
1209904,27709,20914,0.57
1209905,24091,23103,0.51
1209906,27146,42617,0.39
1209907,24884,38079,0.4
1209908,15742,38907,0.29
1209909,16144,28872,0.36
1209910,10062,34799,0.22
1209911,23101,28933,0.44
1210101,23111,35701,0.39
1210102,21636,28291,0.43
1210103,32960,28298,0.54
1210104,16680,43107,0.28
1210301,16254,35732,0.31
1210302,19629,32904,0.37
1210303,19738,27595,0.42
1210304,20646,29386,0.41
1210305,14606,34534,0.3
1210306,24322,26428,0.48
1210307,26540,45851,0.37
1210308,16567,30058,0.36
1210501,21312,19190,0.53
1210502,34093,34578,0.5
1210503,24201,34634,0.41
1210504,33227,27629,0.55
1210505,24622,22987,0.52
1210799,22153,21566,0.51
1210902,9385,31192,0.23
1210903,12631,41978,0.23
1211101,21480,22178,0.49
1211102,17263,23959,0.42
1211103,18036,28475,0.39
1211300,21453,50269,0.3
1211501,19664,41489,0.32
1211502,20129,50529,0.28
1211503,24029,48179,0.33
1211701,13953,34425,0.29
1211702,20326,26699,0.43
1211703,19911,27483,0.42
1211704,10949,34329,0.24
1211900,20914,43140,0.33
1212701,23605,29588,0.44
1212702,33674,35443,0.49
1212703,31652,37697,0.46
1212704,22461,30311,0.43
1300100,31666,37542,0.46
1300200,17800,17946,0.5
1300300,31483,40776,0.44
1300400,24598,32848,0.43
1300500,25616,25427,0.5
1300601,16643,19830,0.46
1300602,16378,19507,0.46
1300701,7145,28418,0.2
1300702,10230,40695,0.2
1300801,8999,30304,0.23
1300802,15307,45383,0.25
1300900,14283,24285,0.37
1301000,29145,33397,0.47
1301100,20586,37629,0.35
1301200,20205,31248,0.39
1301301,16761,33681,0.33
1301302,10895,43309,0.2
1301303,24365,40498,0.38
1301304,15048,33446,0.31
1301305,26465,48349,0.35
1301401,13331,42100,0.24
1301402,9529,41952,0.19
1301403,11268,40888,0.22
1301404,19438,64523,0.23
1301405,23889,46122,0.34
1301406,37595,26772,0.58
1301407,21737,23294,0.48
1301408,19432,22578,0.46
1301501,14770,44301,0.25
1301502,18631,27222,0.41
1301503,16822,27165,0.38
1301504,13995,30260,0.32
1301505,14785,24433,0.38
1301506,17787,26116,0.41
1301601,23716,35885,0.4
1301602,13236,31332,0.3
1301603,15461,28819,0.35
1301604,17353,24320,0.42
1301605,19067,25336,0.43
1301606,20405,22485,0.48
1301607,20665,25893,0.44
1301700,24038,31272,0.43
1301800,26161,29171,0.47
1301900,17943,31035,0.37
1302000,22278,26179,0.46
1302100,32420,42237,0.43
1302201,14996,27707,0.35
1302202,15249,27033,0.36
1302301,33391,23057,0.59
1302302,26748,23046,0.54
1302400,12588,31379,0.29
1302500,16433,38976,0.3
1302600,19062,24797,0.43
1302700,19393,19575,0.5
1302800,28398,30468,0.48
1302900,31533,34652,0.48
1303000,29596,28268,0.51
1303100,25785,20915,0.55
1303200,15172,35847,0.3
1303301,19599,17073,0.53
1303302,20185,17807,0.53
1303400,28196,29928,0.49
1303500,29208,19059,0.61
1303600,26729,36616,0.42
1303700,30321,26107,0.54
1303800,40822,43046,0.49
1303900,26980,17528,0.61
1304000,24952,22423,0.53
1304100,22848,19065,0.55
1304200,27766,20987,0.57
1304300,24682,20457,0.55
1304400,33409,25324,0.57
1304500,31223,21173,0.6
1304600,22038,23518,0.48
1304701,36474,33557,0.52
1304702,15750,35247,0.31
1304800,26539,34836,0.43
1500100,37837,41957,0.47
1500200,34847,37347,0.48
1500301,15537,12839,0.55
1500302,11420,26126,0.3
1500303,11572,28304,0.29
1500304,27279,37060,0.42
1500305,18892,17647,0.52
1500306,17296,30801,0.36
1500307,15711,28386,0.36
1500308,16636,22588,0.42
1600100,22808,30320,0.43
1600200,24660,41283,0.37
1600300,19870,24162,0.45
1600400,20412,29665,0.41
1600500,23592,24556,0.49
1600600,22432,35364,0.39
1600701,17118,33657,0.34
1600702,16616,29886,0.36
1600800,18583,33593,0.36
1600900,20420,22528,0.48
1601000,18999,24849,0.43
1601100,21834,25186,0.46
1601200,17084,25761,0.4
1601300,22708,25925,0.47
1700100,25722,33571,0.43
1700701,21664,33197,0.39
1701901,30556,40010,0.43
1701902,28265,32184,0.47
1702900,24195,29311,0.45
1703101,16955,32703,0.34
1703102,16241,23204,0.41
1703103,13107,28894,0.31
1703104,14090,34436,0.29
1703105,16320,34651,0.32
1703106,13076,41382,0.24
1703107,21219,36888,0.37
1703108,24266,42275,0.36
1703109,22322,23316,0.49
1703110,17395,24542,0.41
1703111,18472,24980,0.43
1703112,21623,27778,0.44
1703113,22586,34774,0.39
1703114,28867,38574,0.43
1703115,16129,35359,0.31
1703116,23646,29887,0.44
1703117,33301,22432,0.6
1703118,29606,30644,0.49
1703151,21448,34047,0.39
1703152,26266,37168,0.41
1703153,36878,50698,0.42
1703154,18189,75597,0.19
1703155,22449,39736,0.36
1703156,20595,28728,0.42
1703157,37961,20106,0.65
1703158,39947,15784,0.72
1703159,24881,48909,0.34
1703160,24073,81615,0.23
1703161,40457,26938,0.6
1703162,26192,25671,0.51
1703163,33176,17592,0.65
1703164,29670,26304,0.53
1703165,36386,10432,0.78
1703166,27290,22670,0.55
1703167,35871,18476,0.66
1703168,34177,19390,0.64
1703700,24647,35657,0.41
1704301,19468,39801,0.33
1704302,12117,31947,0.27
1704303,13655,35439,0.28
1704304,11208,32210,0.26
1704305,13227,33323,0.28
1704306,13336,36360,0.27
1704307,14331,44071,0.25
1704900,21444,27755,0.44
1707300,24510,32045,0.43
1708901,9621,37365,0.2
1708902,20283,28170,0.42
1708903,13105,32470,0.29
1708904,23348,18673,0.56
1709100,23224,36328,0.39
1709300,14766,31749,0.32
1709500,24445,36091,0.4
1709701,20380,34316,0.37
1709702,25096,24391,0.51
1709703,16507,40015,0.29
1709704,6932,35715,0.16
1709705,10507,40186,0.21
1709900,25075,34526,0.42
1711101,16628,34797,0.32
1711102,18484,48059,0.28
1711300,24206,45057,0.35
1711500,26764,31102,0.46
1711700,21644,28613,0.43
1711901,27911,30894,0.47
1711902,14153,36608,0.28
1712100,27831,40483,0.41
1713500,22029,33305,0.4
1714300,34647,44695,0.44
1716100,24676,35511,0.41
1716301,26788,36321,0.42
1716302,19671,30117,0.4
1716500,23894,27824,0.46
1716700,32442,51972,0.38
1717900,20616,34593,0.37
1719500,28565,42727,0.4
1719701,14212,44593,0.24
1719702,13651,31937,0.3
1719703,24030,24905,0.49
1719704,8321,36105,0.19
1719705,13077,31873,0.29
1719900,39952,36005,0.53
1720101,39739,39408,0.5
1800101,26232,16909,0.61
1800102,26864,18430,0.59
1800103,19072,28818,0.4
1800104,16239,39735,0.29
1800200,23660,44565,0.35
1800300,18514,24931,0.43
1800401,20955,22441,0.48
1800402,21911,41768,0.34
1800501,15237,20430,0.43
1800502,14246,19101,0.43
1800600,26214,35759,0.42
1800700,17256,23518,0.42
1800800,19031,29108,0.4
1800900,20643,32798,0.39
1801001,30342,26368,0.54
1801002,22738,30275,0.43
1801003,12716,32426,0.28
1801100,19066,29987,0.39
1801200,33359,40165,0.45
1801300,25785,32613,0.44
1801400,23481,28742,0.45
1801500,20452,22194,0.48
1801600,17901,23218,0.44
1801700,22127,20012,0.53
1801801,14217,44573,0.24
1801901,8438,46144,0.15
1801902,9375,37554,0.2
1802000,27368,26541,0.51
1802100,24344,21633,0.53
1802200,18738,28389,0.4
1802300,15837,49914,0.24
1802401,17858,28046,0.39
1802402,14570,33753,0.3
1802403,22181,28248,0.44
1802404,30818,26876,0.53
1802405,35098,33489,0.51
1802406,27608,33877,0.45
1802407,29191,32987,0.47
1802500,17143,44973,0.28
1802600,19009,31702,0.37
1802700,23139,22459,0.51
1802800,31644,32787,0.49
1802900,27026,29688,0.48
1803000,20624,30046,0.41
1803100,16812,26182,0.39
1803200,17263,30419,0.36
1803300,15784,33188,0.32
1803400,34214,45084,0.43
1803500,23501,35045,0.4
1803600,21779,35531,0.38
1803700,21526,28110,0.43
1900100,16354,31242,0.34
1900200,20805,27474,0.43
1900301,14453,30742,0.32
1900302,15884,33797,0.32
1900400,18028,30667,0.37
1900500,23939,30012,0.44
1900600,21334,32668,0.4
1900700,24345,39413,0.38
1900800,22189,30579,0.42
1900900,28583,43529,0.4
1901100,20118,41183,0.33
1901200,19126,27972,0.41
1901300,19105,30621,0.38
1901400,14777,32682,0.31
1901501,19557,50936,0.28
1901502,13831,38438,0.26
1901503,36283,44725,0.45
1901600,13598,34714,0.28
1901800,19814,25525,0.44
1901900,21974,27816,0.44
1902000,21747,29690,0.42
1902100,29816,40277,0.43
1902200,21457,25768,0.45
1902300,20370,22505,0.48
2000100,19370,26355,0.42
2000200,24970,35036,0.42
2000300,23331,27684,0.46
2000400,35892,26647,0.57
2000501,27876,29063,0.49
2000601,15819,35662,0.31
2000700,20742,29017,0.42
2000801,12445,39767,0.24
2000802,16441,51788,0.24
2000803,11156,50345,0.18
2000804,19963,43728,0.31
2000900,15869,31085,0.34
2001000,28688,32760,0.47
2001101,26995,27862,0.49
2001201,20417,43845,0.32
2001301,20428,41709,0.33
2001401,30283,19438,0.61
2001501,25815,39323,0.4
2001600,16350,25215,0.39
2001701,18011,24889,0.42
2001800,18661,28283,0.4
2100100,37170,40251,0.48
2100200,24945,18328,0.58
2100300,22217,18243,0.55
2100400,38207,30616,0.56
2100500,25029,28064,0.47
2100600,24079,16797,0.59
2100700,24691,13750,0.64
2100800,28043,15446,0.64
2100900,30725,13624,0.69
2101000,29690,8262,0.78
2101100,37862,17112,0.69
2101200,28269,36794,0.43
2101300,18699,23023,0.45
2101400,19040,25240,0.43
2101500,16897,24659,0.41
2101600,15680,23308,0.4
2101701,41097,17486,0.7
2101702,16521,33538,0.33
2101703,14624,38153,0.28
2101704,17381,37492,0.32
2101705,27940,28349,0.5
2101706,31745,26776,0.54
2101800,15756,33913,0.32
2101901,26362,25446,0.51
2101902,16583,28406,0.37
2101903,15668,26838,0.37
2102000,23370,29519,0.44
2102100,24697,23004,0.52
2102200,28971,17757,0.62
2102300,24752,30567,0.45
2102400,25571,42171,0.38
2102500,15334,35695,0.3
2102600,27717,37100,0.43
2102700,29552,22664,0.57
2102800,28879,23533,0.55
2200101,31743,16899,0.65
2200102,25225,22637,0.53
2200200,31027,32280,0.49
2200300,39849,23838,0.63
2200400,35795,25863,0.58
2200500,32961,18357,0.64
2200600,23125,17615,0.57
2200700,38008,28063,0.58
2200801,24184,25445,0.49
2200901,30939,24073,0.56
2201000,30808,13778,0.69
2201100,23792,20481,0.54
2201201,24099,23571,0.51
2201202,16403,33934,0.33
2201300,26277,18535,0.59
2201400,20450,20235,0.5
2201501,22074,15326,0.59
2201502,24077,16053,0.6
2201503,31335,24771,0.56
2201504,17708,24418,0.42
2201600,23256,24897,0.48
2201700,25129,30978,0.45
2201800,38736,28421,0.58
2201900,19564,21830,0.47
2202000,23939,22603,0.51
2202100,31578,30376,0.51
2202201,20329,37353,0.35
2202202,21455,24403,0.47
2202301,21125,23522,0.47
2202302,25945,36108,0.42
2202303,34799,17535,0.66
2202401,34872,23814,0.59
2202402,31606,19017,0.62
2202403,21835,27682,0.44
2202501,24279,20890,0.54
2300100,28332,25319,0.53
2300200,36728,31821,0.54
2300300,27417,29046,0.49
2300400,22595,31208,0.42
2300500,30592,47062,0.39
2300600,18301,28022,0.4
2300700,12836,33029,0.28
2300800,23825,52608,0.31
2300900,15205,44510,0.25
2301000,20314,34860,0.37
2400101,21081,25469,0.45
2400201,25468,29238,0.47
2400301,17759,37255,0.32
2400302,10679,37992,0.22
2400400,16139,48023,0.25
2400501,11211,31316,0.26
2400502,23997,37496,0.39
2400503,15337,31945,0.32
2400504,14465,28655,0.34
2400505,15985,24857,0.39
2400506,26576,24847,0.52
2400507,19378,26460,0.42
2400601,13620,38054,0.26
2400602,17406,32116,0.35
2400700,16149,24851,0.39
2400801,37930,20720,0.65
2400802,24979,27213,0.48
2400803,24971,21685,0.54
2400804,22218,24969,0.47
2400805,28565,21120,0.57
2400901,9431,34644,0.21
2400902,8853,28869,0.23
2400903,10249,28499,0.26
2401001,8247,29133,0.22
2401002,18778,38883,0.33
2401003,19537,44237,0.31
2401004,10430,39104,0.21
2401005,19836,30554,0.39
2401006,14191,25542,0.36
2401007,18575,29277,0.39
2401008,7511,34374,0.18
2401101,22030,16529,0.57
2401102,21686,32575,0.4
2401103,18367,18206,0.5
2401104,24207,21388,0.53
2401105,21129,50821,0.29
2401106,14269,33517,0.3
2401107,23638,27943,0.46
2401201,10597,35693,0.23
2401202,18788,27531,0.41
2401203,9863,31234,0.24
2401204,10322,32883,0.24
2401205,12461,35431,0.26
2401300,26856,42643,0.39
2401400,34618,37653,0.48
2401501,10061,28350,0.26
2401601,9934,27988,0.26
2401700,18820,40661,0.32
2500100,26909,30786,0.47
2500201,19254,26542,0.42
2500301,18876,27078,0.41
2500400,16,18,0.47
2500401,31615,30099,0.51
2500402,39954,17852,0.69
2500403,25590,38971,0.4
2500501,16399,27606,0.37
2500502,22394,27942,0.44
2500503,17477,40461,0.3
2500504,22783,16202,0.58
2500505,21780,15516,0.58
2500506,15356,28985,0.35
2500507,21716,39337,0.36
2500601,14982,33373,0.31
2500602,22563,20014,0.53
2500603,9027,30451,0.23
2500604,9293,34466,0.21
2500605,17146,26820,0.39
2500606,12348,27177,0.31
2500607,12699,40647,0.24
2500608,22462,43164,0.34
2500609,23601,28089,0.46
2500610,24377,28920,0.46
2500611,16056,35362,0.31
2500612,11619,33093,0.26
2500613,12855,45090,0.22
2500701,26993,15806,0.63
2500702,22540,22563,0.5
2500703,15141,31648,0.32
2500704,22797,42861,0.35
2500705,21784,18199,0.54
2500706,25295,43926,0.37
2500801,19511,21124,0.48
2500802,30102,45614,0.4
2500803,20609,29996,0.41
2500804,37810,13807,0.73
2500805,20726,32765,0.39
2500806,26645,16798,0.61
2500901,8719,32648,0.21
2500902,13976,30982,0.31
2500903,17129,22796,0.43
2500904,18988,38003,0.33
2500905,20576,25392,0.45
2500906,11939,35285,0.25
2501001,17340,29847,0.37
2501002,24683,36153,0.41
2501003,30979,24847,0.55
2501004,38976,30566,0.56
2501101,22694,15653,0.59
2501102,15204,33483,0.31
2501103,16826,39587,0.3
2501104,18866,40054,0.32
2501201,21710,40434,0.35
2501301,19230,37164,0.34
2600100,34479,38640,0.47
2600200,25682,26426,0.49
2600300,31159,32526,0.49
2600400,28981,38255,0.43
2600500,24632,42600,0.37
2600600,20570,25879,0.44
2600700,33870,33838,0.5
2600801,21663,39529,0.35
2600802,15529,33324,0.32
2600900,16748,27723,0.38
2601001,23562,33822,0.41
2601002,33498,47857,0.41
2601003,18200,47842,0.28
2601004,17157,31154,0.36
2601100,33774,39256,0.46
2601200,26964,25492,0.51
2601300,25199,26075,0.49
2601400,34112,46828,0.42
2601500,40597,39549,0.51
2601600,23172,29773,0.44
2601701,23457,32793,0.42
2601702,29280,25309,0.54
2601703,28903,13762,0.68
2601704,29265,47805,0.38
2601801,26215,38532,0.4
2601802,25720,25282,0.5
2601900,26680,49456,0.35
2602000,31849,45889,0.41
2602101,20716,33886,0.38
2602102,24882,26158,0.49
2602200,16820,23190,0.42
2602300,24956,25220,0.5
2602400,30118,35646,0.46
2602500,26913,29387,0.48
2602600,24206,37731,0.39
2602701,10850,32623,0.25
2602702,19493,32252,0.38
2602703,22183,31749,0.41
2602800,18701,56670,0.25
2602901,14820,40289,0.27
2602902,13946,40246,0.26
2602903,17365,50627,0.26
2602904,33201,33052,0.5
2602905,14692,42748,0.26
2602906,13711,48619,0.22
2602907,29109,48612,0.37
2602908,33646,55599,0.38
2603001,15964,30964,0.34
2603002,18925,46904,0.29
2603003,25194,26611,0.49
2603004,31523,36647,0.46
2603005,26555,36193,0.42
2603006,30245,32475,0.48
2603100,27458,38866,0.41
2603201,21388,59509,0.26
2603202,19564,39205,0.33
2603203,30589,26480,0.54
2603204,33211,30826,0.52
2603205,19201,22315,0.46
2603206,17788,39133,0.31
2603207,25592,24685,0.51
2603208,46758,13692,0.77
2603209,36410,13250,0.73
2603210,30387,9301,0.77
2603211,35853,21025,0.63
2603212,28739,8889,0.76
2603213,22749,18415,0.55
2603300,24463,37094,0.4
2700101,23195,36119,0.39
2700200,2,3,0.4
2700201,24031,35230,0.41
2700301,18834,27567,0.41
2700401,18253,24509,0.43
2700501,16878,26703,0.39
2700600,24323,33012,0.42
2700700,21813,33215,0.4
2700800,19942,28303,0.41
2700901,15187,25749,0.37
2701001,14711,25907,0.36
2701101,11684,26618,0.31
2701200,17521,31041,0.36
2701301,10490,32942,0.24
2701302,21128,33984,0.38
2701303,10634,26090,0.29
2701401,13994,38797,0.27
2701402,13496,36183,0.27
2701501,14686,38565,0.28
2701502,18039,25517,0.41
2701503,16538,25134,0.4
2701504,17469,23644,0.42
2701505,21091,18120,0.54
2701601,9099,34897,0.21
2701602,10458,38573,0.21
2701603,15478,28502,0.35
2701604,19692,26463,0.43
2701605,12244,36172,0.25
2701606,14866,40043,0.27
2701607,16264,38515,0.3
2701608,22820,20071,0.53
2701609,20958,27528,0.43
2701610,18409,32462,0.36
2701611,18664,29573,0.39
2701701,13870,26858,0.34
2701702,12129,29805,0.29
2701703,16517,31491,0.34
2701704,8945,30337,0.23
2701800,16345,39938,0.29
2701900,11954,28216,0.3
2702001,12055,34348,0.26
2702100,20261,34840,0.37
2702200,19009,29355,0.39
2702300,16513,25192,0.4
2702400,15360,25610,0.37
2702500,23059,35938,0.39
2702600,18476,29348,0.39
2702700,19086,46181,0.29
2702800,16428,24907,0.4
2800100,27132,41835,0.39
2800200,32244,25465,0.56
2800300,24601,16622,0.6
2800400,27927,27285,0.51
2800500,26706,28016,0.49
2800600,37217,33907,0.52
2800700,26186,16351,0.62
2800800,26609,14742,0.64
2800900,19848,30241,0.4
2801001,25180,22691,0.53
2801101,41185,30789,0.57
2801300,24718,44232,0.36
2801400,21992,18222,0.55
2801500,24971,17408,0.59
2801600,38448,27599,0.58
2801700,26221,19257,0.58
2801800,34522,35502,0.49
2801900,26350,29180,0.47
2802001,19229,21504,0.47
2802002,19114,21376,0.47
2802100,26306,30678,0.46
2900100,18316,24167,0.43
2900200,19936,24073,0.45
2900300,18260,24942,0.42
2900400,20811,35091,0.37
2900501,23992,38365,0.38
2900601,21471,36344,0.37
2900700,21373,27990,0.43
2900800,20416,34758,0.37
2900901,8993,34698,0.21
2900902,21417,34614,0.38
2901000,13222,30994,0.3
2901101,39517,45093,0.47
2901102,24485,32981,0.43
2901103,16040,38488,0.29
2901104,9450,33017,0.22
2901105,25679,38131,0.4
2901200,13367,34750,0.28
2901300,26116,24751,0.51
2901400,23397,21322,0.52
2901500,16994,19500,0.47
2901600,23987,26396,0.48
2901700,20804,29570,0.41
2901801,6582,39301,0.14
2901802,13288,44300,0.23
2901803,13372,41042,0.25
2901901,27152,22911,0.54
2901902,15770,33585,0.32
2901903,35612,33609,0.51
2901904,9416,35075,0.21
2901905,10328,32625,0.24
2901906,9906,37738,0.21
2901907,18117,48839,0.27
2901908,8362,32799,0.2
2902001,33779,23436,0.59
2902002,33260,50245,0.4
2902101,13998,30112,0.32
2902102,13934,30762,0.31
2902200,24055,24398,0.5
2902300,23902,23703,0.5
2902400,23805,19515,0.55
2902500,24608,20223,0.55
2902600,24874,18676,0.57
2902701,23297,41215,0.36
2902702,28899,26220,0.52
2902703,20834,37283,0.36
2902800,28428,27795,0.51
2902900,31959,37686,0.46
3000100,23272,32939,0.41
3000200,30326,40815,0.43
3000300,20109,29957,0.4
3000400,18044,32373,0.36
3000500,26536,36952,0.42
3000600,21610,31485,0.41
3000700,22516,35076,0.39
3000800,20401,26531,0.43
3100100,19434,23573,0.45
3100200,25658,45453,0.36
3100300,16529,27575,0.37
3100400,17022,25366,0.4
3100500,16570,30460,0.35
3100600,19970,36417,0.35
3100701,14367,27637,0.34
3100702,17684,54723,0.24
3100801,31284,40133,0.44
3100802,16183,43817,0.27
3100901,21778,59361,0.27
3100902,19761,44686,0.31
3100903,24027,20665,0.54
3100904,21120,24729,0.46
3200101,20410,41597,0.33
3200102,37317,44514,0.46
3200103,17447,36726,0.32
3200200,30094,39879,0.43
3200300,28586,40517,0.41
3200401,18014,33790,0.35
3200402,26584,22520,0.54
3200403,35838,32731,0.52
3200404,21634,38872,0.36
3200405,26599,40951,0.39
3200406,32238,21601,0.6
3200407,33705,13105,0.72
3200408,32326,23697,0.58
3200409,43218,23578,0.65
3200410,18688,25307,0.42
3200411,23627,31997,0.42
3200412,28327,37554,0.43
3200413,16377,29768,0.35
3200414,17982,32868,0.35
3200415,22318,48476,0.32
3300100,24296,41095,0.37
3300201,20719,35254,0.37
3300301,17799,42261,0.3
3300401,17049,28467,0.37
3300501,14470,26567,0.35
3300601,17473,30625,0.36
3300602,10775,31066,0.26
3300603,12115,32691,0.27
3300701,14756,47030,0.24
3300801,20303,63214,0.24
3400101,27290,33280,0.45
3400102,17814,28452,0.39
3400301,15773,26347,0.37
3400302,14554,33079,0.31
3400303,20410,34860,0.37
3400304,17721,28138,0.39
3400305,10227,34743,0.23
3400306,6594,31472,0.17
3400307,11763,28702,0.29
3400308,5629,32056,0.15
3400501,27933,18160,0.61
3400502,13293,26737,0.33
3400503,40223,11540,0.78
3400504,9968,30041,0.25
3400601,24973,46142,0.35
3400602,28495,19276,0.6
3400603,22796,37875,0.38
3400604,29940,30061,0.5
3400605,23305,29084,0.44
3400800,9958,41120,0.19
3400901,15489,38790,0.29
3400902,11334,32239,0.26
3400903,12834,27048,0.32
3400904,11583,29310,0.28
3400905,13676,26431,0.34
3400906,23511,27415,0.46
3400907,19737,19153,0.51
3401001,6572,34972,0.16
3401002,8615,35418,0.2
3401003,13709,31882,0.3
3401101,13196,31007,0.3
3401102,11640,28671,0.29
3401103,16619,29503,0.36
3401104,11022,32255,0.25
3401105,9610,29366,0.25
3401106,7950,29266,0.21
3401201,15489,37085,0.29
3401202,22136,40961,0.35
3401203,20590,16669,0.55
3401204,18381,29898,0.38
3401205,12352,27244,0.31
3401401,20132,29386,0.41
3401402,19323,19806,0.49
3401403,8624,33433,0.21
3401404,7467,30036,0.2
3401405,19027,19640,0.49
3401406,37313,19215,0.66
3401407,42275,15899,0.73
3401501,13190,37015,0.26
3401502,11745,38599,0.23
3401503,10414,32218,0.24
3401504,8440,41275,0.17
3401600,15573,43141,0.27
3401700,16480,29730,0.36
3401901,14353,22847,0.39
3401902,6907,28303,0.2
3401903,11521,26463,0.3
3401904,15876,28883,0.35
3401905,29877,16409,0.65
3402001,22228,41474,0.35
3402002,14718,49953,0.23
3402003,14368,33051,0.3
3402101,29116,15755,0.65
3402102,15571,29908,0.34
3402103,26583,39446,0.4
3402104,13499,31491,0.3
3402201,18377,33831,0.35
3402202,19476,40641,0.32
3402301,26572,20816,0.56
3402302,9757,30454,0.24
3402303,16965,39453,0.3
3402401,21609,18315,0.54
3402501,18070,20834,0.46
3402601,18287,36039,0.34
3500100,27704,9164,0.75
3500200,20320,14076,0.59
3500300,26037,26411,0.5
3500400,40235,24485,0.62
3500500,25942,39123,0.4
3500600,24464,32061,0.43
3500701,22485,28456,0.44
3500702,24142,22907,0.51
3500703,13882,31334,0.31
3500704,22932,25181,0.48
3500705,25363,18129,0.58
3500706,26303,13525,0.66
3500800,25938,23974,0.52
3500900,40177,25699,0.61
3501001,22502,16273,0.58
3501002,28773,17474,0.62
3501100,25029,23502,0.52
3600100,21321,21010,0.5
3600200,31922,40037,0.44
3600300,23353,31230,0.43
3600306,125,88,0.59
3600400,6,7,0.46
3600401,20622,23808,0.46
3600402,31314,35349,0.47
3600403,18125,22688,0.44
3600500,25195,34743,0.42
3600600,22523,24421,0.48
3600701,40394,23157,0.64
3600702,19300,34212,0.36
3600703,24981,42747,0.37
3600704,19027,26707,0.42
3600800,27065,35695,0.43
3600901,20155,38913,0.34
3600902,28880,20811,0.58
3600903,28017,15048,0.65
3600904,24004,30527,0.44
3600905,15306,27776,0.36
3600906,18018,51422,0.26
3601000,23792,32455,0.42
3601101,23304,23830,0.49
3601102,18902,24938,0.43
3601201,17927,29718,0.38
3601202,15695,39461,0.28
3601203,15327,32515,0.32
3601204,25148,43144,0.37
3601205,44905,19025,0.7
3601206,34409,24218,0.59
3601207,23631,47748,0.33
3601300,27163,43993,0.38
3601500,19388,25217,0.43
3601600,18289,23486,0.44
3601700,27044,39866,0.4
3601801,13168,37484,0.26
3601802,16164,33410,0.33
3601900,26389,40043,0.4
3602001,26924,20689,0.57
3602002,24876,59681,0.29
3602100,18793,24992,0.43
3602201,26039,30392,0.46
3602204,31674,37427,0.46
3602300,17831,26638,0.4
3602403,25521,29955,0.46
3602404,20346,28176,0.42
3602500,24743,25521,0.49
3602600,28652,24641,0.54
3602701,21267,26818,0.44
3602702,22232,37253,0.37
3602803,15531,28836,0.35
3602804,20225,38655,0.34
3602805,15937,34233,0.32
3602901,17720,29196,0.38
3602902,16834,30242,0.36
3602903,18064,25627,0.41
3603001,11320,23200,0.33
3603002,11208,27001,0.29
3603003,17614,11937,0.6
3603102,17468,36705,0.32
3603103,10583,39898,0.21
3603110,12824,39419,0.25
3603111,11824,31923,0.27
3603112,43201,38652,0.53
3603113,16980,28715,0.37
3603114,14203,29207,0.33
3603201,8163,34005,0.19
3603202,12216,26544,0.32
3603203,9123,25220,0.27
3603204,12707,27248,0.32
3603205,12869,24067,0.35
3603206,23203,18939,0.55
3603207,10776,27124,0.28
3603208,8579,28988,0.23
3603209,7106,29231,0.2
3603210,10943,25494,0.3
3603211,13664,25542,0.35
3603212,12824,24847,0.34
3603301,8555,26067,0.25
3603302,7781,27705,0.22
3603303,8176,33557,0.2
3603304,9490,30917,0.23
3603305,18086,43193,0.3
3603306,16249,27975,0.37
3603307,15702,31324,0.33
3603308,12092,23043,0.34
3603309,11222,25355,0.31
3603310,17786,11921,0.6
3603311,9203,25943,0.26
3603312,9727,24867,0.28
3603313,14466,22413,0.39
3604103,34831,32403,0.52
3604104,20589,41369,0.33
3604107,28893,74546,0.28
3604108,22883,78874,0.22
3604109,21273,18621,0.53
3604110,34369,20713,0.62
3604111,34126,17753,0.66
3604112,49400,26844,0.65
3604121,16476,58181,0.22
3604165,27249,78183,0.26
3604204,43883,10117,0.81
3604205,38936,7126,0.85
3604207,40766,13479,0.75
3604208,21507,17654,0.55
3604209,46290,18373,0.72
3604210,25754,27631,0.48
3604211,29941,16418,0.65
3604212,30055,23230,0.56
3604221,47111,9162,0.84
3604263,54903,10738,0.84
3604301,36506,45405,0.45
3604302,17313,40374,0.3
3604303,35788,25452,0.58
3604304,24471,15110,0.62
3604305,47866,24695,0.66
3604306,14590,36234,0.29
3604307,23836,15491,0.61
3604308,24500,23421,0.51
3604309,23792,18073,0.57
3604310,19052,25056,0.43
3604311,47174,22515,0.68
3604312,38575,19255,0.67
3604313,30840,15965,0.66
3604314,36910,26954,0.58
3604315,36724,26349,0.58
3604316,26276,10838,0.71
3604317,36467,21845,0.63
3604318,33799,34350,0.5
3604401,35538,40025,0.47
3604402,25848,27926,0.48
3604403,30895,17325,0.64
3604404,37162,16626,0.69
3604405,32108,29241,0.52
3604406,22826,31397,0.42
3604407,53039,41308,0.56
3604408,29496,26793,0.52
3604409,25484,19381,0.57
3604410,24212,18212,0.57
3604411,19903,24490,0.45
3604412,51198,28938,0.64
3604413,26939,36651,0.42
3604414,27278,19615,0.58
3604501,32123,30646,0.51
3604502,18867,28410,0.4
3604503,20320,40395,0.33
3700100,27405,27581,0.5
3700200,33703,27618,0.55
3700300,29510,28838,0.51
3700400,22510,24245,0.48
3700500,21846,20271,0.52
3700600,27017,16748,0.62
3700700,21578,27363,0.44
3700800,28093,37626,0.43
3700900,29033,27830,0.51
3701001,30190,27956,0.52
3701101,28141,35363,0.44
3701201,23449,36646,0.39
3701202,21757,42669,0.34
3701203,11724,38794,0.23
3701204,18868,31707,0.37
3701205,15917,35808,0.31
3701206,9922,43965,0.18
3701207,12258,42546,0.22
3701208,9000,44691,0.17
3701301,24449,58594,0.29
3701302,25133,30501,0.45
3701400,19333,36639,0.35
3701500,23072,32400,0.42
3701600,27569,41952,0.4
3701701,20904,36572,0.36
3701702,27262,23424,0.54
3701703,15853,35454,0.31
3701704,25754,27348,0.48
3701801,23266,20997,0.53
3701802,28338,25213,0.53
3701803,21271,36710,0.37
3701900,18282,25162,0.42
3702000,22428,24120,0.48
3702100,25293,29350,0.46
3702201,19245,31661,0.38
3702202,18729,28435,0.4
3702300,24016,23634,0.5
3702400,27070,28441,0.49
3702500,25407,37245,0.41
3702600,29189,25746,0.53
3702700,24469,32062,0.43
3702800,28882,35530,0.45
3702900,20306,41830,0.33
3703001,21170,22156,0.49
3703002,23828,26811,0.47
3703101,21749,41063,0.35
3703102,26568,21155,0.56
3703103,21938,26238,0.46
3703104,12697,53105,0.19
3703105,18616,35232,0.35
3703106,14979,54288,0.22
3703107,17684,35421,0.33
3703108,13935,43332,0.24
3703200,21115,35001,0.38
3703300,17741,24194,0.42
3703400,27603,29640,0.48
3703500,32142,34328,0.48
3703600,24890,31204,0.44
3703700,21581,32131,0.4
3703800,23237,26536,0.47
3703900,25007,16454,0.6
3704000,24329,22616,0.52
3704101,23511,21734,0.52
3704200,36486,39051,0.48
3704300,32191,39177,0.45
3704501,23247,31279,0.43
3704601,16289,31273,0.34
3704701,29008,50593,0.36
3704800,22691,42606,0.35
3704900,48009,26568,0.64
3705001,25117,23683,0.51
3705002,18274,21102,0.46
3705003,21668,20120,0.52
3705200,27398,20686,0.57
3705301,16871,24533,0.41
3705401,14481,35559,0.29
3800100,14507,29094,0.33
3800200,15375,30111,0.34
3800300,16122,36527,0.31
3800400,18762,28239,0.4
3800500,19154,30851,0.38
3800600,25376,58385,0.3
3900100,22991,44695,0.34
3900200,15896,26631,0.37
3900301,16707,38764,0.3
3900302,37039,33793,0.52
3900303,31057,18620,0.63
3900401,19705,31748,0.38
3900500,23293,31840,0.42
3900601,30153,27753,0.52
3900602,17999,49347,0.27
3900701,11386,32180,0.26
3900702,23684,45258,0.34
3900703,25385,24333,0.51
3900704,23490,31266,0.43
3900705,12247,35015,0.26
3900706,24271,20623,0.54
3900707,36384,19256,0.65
3900708,48891,18611,0.72
3900709,35073,28738,0.55
3900710,14983,46048,0.25
3900801,13916,34132,0.29
3900802,18504,32864,0.36
3900900,30563,45363,0.4
3901001,20886,32326,0.39
3901002,25898,23419,0.53
3901003,43728,37478,0.54
3901100,25611,37487,0.41
3901201,10024,36796,0.21
3901202,19256,28946,0.4
3901203,51723,34489,0.6
3901204,16917,30921,0.35
3901300,20208,52064,0.28
3901400,17788,26369,0.4
3901500,21543,29520,0.42
3901600,21918,27618,0.44
3901700,22520,27109,0.45
3901800,19638,33877,0.37
3901900,15686,27354,0.36
3902000,21052,19969,0.51
3902100,20148,32598,0.38
3902200,21705,34865,0.38
3902300,15219,28676,0.35
3902400,27109,29904,0.48
3902500,19278,41350,0.32
3902600,26634,34881,0.43
3902701,22668,36538,0.38
3902702,29420,29994,0.5
3902703,21120,28667,0.42
3902800,32209,35325,0.48
3902900,18114,26493,0.41
3903000,23356,28781,0.45
3903100,26599,26247,0.5
3903200,24991,42506,0.37
3903301,7749,30120,0.2
3903302,8752,34019,0.2
3903401,12095,37734,0.24
3903402,20420,30027,0.4
3903403,15618,31580,0.33
3903404,13124,34071,0.28
3903405,17622,38845,0.31
3903406,17755,30180,0.37
3903407,22271,21884,0.5
3903408,26772,26855,0.5
3903409,31130,37101,0.46
3903410,20234,19776,0.51
3903411,17156,27435,0.38
3903500,24019,35809,0.4
3903600,23602,44242,0.35
3903701,25151,29994,0.46
3903702,18598,28199,0.4
3903703,38320,27812,0.58
3903704,18060,40401,0.31
3903801,23991,24097,0.5
3903802,25581,28597,0.47
3903803,8636,35156,0.2
3903901,10264,31993,0.24
3903902,12951,34359,0.27
3904000,20939,24342,0.46
3904100,23362,23317,0.5
3904200,28097,27300,0.51
3904300,25973,19619,0.57
3904400,27234,21969,0.55
3904501,19952,22760,0.47
3904602,20029,38205,0.34
3904701,9089,30723,0.23
3904702,15245,29777,0.34
3904703,23647,39010,0.38
3904704,12067,29249,0.29
3904705,32178,20610,0.61
3904706,31987,26157,0.55
3904707,18681,35239,0.35
4020100,20500,19522,0.51
4020200,19503,26227,0.43
4020300,22344,21892,0.51
4020400,16634,23355,0.42
4020500,25443,22773,0.53
4020600,25156,15673,0.62
4020700,27689,29374,0.49
4020801,25175,20658,0.55
4020802,21381,27463,0.44
4020803,27031,36038,0.43
4020804,28773,38319,0.43
4020805,18069,27643,0.4
4020900,20962,20923,0.5
4021000,23647,18824,0.56
4021100,24032,24768,0.49
4021200,16630,22212,0.43
4021301,23683,32797,0.42
4021302,25007,34631,0.42
4021401,30183,42960,0.41
4021402,19638,45086,0.3
4021403,23599,24061,0.5
4021404,20239,32693,0.38
4021405,25563,15679,0.62
4021406,25377,19773,0.56
4021500,20241,37505,0.35
4021600,28420,23902,0.54
4021700,24566,22893,0.52
4021800,18289,28066,0.39
4021900,23171,22677,0.51
4022000,26552,23952,0.53
4022100,28063,20069,0.58
4100301,20869,22393,0.48
4100501,15317,24899,0.38
4100502,15284,24038,0.39
4100503,12961,26863,0.33
4100504,12669,29898,0.3
4101701,18481,28787,0.39
4101702,23868,32033,0.43
4101900,22835,23087,0.5
4102901,23346,22982,0.5
4102902,21109,23391,0.47
4103903,33718,32504,0.51
4103904,22380,24772,0.47
4103905,21919,24855,0.47
4104301,22944,24634,0.48
4104703,20019,18473,0.52
4104704,20995,21943,0.49
4104705,18497,24711,0.43
4105101,21146,30684,0.41
4105102,22536,23956,0.48
4105103,22482,27855,0.45
4105105,20166,39901,0.34
4105114,26987,48438,0.36
4105116,31573,32574,0.49
4105901,19457,18898,0.51
4106501,20059,20232,0.5
4106720,16144,33056,0.33
4106721,15938,27519,0.37
4106722,16928,29711,0.36
4106723,15335,29514,0.34
4106724,18300,31045,0.37
4107100,17789,22210,0.44
4109000,22449,29174,0.43
4109100,39800,33772,0.54
4109200,26989,18540,0.59
4109300,23794,30158,0.44
4200111,30743,33064,0.48
4200112,18469,28285,0.4
4200200,23070,26194,0.47
4200300,33180,35628,0.48
4200400,25907,32529,0.44
4200500,19589,24231,0.45
4200600,26561,39345,0.4
4200701,22181,23044,0.49
4200702,22814,31561,0.42
4200801,21919,34227,0.39
4200802,28765,24871,0.54
4200803,21974,27579,0.44
4200900,25606,35729,0.42
4201000,20211,25644,0.44
4201100,22432,32543,0.41
4201200,24283,33238,0.42
4201300,25161,28733,0.47
4201400,20514,26169,0.44
4201511,20332,29105,0.41
4201512,25370,32879,0.44
4201600,27467,54056,0.34
4201701,38623,46318,0.45
4201702,21853,31059,0.41
4201801,15187,33450,0.31
4201802,16096,49915,0.24
4201803,17180,40162,0.3
4201804,32623,45436,0.42
4201805,25083,25601,0.49
4201806,16964,41585,0.29
4201807,13600,35252,0.28
4201900,30926,29801,0.51
4202011,19394,30109,0.39
4202012,20757,32427,0.39
4202013,21452,30197,0.42
4202100,25731,29869,0.46
4202200,29362,35274,0.45
4202301,20345,35146,0.37
4202302,18881,48436,0.28
4202401,33365,37052,0.47
4202402,16645,33361,0.33
4202403,17,22,0.44
4202500,21447,33459,0.39
4202600,26778,31434,0.46
4202701,17138,33295,0.34
4202702,32774,21692,0.6
4202703,22319,37095,0.38
4202801,19108,31117,0.38
4202802,20395,41230,0.33
4202803,28167,19304,0.59
4202901,28609,42411,0.4
4202902,16389,44202,0.27
4203011,10108,30818,0.25
4203012,11314,33554,0.25
4203013,16284,36587,0.31
4203014,18114,33505,0.35
4203015,18438,39402,0.32
4203111,14350,32292,0.31
4203112,13048,27598,0.32
4203113,11065,29036,0.28
4203114,18506,41799,0.31
4203115,13553,41283,0.25
4203116,11113,33225,0.25
4203117,12974,35460,0.27
4203216,28211,39670,0.42
4203221,24617,30327,0.45
4203222,45634,24658,0.65
4203223,26187,13081,0.67
4203224,40294,18451,0.69
4203225,35814,16568,0.68
4203227,40490,22763,0.64
4203228,47757,22099,0.68
4203229,35786,18480,0.66
4203230,15673,57399,0.21
4203231,26422,30493,0.46
4203311,15643,44145,0.26
4203312,29085,31608,0.48
4203313,28815,28040,0.51
4203314,12139,28804,0.3
4203411,10657,28809,0.27
4203412,10424,31531,0.25
4203413,12335,36093,0.25
4203414,10935,27107,0.29
4203415,9001,27155,0.25
4203501,22247,23964,0.48
4203502,15092,30468,0.33
4203503,21277,40444,0.34
4203504,20352,36218,0.36
4203601,27627,39545,0.41
4203602,13944,37354,0.27
4203603,20141,40288,0.33
4203701,15912,34324,0.32
4203702,19141,32713,0.37
4203800,26393,28455,0.48
4203900,27554,28626,0.49
4204011,19580,37944,0.34
4204012,17935,26709,0.4
4400103,39253,29526,0.57
4400105,31726,37353,0.46
4400106,25766,31492,0.45
4400107,25458,33588,0.43
4400200,28853,44632,0.39
4400300,21199,37291,0.36
4400400,17786,36258,0.33
4500101,20457,22558,0.48
4500201,21213,23618,0.47
4500301,15560,24880,0.38
4500302,16331,22685,0.42
4500303,16766,28345,0.37
4500304,16872,25166,0.4
4500305,17993,26894,0.4
4500401,18096,26526,0.41
4500402,17160,25792,0.4
4500403,20795,20229,0.51
4500501,20893,27201,0.43
4500601,16519,28922,0.36
4500602,15390,27159,0.36
4500700,27796,32475,0.46
4500800,24344,29441,0.45
4500901,20716,27989,0.43
4501001,17762,23800,0.43
4501100,21308,27499,0.44
4501200,29337,36664,0.44
4501301,25492,40281,0.39
4501302,22824,33407,0.41
4501401,20428,28113,0.42
4501402,23501,24208,0.49
4501403,19561,21002,0.48
4501501,24905,29399,0.46
4501600,26163,26422,0.5
4501700,28115,20145,0.58
4501800,28991,16380,0.64
4501901,30555,30881,0.5
4502001,20350,37739,0.35
4502100,22462,37225,0.38
4502201,14185,26922,0.35
4502202,18529,30599,0.38
4502301,19847,42779,0.32
4502302,21624,37369,0.37
4502303,15067,29768,0.34
4502400,28109,21346,0.57
4502500,28739,24673,0.54
4502601,21096,20044,0.51
4502701,25527,34363,0.43
4502702,29295,38265,0.43
4503001,35,60,0.37
4600100,30119,49448,0.38
4600200,15672,18321,0.46
4600300,16901,37318,0.31
4600400,20020,32255,0.38
4600501,15660,39271,0.29
4600601,23060,58841,0.28
4700100,21690,20913,0.51
4700200,23871,23436,0.5
4700301,18096,22344,0.45
4700302,19551,24141,0.45
4700401,22201,35963,0.38
4700501,16950,30475,0.36
4700600,22585,18246,0.55
4700700,25619,22318,0.53
4700800,28205,21390,0.57
4700900,28507,23691,0.55
4701000,33806,33823,0.5
4701101,23222,20359,0.53
4701201,22012,28967,0.43
4701300,29428,24778,0.54
4701400,25983,24928,0.51
4701501,27568,30532,0.47
4701502,12446,30394,0.29
4701503,16274,35361,0.32
4701504,20014,26478,0.43
4701600,18869,36577,0.34
4701700,27112,33815,0.44
4701800,22679,23462,0.49
4701900,15675,39440,0.28
4702001,15729,33816,0.32
4702002,13912,21666,0.39
4702003,12713,24133,0.35
4702101,8996,40665,0.18
4702102,7671,34499,0.18
4702200,15685,24355,0.39
4702300,18760,27222,0.41
4702401,25931,42172,0.38
4702402,17850,33678,0.35
4702403,18213,26847,0.4
4702404,21774,22276,0.49
4702405,18327,27628,0.4
4702406,16468,44529,0.27
4702501,34889,25804,0.57
4702502,27139,23764,0.53
4702503,26110,15690,0.62
4702504,16091,21515,0.43
4702505,14084,28408,0.33
4702506,11739,39478,0.23
4702507,22473,18233,0.55
4702508,27305,13871,0.66
4702600,17385,21594,0.45
4702700,20981,20762,0.5
4702800,22646,23705,0.49
4702900,25744,20190,0.56
4703000,19558,23128,0.46
4703100,19620,27943,0.41
4703200,19657,22878,0.46
4703300,21181,19989,0.51
4703401,27561,23331,0.54
4703402,17068,33233,0.34
4703403,14070,36506,0.28
4703500,21234,23029,0.48
4703600,23431,26279,0.47
4703700,16580,24818,0.4
4800100,26953,34517,0.44
4800200,25130,19342,0.57
4800300,17624,38885,0.31
4800400,22918,19909,0.54
4800501,32737,30772,0.52
4800502,24952,36228,0.41
4800600,26729,32180,0.45
4800700,21758,27308,0.44
4800800,33977,50900,0.4
4800900,28025,48771,0.36
4801000,32454,28447,0.53
4801100,21062,24775,0.46
4801200,24132,21052,0.53
4801300,23696,27315,0.46
4801400,17682,32541,0.35
4801501,14998,24048,0.38
4801502,18141,23965,0.43
4801600,22903,23862,0.49
4801700,21390,21912,0.49
4801800,25680,23843,0.52
4801901,17638,41711,0.3
4801902,9879,37926,0.21
4801903,12411,25383,0.33
4801904,9373,41723,0.18
4801905,15805,43216,0.27
4801907,15889,51082,0.24
4801908,6426,31328,0.17
4801909,6548,31995,0.17
4802001,14417,43562,0.25
4802002,14321,35674,0.29
4802003,8245,45124,0.15
4802004,9000,54180,0.14
4802005,21893,31322,0.41
4802006,18882,52675,0.26
4802101,21368,48237,0.31
4802102,20430,43518,0.32
4802200,25938,30521,0.46
4802301,11048,26752,0.29
4802302,20949,14861,0.59
4802303,17912,24119,0.43
4802304,28346,11340,0.71
4802305,25870,15410,0.63
4802306,20486,28740,0.42
4802307,27921,26752,0.51
4802308,16192,23339,0.41
4802309,15128,26183,0.37
4802310,15383,35225,0.3
4802311,15487,28757,0.35
4802312,16917,33593,0.33
4802313,19566,58739,0.25
4802314,30365,13216,0.7
4802315,20752,20938,0.5
4802316,21104,16434,0.56
4802317,18179,21936,0.45
4802318,12955,21576,0.38
4802319,19760,18989,0.51
4802320,18824,17759,0.51
4802321,17831,29082,0.38
4802322,10413,41009,0.2
4802400,17117,38408,0.31
4802501,6920,36860,0.16
4802502,22714,40943,0.36
4802503,24628,24944,0.5
4802504,14841,22663,0.4
4802505,10506,31917,0.25
4802506,17994,26752,0.4
4802507,16685,27721,0.38
4802508,25819,10732,0.71
4802509,22602,35070,0.39
4802510,10216,33997,0.23
4802511,8091,36155,0.18
4802512,20931,18896,0.53
4802513,19384,27074,0.42
4802514,25899,38537,0.4
4802515,20001,27793,0.42
4802516,15643,49693,0.24
4802600,36042,36539,0.5
4802700,26012,29962,0.46
4802900,19329,26187,0.42
4803000,22213,43839,0.34
4803100,29397,34772,0.46
4803305,27795,20916,0.57
4803306,22009,29369,0.43
4803307,22071,16917,0.57
4803308,34293,29101,0.54
4803309,25501,14651,0.64
4803310,35895,19545,0.65
4803400,29395,42784,0.41
4803501,32840,34333,0.49
4803502,28198,44482,0.39
4803600,27973,30720,0.48
4803700,28355,31187,0.48
4803801,22844,19639,0.54
4803802,18406,36171,0.34
4803900,37111,31135,0.54
4804000,31302,26591,0.54
4804100,23575,17103,0.58
4804200,23143,30518,0.43
4804301,22636,23818,0.49
4804302,20230,28144,0.42
4804400,20910,25103,0.45
4804501,26316,35422,0.43
4804502,18326,49511,0.27
4804503,15164,35655,0.3
4804504,20600,31489,0.4
4804601,21132,33942,0.38
4804602,21085,20707,0.5
4804603,23044,37368,0.38
4804604,15853,65028,0.2
4804605,23137,14940,0.61
4804606,22266,12342,0.64
4804607,25990,16557,0.61
4804608,21239,6494,0.77
4804609,26947,18465,0.59
4804610,22313,13719,0.62
4804611,24636,16895,0.59
4804612,16841,24425,0.41
4804613,20941,37251,0.36
4804614,29453,16026,0.65
4804615,22054,16362,0.57
4804616,22978,20761,0.53
4804617,26168,15708,0.62
4804618,28281,13510,0.68
4804619,19078,15242,0.56
4804620,19453,25661,0.43
4804621,11572,32239,0.26
4804622,15560,21067,0.42
4804623,19988,20017,0.5
4804624,11159,33201,0.25
4804625,19246,29065,0.4
4804626,25971,20816,0.56
4804627,19642,32141,0.38
4804628,18452,21236,0.46
4804629,22014,26346,0.46
4804630,14768,42212,0.26
4804631,14961,31213,0.32
4804633,14638,22486,0.39
4804634,15477,24145,0.39
4804635,17247,27361,0.39
4804636,18921,31091,0.38
4804637,29415,26409,0.53
4804638,23840,9395,0.72
4804639,12683,24618,0.34
4804640,13183,25592,0.34
4804701,37618,40233,0.48
4804702,18449,47967,0.28
4804801,8755,40344,0.18
4804802,17499,27867,0.39
4804803,15048,22080,0.41
4804901,14301,26614,0.35
4804902,15224,30228,0.33
4804903,17945,27009,0.4
4804904,23240,34509,0.4
4804906,16282,37169,0.3
4804907,12263,28100,0.3
4805000,32505,38159,0.46
4805100,27839,41352,0.4
4805201,17665,42744,0.29
4805202,12590,39332,0.24
4805203,13087,46867,0.22
4805204,17548,53829,0.25
4805301,20285,49763,0.29
4805302,18741,36951,0.34
4805303,26769,40220,0.4
4805304,25112,36614,0.41
4805305,5660,40864,0.12
4805306,21102,52948,0.28
4805307,19510,52904,0.27
4805308,10460,41601,0.2
4805309,17708,49138,0.26
4805401,18065,22839,0.44
4805402,23265,29449,0.44
4805500,27222,30009,0.48
4805600,21727,23274,0.48
4805700,22799,38654,0.37
4805800,18772,48619,0.28
4805901,26214,11196,0.7
4805902,17864,26611,0.4
4805903,28324,16143,0.64
4805904,25722,16101,0.62
4805905,26984,8547,0.76
4805906,25775,11781,0.69
4805907,26547,24113,0.52
4805908,20911,26024,0.45
4805909,17572,21942,0.44
4805910,23716,28283,0.46
4805911,16939,39296,0.3
4805912,12971,29123,0.31
4805913,23696,23734,0.5
4805914,16219,50470,0.24
4805915,14051,40202,0.26
4805916,12993,32730,0.28
4806000,19817,37373,0.35
4806100,21634,25612,0.46
4806301,27381,11199,0.71
4806302,21672,18478,0.54
4806500,23493,23931,0.5
4806601,16578,23566,0.41
4806603,16251,27203,0.37
4806604,25979,18041,0.59
4806701,22731,14519,0.61
4806702,31189,20959,0.6
4806703,31682,14655,0.68
4806801,23335,9148,0.72
4806802,22645,10418,0.68
4806803,28684,11881,0.71
4806804,30024,16612,0.64
4806805,25112,22698,0.53
4806806,24295,14872,0.62
4806807,22901,5973,0.79
4807200,20964,22037,0.49
4807300,18367,18686,0.5
4807401,22396,23740,0.49
4807402,19426,20592,0.49
4807500,30039,18730,0.62
4807600,23247,9749,0.7
4807700,22683,14307,0.61
4903000,12908,29966,0.3
4905000,19960,42081,0.32
4911002,8455,32173,0.21
4911003,9255,22613,0.29
4911004,11987,29295,0.29
4913000,23741,30909,0.43
4921000,21087,31163,0.4
4935008,11139,28836,0.28
4935009,7189,29364,0.2
4935011,15279,25668,0.37
4935012,15986,31050,0.34
4935013,17211,26195,0.4
4935014,16096,24635,0.4
4935015,22292,45671,0.33
4935016,10956,30763,0.26
4935017,16205,45792,0.26
4949001,13094,35233,0.27
4949002,20314,41539,0.33
4949003,17255,15709,0.52
4949004,11548,39529,0.23
4953000,24600,43652,0.36
4957001,17172,33415,0.34
4957002,17596,24925,0.41
5000100,27537,35786,0.43
5000200,23572,30363,0.44
5000201,5,6,0.45
5000300,29260,40291,0.42
5000400,36086,47261,0.43
5000501,2,3,0.4
5101301,6978,46795,0.13
5101302,12177,42661,0.22
5101500,29496,37906,0.44
5101900,20064,33806,0.37
5104101,16268,27449,0.37
5104102,14207,31752,0.31
5104103,10454,35187,0.23
5105901,9769,31846,0.23
5105902,11897,52576,0.18
5105904,8553,38572,0.18
5105905,5320,30531,0.15
5105906,7527,32008,0.19
5105907,18533,32868,0.36
5105908,11231,36126,0.24
5106100,20861,48084,0.3
5106900,17629,34381,0.34
5107300,30075,42552,0.41
5108300,35464,32749,0.52
5108501,9979,29292,0.25
5108701,26225,34797,0.43
5108702,19639,56343,0.26
5109500,15933,50120,0.24
5110701,10508,32114,0.25
5110702,7287,43421,0.14
5110703,7031,43016,0.14
5110901,15213,33849,0.31
5112100,28752,44910,0.39
5114300,41658,36141,0.54
5114501,10952,32103,0.25
5114900,33919,31616,0.52
5115301,9995,32177,0.24
5115302,17154,36935,0.32
5115303,10813,23245,0.32
5116101,30946,54482,0.36
5116500,19682,30916,0.39
5117100,17369,25085,0.41
5117700,23195,50219,0.32
5117900,15706,46616,0.25
5118500,41852,29705,0.58
5119100,42091,36432,0.54
5151000,18441,53926,0.25
5154001,18593,35446,0.34
5155001,17802,26739,0.4
5155002,10817,33372,0.24
5160001,9912,43438,0.19
5161001,6844,37124,0.16
5165000,26587,31038,0.46
5168000,21518,28430,0.43
5168701,15366,27528,0.36
5170000,35981,43196,0.45
5171001,18693,23010,0.45
5171002,24519,29699,0.45
5174001,22343,25144,0.47
5176001,23927,27634,0.46
5176002,22796,26548,0.46
5177001,27527,27716,0.5
5180000,23200,39903,0.37
5181001,18396,44666,0.29
5181002,23814,47540,0.33
5181003,13162,35336,0.27
5320501,16080,22386,0.42
5320502,18901,26346,0.42
5320503,19335,26069,0.43
5320700,23447,24146,0.49
5320900,22274,28937,0.43
5321101,18393,28164,0.4
5321102,14785,29095,0.34
5321103,25137,28080,0.47
5321104,18531,31639,0.37
5321500,26316,29686,0.47
5322500,30246,25091,0.55
5322700,27287,28095,0.49
5322900,17150,25997,0.4
5323301,13558,38292,0.26
5323302,7591,35717,0.18
5323303,15358,50682,0.23
5323304,16142,46142,0.26
5323305,10660,48050,0.18
5323306,12112,33912,0.26
5323307,19607,24740,0.44
5323308,22416,26917,0.45
5323309,20020,25692,0.44
5323310,22022,33956,0.39
5323311,21394,28085,0.43
5323312,13843,30802,0.31
5323313,14191,31122,0.31
5323314,15907,36303,0.3
5323315,17137,42184,0.29
5323316,14256,38741,0.27
5323317,15645,33257,0.32
5323318,14730,33747,0.3
5323501,15037,34675,0.3
5323502,21642,35167,0.38
5324100,22227,25696,0.46
5325301,19044,28548,0.4
5325302,18257,21013,0.46
5325303,14002,25661,0.35
5325304,13208,31213,0.3
5325305,17921,32834,0.35
5325306,17923,19476,0.48
5325307,15941,27091,0.37
5325308,14303,30943,0.32
5325701,21231,32178,0.4
5326101,20905,34957,0.37
5326102,14003,37597,0.27
5326103,10915,40780,0.21
5326104,14711,35457,0.29
5326105,14315,27421,0.34
5326106,21730,39538,0.35
5326301,15817,27456,0.37
5326302,28501,33699,0.46
5326303,25957,32999,0.44
5326304,26858,26624,0.5
5326500,22026,21196,0.51
5326701,14875,25520,0.37
5326702,27679,49183,0.36
5327301,18239,27724,0.4
5327302,18370,27924,0.4
5327500,18478,21987,0.46
5327701,23117,13863,0.63
5327702,27710,22358,0.55
5400100,27052,25995,0.51
5400200,27259,28125,0.49
5400300,33341,45314,0.42
5400400,28471,42732,0.4
5400500,18695,22883,0.45
5400600,32465,33927,0.49
5400700,20734,18131,0.53
5400800,39437,33662,0.54
5400900,36384,40340,0.47
5401000,25679,21117,0.55
5401100,29257,24681,0.54
5401200,41690,24818,0.63
5419100,12,10,0.55
5500100,34446,47282,0.42
5500200,20522,33894,0.38
5500300,22453,34694,0.39
5500400,21928,55143,0.28
5500501,20774,26672,0.44
5500502,18657,44153,0.3
5500600,20270,37492,0.35
5500700,16015,33401,0.32
5500800,19433,44419,0.3
5500900,28624,44170,0.39
5501000,19379,26507,0.42
5501100,27653,43915,0.39
5501200,18981,38674,0.33
5501300,26339,37282,0.41
5501400,22411,34489,0.39
5501500,18274,36254,0.34
5501600,16123,28313,0.36
5501700,19562,30718,0.39
5501800,17553,30079,0.37
5501900,21123,38187,0.36
5502000,17909,33560,0.35
5502101,23389,24995,0.48
5502102,17193,38785,0.31
5502103,11126,35948,0.24
5502104,11742,30169,0.28
5502105,14005,36444,0.28
5502200,24479,43384,0.36
5502300,24686,46655,0.35
5502400,14831,28237,0.34
5502501,10299,35944,0.22
5502502,13968,39316,0.26
5502503,14239,53303,0.21
5502600,24489,68291,0.26
5502801,26487,15011,0.64
5502802,19231,36380,0.35
5502803,29003,11331,0.72
5502804,26108,15451,0.63
5502805,25144,11554,0.69
5502806,18543,28504,0.39
5502807,22496,53461,0.3
5502808,17088,33641,0.34
5502900,30510,48581,0.39
5503000,24564,43247,0.36
5600100,14217,33659,0.3
5600200,12486,29068,0.3
5600300,17425,27533,0.39
5600400,21418,40617,0.35
5600500,19077,27259,0.41
7200100,43977,6993,0.86
7200200,36550,5428,0.87
7200300,30423,5023,0.86
7200400,31836,4445,0.88
7200500,41409,8290,0.83
7200600,34856,4762,0.88
7200700,34742,4671,0.88
7200800,48511,8187,0.86
7200900,35689,9979,0.78
7201000,43601,15601,0.74
7201101,44771,18828,0.7
7201102,50386,21880,0.7
7201200,23144,18325,0.56
7201300,50039,16346,0.75
7201400,29722,11167,0.73
7201500,33683,6958,0.83
7201600,33245,6736,0.83
7201700,47240,7826,0.86
7201800,41589,5782,0.88
7201900,53863,7921,0.87
7202000,48802,10316,0.83
7202100,38290,9296,0.8
7202200,28824,8761,0.77
7202300,28900,8374,0.78
