county,Num Eligible,Num Ineligible,Percentage Eligible,rural
01001,11376,10907,51.05,0
01003,31637,62468,33.62,0
01005,5091,4393,53.68,1
01007,4809,3698,56.53,1
01009,10532,11053,48.79,0
01011,2068,1840,52.92,1
01013,3846,3318,53.69,1
01015,25857,18774,57.94,0
01017,6942,6177,52.92,1
01019,4982,4383,53.2,1
01021,6242,11025,36.15,1
01023,2866,1856,60.69,1
01025,5226,3384,60.7,1
01027,3200,2583,55.33,1
01029,3386,2733,55.34,1
01031,10286,10411,49.7,0
01033,10735,11947,47.33,1
01035,2625,1700,60.69,1
01037,2075,1846,52.92,1
01039,7583,6542,53.68,1
01041,2662,2297,53.68,1
01043,15928,17932,47.04,1
01045,9491,9607,49.7,0
01047,7439,7133,51.05,1
01049,14294,12356,53.64,1
01051,13819,18986,42.12,0
01053,8318,5387,60.69,1
01055,20634,18153,53.2,0
01057,3519,2706,56.53,1
01059,6025,6704,47.33,1
01061,5418,5364,50.25,0
01063,1667,1282,56.53,1
01065,3188,2452,56.52,1
01067,3484,3449,50.25,0
01069,21793,21573,50.25,0
01071,10497,9073,53.64,1
01073,119914,150886,44.28,0
01075,3014,2318,56.53,1
01077,17549,19529,47.33,0
01079,5206,7640,40.53,0
01081,33157,34029,49.35,0
01083,12693,27623,31.48,0
01085,1994,1912,51.05,1
01087,3901,3471,52.92,1
01089,55152,108504,33.7,0
01091,4168,3205,56.53,1
01093,5319,5989,47.04,1
01095,16803,20398,45.17,0
01097,86502,76460,53.08,0
01099,4473,2897,60.69,1
01101,48147,44270,52.1,0
01103,19433,28517,40.53,0
01105,1646,1578,51.05,1
01107,4125,3172,56.53,1
01109,6663,5748,53.69,1
01111,4939,3987,55.33,1
01113,12235,10424,54.0,0
01115,16225,17030,48.79,0
01117,27139,58926,31.53,0
01119,2664,2049,56.52,1
01121,18467,14907,55.33,0
01123,8248,7339,52.92,1
01125,40510,46293,46.67,0
01127,11845,12513,48.63,1
01129,3483,2256,60.69,1
01131,2398,1553,60.69,1
01133,4268,4805,47.04,1
02013,518,480,51.9,1
02016,791,733,51.9,1
02020,37896,71642,34.6,0
02050,2823,2618,51.88,1
02060,128,119,51.82,1
02063,1000,1721,36.75,
02066,368,633,36.76,
02068,228,392,36.77,1
02070,734,681,51.87,1
02090,13470,23178,36.76,0
02100,292,503,36.73,1
02105,357,331,51.89,1
02110,4542,7816,36.75,0
02122,10184,13309,43.35,1
02130,1964,3380,36.75,1
02150,1981,1837,51.89,1
02158,1266,1174,51.89,1
02164,224,207,51.97,1
02170,18545,24233,43.35,1
02180,1519,1408,51.9,1
02185,1669,1547,51.9,1
02188,1179,1093,51.89,1
02195,514,477,51.87,1
02198,869,806,51.88,1
02220,1279,1186,51.89,1
02230,175,301,36.76,1
02240,959,1650,36.76,1
02275,321,298,51.86,1
02282,101,93,52.06,1
02290,808,749,51.89,1
04001,14797,8121,64.56,1
04003,24826,23794,51.06,0
04005,29053,26369,52.42,0
04007,12252,9420,56.53,1
04009,8862,6813,56.54,1
04011,2199,1690,56.54,1
04012,3504,2900,54.72,1
04013,644767,1063242,37.75,0
04015,55367,48286,53.42,0
04017,23919,13126,64.57,1
04019,190307,242036,44.02,0
04021,65631,89519,42.3,0
04023,9436,9044,51.06,0
04025,47586,64204,42.57,0
04027,42060,34560,54.89,0
05001,3423,2788,55.11,1
05003,3804,3098,55.11,1
05005,9691,7880,55.15,1
05007,36913,70159,34.47,0
05009,8701,7076,55.15,1
05011,2104,1714,55.11,1
05013,1010,772,56.68,1
05015,6578,5349,55.15,1
05017,2035,1658,55.1,1
05019,4616,4047,53.28,1
05021,3085,2546,54.79,1
05023,5845,3892,60.03,1
05025,1505,1226,55.11,1
05027,4863,3715,56.69,1
05029,4854,3267,59.77,1
05031,23471,18862,55.44,0
05033,13170,10605,55.39,0
05035,11290,6549,63.29,0
05037,3944,2288,63.29,1
05039,1383,1056,56.7,1
05041,2274,1852,55.11,1
05043,3461,2819,55.11,1
05045,22161,25722,46.28,0
05047,3745,3016,55.39,1
05049,2856,1902,60.03,1
05051,21570,18911,53.28,0
05053,2973,4211,41.38,1
05055,9698,8004,54.78,0
05057,4282,3271,56.69,1
05059,7113,6236,53.28,1
05061,2960,2126,58.2,1
05063,8974,5975,60.03,1
05065,3212,2139,60.03,1
05067,3456,2919,54.21,1
05069,13421,10932,55.11,0
05071,6034,4061,59.77,1
05073,1347,1029,56.69,1
05075,3438,2837,54.79,1
05077,2017,1170,63.29,1
05079,2582,2103,55.11,1
05081,2783,1999,58.2,1
05083,4893,3515,58.19,1
05085,13279,15413,46.28,0
05087,3845,3127,55.15,1
05089,3918,3186,55.15,1
05091,9861,7083,58.2,0
05093,9536,5532,63.29,1
05095,1403,1185,54.21,1
05097,1825,1600,53.28,1
05099,1772,1354,56.69,1
05101,1682,1367,55.17,1
05103,4833,3692,56.69,1
05105,1659,2351,41.37,1
05107,3882,2252,63.29,1
05109,2191,1921,53.28,1
05111,4845,3893,55.45,1
05113,4449,3196,58.19,1
05115,14851,9996,59.77,0
05117,1709,1443,54.22,1
05119,78366,93348,45.64,0
05121,3938,3250,54.79,1
05123,5412,3140,63.28,1
05125,20434,28947,41.38,0
05127,2277,1635,58.21,1
05129,1823,1482,55.16,1
05131,27989,22537,55.4,0
05133,3667,2634,58.2,1
05135,3662,3022,54.79,1
05137,2923,1946,60.03,1
05139,8332,6366,56.69,1
05141,3735,2487,60.03,1
05143,43225,50452,46.14,0
05145,15842,13381,54.21,0
05147,1292,1091,54.22,1
05149,4747,3195,59.77,1
06001,210706,378514,35.76,0
06003,224,289,43.66,1
06005,7511,9665,43.73,1
06007,40192,41161,49.4,0
06009,8405,10815,43.73,1
06011,4223,3162,57.18,1
06013,146962,264666,35.7,0
06015,5292,5091,50.97,1
06017,24554,50355,32.78,0
06019,185742,136899,57.57,0
06021,5590,4186,57.18,1
06023,31636,23547,57.33,0
06025,31686,16164,66.22,0
06027,3529,4541,43.73,1
06029,168617,114415,59.58,0
06031,24053,19090,55.75,0
06033,14392,11949,54.64,1
06035,6244,6006,50.97,1
06037,1702407,1673249,50.43,0
06039,25645,18410,58.21,0
06041,29547,73831,28.58,0
06043,3180,4092,43.73,1
06045,19344,16061,54.64,1
06047,53812,31154,63.33,0
06049,1660,1597,50.97,1
06051,2447,3148,43.74,1
06053,63592,72735,46.65,0
06055,18748,30662,37.94,0
06057,17281,24896,40.97,1
06059,425077,651698,39.48,0
06061,50109,105791,32.14,0
06063,3777,3633,50.97,1
06065,372728,393121,48.67,0
06067,255159,316812,44.61,0
06069,8146,9058,47.35,0
06071,360760,315119,53.38,0
06073,450287,712606,38.72,0
06075,124988,226238,35.59,0
06077,122297,119495,50.58,0
06079,42388,65183,39.4,0
06081,76363,187388,28.95,0
06083,68664,81894,45.61,0
06085,202549,447877,31.14,0
06087,38046,59308,39.08,0
06089,33977,37528,47.52,0
06091,547,789,40.94,1
06093,8409,8089,50.97,1
06095,65895,92303,41.65,0
06097,68722,121857,36.06,0
06099,87575,86584,50.28,0
06101,19122,14768,56.42,0
06103,12727,9531,57.18,1
06105,3115,2332,57.19,1
06107,88390,55122,61.59,0
06109,10321,13280,43.73,1
06111,105281,174052,37.69,0
06113,35409,41435,46.08,0
06115,15658,12093,56.42,0
08001,74882,108458,40.84,0
08003,3759,3383,52.63,1
08005,83078,162812,33.79,0
08007,2502,3327,42.92,1
08009,805,725,52.61,1
08011,1297,1167,52.64,1
08013,40532,93156,30.32,0
08014,6464,23326,21.7,0
08015,3351,4367,43.42,1
08017,270,391,40.85,1
08019,914,3025,23.2,1
08021,1712,1541,52.63,1
08023,803,723,52.62,1
08025,916,1327,40.84,1
08027,809,1055,43.4,1
08029,6718,6139,52.25,1
08031,122709,207300,37.18,0
08033,435,579,42.9,1
08035,24277,111773,17.84,0
08037,5883,14486,28.88,1
08039,4035,5840,40.86,1
08041,101281,185005,35.38,0
08043,8419,10972,43.42,1
08045,9674,15298,38.74,1
08047,565,1871,23.19,1
08049,1659,4084,28.89,1
08051,3168,4214,42.92,1
08053,147,196,42.86,1
08055,1173,1528,43.43,1
08057,146,359,28.91,1
08059,73325,168563,30.31,0
08061,224,324,40.88,1
08063,1097,1588,40.86,1
08065,1279,1667,43.41,1
08067,10418,13856,42.92,1
08069,50025,102096,32.89,0
08071,3342,3007,52.64,1
08073,879,1273,40.85,1
08075,3333,4824,40.86,1
08077,27775,36393,43.28,0
08079,198,179,52.52,1
08081,2085,3296,38.75,1
08083,4839,6436,42.92,1
08085,9191,8400,52.25,1
08087,4508,6525,40.86,1
08089,4293,3863,52.64,1
08091,1049,959,52.24,1
08093,2992,3899,43.42,1
08095,702,1017,40.84,1
08097,1833,4512,28.89,1
08099,2756,2480,52.64,1
08101,37298,31395,54.3,0
08103,1024,1619,38.74,1
08105,2649,2384,52.63,1
08107,3894,6158,38.74,1
08109,1463,1317,52.63,1
08111,132,176,42.86,1
08113,1738,1588,52.25,1
08115,373,539,40.9,1
08117,3278,8070,28.89,1
08119,3389,5260,39.18,1
08121,745,1079,40.84,1
08123,48798,72784,40.14,0
08125,1546,2238,40.86,1
09001,132049,226234,36.86,0
09003,145368,213680,40.49,0
09005,26361,48790,35.08,0
09007,20475,49340,29.33,0
09009,153453,196665,43.83,0
09011,45550,65326,41.08,0
09013,23792,35482,40.14,0
09015,21585,24170,47.18,0
10001,31079,39218,44.21,0
10003,77138,143501,34.96,0
10005,42525,62207,40.6,1
12001,46458,61729,42.94,0
12003,4777,6890,40.94,1
12005,33523,43245,43.67,0
12007,5593,5112,52.25,1
12009,102785,151802,40.37,0
12011,328575,419214,43.94,0
12013,2554,2448,51.06,1
12015,35670,53318,40.08,0
12017,30467,37801,44.63,1
12019,29978,50502,37.25,0
12021,54726,109206,33.38,0
12023,13768,12585,52.24,1
12027,7681,6252,55.13,0
12029,3309,3025,52.24,1
12031,178905,227386,44.03,0
12033,58459,68520,46.04,0
12035,17205,29895,36.53,0
12037,2329,2233,51.05,1
12039,8201,7863,51.05,0
12041,3529,3226,52.24,1
12043,2744,1656,62.36,1
12045,2655,2546,51.05,1
12047,2826,2121,57.13,1
12049,5726,4660,55.13,1
12051,8967,5412,62.36,1
12053,37445,44052,45.95,0
12055,22892,18110,55.83,1
12057,231660,345904,40.11,0
12059,3760,4850,43.67,1
12061,25653,44321,36.66,0
12063,8855,8489,51.06,1
12065,2715,2603,51.05,1
12067,1660,1246,57.12,1
12069,59268,102188,36.71,0
12071,130938,189500,40.86,0
12073,52940,68484,43.6,0
12075,8478,7750,52.24,1
12077,1493,1431,51.06,1
12079,3626,2722,57.12,1
12081,53734,109786,32.86,0
12083,71659,85691,45.54,0
12085,25783,43382,37.28,0
12086,530574,438106,54.77,0
12087,12941,18048,41.76,0
12089,15277,22035,40.94,1
12091,29785,54712,35.25,0
12093,8971,5414,62.36,1
12095,238282,274107,46.5,0
12097,64109,68940,48.18,0
12099,236272,359382,39.67,0
12101,94387,135397,41.08,0
12103,158302,262488,37.62,0
12105,137455,139018,49.72,0
12107,15272,14868,50.67,1
12109,28897,79868,26.57,0
12111,56779,74612,43.21,0
12113,21453,50269,29.91,0
12115,63822,140197,31.28,0
12117,65139,122936,34.63,0
12119,20914,43140,32.65,0
12121,8771,6585,57.12,1
12123,4398,3302,57.12,1
12125,3188,2914,52.25,1
12127,111392,133039,45.57,0
12129,6319,6058,51.05,1
12131,14405,18583,43.67,1
12133,4843,6248,43.67,1
13001,3775,2560,59.59,1
13003,1634,1238,56.89,1
13005,2198,1666,56.88,1
13007,642,417,60.62,1
13009,7710,8472,47.65,1
13011,3297,3272,50.19,1
13013,12591,16380,43.46,0
13015,14283,24285,37.03,0
13017,3704,2800,56.95,1
13019,3912,2957,56.95,1
13021,29596,28268,51.15,0
13023,2623,1711,60.52,1
13025,3555,2694,56.89,1
13027,3512,2655,56.95,0
13029,7815,8339,48.38,0
13031,14298,15176,48.51,0
13033,5023,4074,55.22,1
13035,4575,4908,48.24,1
13037,1244,808,60.62,1
13039,9673,12698,43.24,1
13043,2287,1492,60.52,1
13045,19062,24797,43.46,0
13047,12160,14416,45.76,0
13049,2469,1871,56.89,1
13051,52224,68804,43.15,0
13053,1804,1903,48.66,0
13055,4474,5305,45.75,1
13057,24306,75687,24.31,0
13059,26161,29171,47.28,0
13061,567,488,53.74,1
13063,60139,46103,56.61,0
13065,1333,1010,56.89,1
13067,93534,199283,31.94,0
13069,8503,6445,56.88,1
13071,9324,7780,54.51,1
13073,15172,35847,29.74,0
13075,3712,2806,56.95,1
13077,16433,38976,29.66,0
13079,2135,2346,47.65,1
13081,4002,3446,53.73,1
13083,2910,3450,45.75,0
13085,4632,6185,42.82,0
13087,6548,4254,60.62,1
13089,96790,179497,35.03,0
13091,4150,2708,60.51,1
13093,2229,1919,53.74,1
13095,17995,16171,52.67,0
13097,20205,31248,39.27,0
13099,2420,1572,60.62,1
13101,728,552,56.88,1
13103,11419,12121,48.51,0
13105,2812,4863,36.64,1
13107,4743,3095,60.51,1
13109,2204,1495,59.58,1
13111,4253,5509,43.57,1
13113,12588,31379,28.63,0
13115,16767,19213,46.6,0
13117,17375,69113,20.09,0
13119,4283,4251,50.19,1
13121,156219,308229,33.64,0
13123,5267,6822,43.57,1
13125,588,477,55.21,1
13127,14926,19592,43.24,1
13129,9668,12522,43.57,1
13131,5849,3800,60.62,1
13133,2709,4686,36.63,1
13135,129903,194070,40.1,0
13137,8417,8355,50.18,1
13139,33021,39337,45.64,0
13141,1784,1447,55.22,1
13143,5089,5831,46.6,1
13145,6895,5937,53.73,0
13147,4724,4689,50.19,1
13149,2182,2202,49.77,1
13151,30245,54740,35.59,0
13153,25211,34536,42.2,0
13155,2082,1574,56.95,1
13157,11447,14892,43.46,0
13159,2475,2908,45.98,1
13161,3026,2052,59.59,1
13163,3208,2602,55.22,1
13165,1771,1437,55.21,1
13167,1913,1248,60.52,1
13169,4989,5482,47.65,0
13171,3328,3571,48.24,1
13173,1948,1476,56.89,1
13175,10328,6739,60.51,1
13177,6957,6252,52.67,0
13179,11398,12164,48.37,0
13181,1570,1274,55.2,1
13183,2825,3015,48.37,1
13185,24682,20457,54.68,0
13187,5788,7729,42.82,1
13189,4417,3583,55.21,1
13191,1937,2543,43.24,1
13193,2401,2068,53.73,1
13195,4313,7461,36.63,0
13197,1492,1284,53.75,1
13199,3941,3978,49.77,1
13201,1338,869,60.63,1
13205,4851,3152,60.61,1
13207,4919,5406,47.64,0
13209,1761,1194,59.59,1
13211,3409,4005,45.98,1
13213,6715,8698,43.57,1
13215,39018,41143,48.67,0
13217,17698,23057,43.43,0
13219,5986,10353,36.64,0
13221,2123,3671,36.64,0
13223,20586,37629,35.36,0
13225,4925,5413,47.64,0
13227,5579,7226,43.57,1
13229,3889,2948,56.88,1
13231,3399,3647,48.24,0
13233,7289,8353,46.6,1
13235,1518,2080,42.19,1
13237,3882,4266,47.64,1
13239,446,384,53.73,1
13241,2917,3896,42.82,1
13243,1277,1099,53.75,1
13245,39784,34880,53.28,0
13247,14722,19180,43.43,0
13249,904,778,53.75,1
13251,2481,2634,48.5,1
13253,2040,1325,60.62,1
13255,12109,12992,48.24,0
13257,4898,4862,50.18,1
13259,1058,911,53.73,1
13261,5888,5070,53.73,1
13263,1140,982,53.72,1
13265,317,257,55.23,1
13267,4674,3170,59.59,1
13269,1555,1339,53.73,1
13271,2554,1732,59.59,1
13273,2048,1330,60.63,1
13275,9304,7763,54.51,1
13277,8905,6731,56.95,1
13279,5533,3752,59.59,1
13281,2160,2884,42.82,1
13283,1335,871,60.52,1
13285,13271,13395,49.77,0
13287,1941,1467,56.95,1
13289,1413,1552,47.66,1
13291,4258,5686,42.82,1
13293,4984,5347,48.24,1
13295,12122,14371,45.76,0
13297,16397,19268,45.98,0
13299,7153,5422,56.88,1
13301,1065,864,55.21,1
13303,4082,3311,55.21,1
13305,6170,4184,59.59,1
13307,467,402,53.74,1
13309,1530,1037,59.6,1
13311,4841,6464,42.82,1
13313,17800,17946,49.8,0
13315,1826,1191,60.52,1
13317,1955,1585,55.23,1
13319,1561,1715,47.65,1
13321,4222,3523,54.51,1
15001,34847,37347,48.27,0
15003,134343,203751,39.74,0
15005,11,13,45.83,1
15007,11646,12914,47.42,1
15009,26179,29030,47.42,0
16001,70527,124873,36.09,0
16003,789,959,45.14,1
16005,15192,17344,46.69,0
16007,1113,1270,46.71,1
16009,1711,2274,42.94,1
16011,6911,7966,46.45,1
16013,3824,5002,43.33,1
16015,1371,1667,45.13,1
16017,8462,11249,42.93,1
16019,17084,25761,39.87,0
16021,2164,2877,42.93,1
16023,463,563,45.13,1
16025,169,221,43.33,1
16027,37798,47560,44.28,0
16029,1226,1400,46.69,1
16031,4390,4844,47.54,1
16033,143,174,45.11,1
16035,1574,1914,45.13,1
16037,771,937,45.14,1
16039,4516,5907,43.33,1
16041,2477,2828,46.69,1
16043,1900,2191,46.44,1
16045,2896,4209,40.76,1
16047,2457,3213,43.33,1
16049,2980,3624,45.12,1
16051,4384,5057,46.44,1
16053,3819,4995,43.33,1
16055,25668,42623,37.59,0
16057,7098,9436,42.93,0
16059,1437,1747,45.13,1
16061,636,773,45.14,1
16063,807,1056,43.32,1
16065,7511,8664,46.44,0
16067,3405,4453,43.33,1
16069,7586,9225,45.13,0
16071,797,910,46.69,1
16073,2100,2185,49.01,1
16075,3844,5586,40.76,1
16077,1376,1571,46.69,0
16079,2365,3144,42.93,1
16081,1651,1904,46.44,1
16083,16030,17684,47.55,0
16085,2116,2573,45.13,1
16087,1590,2311,40.76,1
17001,12051,15728,43.38,0
17003,958,1116,46.19,1
17005,2700,3927,40.74,1
17007,8087,12392,39.49,0
17009,1145,1494,43.39,1
17011,5625,8305,40.38,1
17013,719,950,43.08,1
17015,2605,3897,40.06,1
17017,2110,2790,43.06,1
17019,36933,47271,43.86,0
17021,6600,7670,46.25,1
17023,2920,3538,45.22,1
17025,2262,2928,43.58,1
17027,5956,8663,40.74,1
17029,8855,10728,45.22,0
17031,905127,1166580,43.69,0
17033,3530,4276,45.22,1
17035,1974,2392,45.21,1
17037,16262,23526,40.87,0
17039,2509,3793,39.81,1
17041,3731,4520,45.22,1
17043,97342,253151,27.77,0
17045,3186,3860,45.22,1
17047,1142,1330,46.2,1
17049,5899,7635,43.59,1
17051,3656,4732,43.59,1
17053,2581,2938,46.77,1
17055,8442,7608,52.6,1
17057,6160,8040,43.38,1
17059,903,1052,46.19,1
17061,1939,2564,43.06,1
17063,7624,11926,39.0,0
17065,1460,1700,46.2,1
17067,3245,4243,43.34,1
17069,667,776,46.22,1
17071,1176,1538,43.33,1
17073,9079,11869,43.34,0
17075,5164,5880,46.76,1
17077,11830,10661,52.6,0
17079,1580,2046,43.57,1
17081,5992,8716,40.74,1
17083,3480,4601,43.06,1
17085,3656,5469,40.07,0
17087,2432,2832,46.2,1
17089,66357,116678,36.25,0
17091,15600,24402,39.0,0
17093,14766,31749,31.74,0
17095,8456,12484,40.38,0
17097,79422,174623,31.26,0
17099,18902,26026,42.07,1
17101,2601,3367,43.58,1
17103,5664,8473,40.07,1
17105,6173,8500,42.07,1
17107,4525,6841,39.81,1
17109,5017,6560,43.34,1
17111,35112,82856,29.76,0
17113,24206,45057,34.95,0
17115,20164,23432,46.25,0
17117,7275,9617,43.07,1
17119,42064,67502,38.39,0
17121,6092,8862,40.74,1
17123,1987,2934,40.38,1
17125,2400,3132,43.38,1
17127,2590,3016,46.2,1
17129,1987,3004,39.81,1
17131,2892,3781,43.34,1
17133,5451,8345,39.51,0
17135,4573,6914,39.81,1
17137,5324,7039,43.06,1
17139,2348,3550,39.81,1
17141,8385,12131,40.87,1
17143,34647,44695,43.67,0
17145,4678,4216,52.6,1
17147,2694,4073,39.81,1
17149,2701,3525,43.38,1
17151,688,801,46.21,1
17153,949,1105,46.2,1
17155,953,1408,40.36,1
17157,4870,7085,40.74,1
17159,2691,3483,43.59,1
17161,24676,35511,41.0,0
17163,41008,58093,41.38,0
17165,4344,5058,46.2,1
17167,32442,51972,38.43,0
17169,1266,1652,43.39,1
17171,801,1059,43.06,1
17173,3392,5129,39.81,1
17175,914,1350,40.37,1
17177,7404,11075,40.07,0
17179,20616,34593,37.34,0
17181,3152,3670,46.2,1
17183,14144,16105,46.76,0
17185,2076,2418,46.19,1
17187,3101,4054,43.34,1
17189,2221,3231,40.74,1
17191,2753,3564,43.58,1
17193,2535,2952,46.2,1
17195,9238,13818,40.07,1
17197,73291,169413,30.2,0
17199,14998,13516,52.6,1
17201,53316,60213,46.96,0
17203,6510,9611,40.38,0
18001,5483,8711,38.63,1
18003,65796,89069,42.49,0
18005,13181,19202,40.7,0
18007,1331,2093,38.87,1
18009,2338,2537,47.96,1
18011,7046,22090,24.18,0
18013,2339,3543,39.77,1
18015,3102,4879,38.87,1
18017,7135,9024,44.15,1
18019,21526,28110,43.37,0
18021,4565,5921,43.53,0
18023,5070,7974,38.87,1
18025,1746,2604,40.14,1
18027,6595,6833,49.11,1
18029,7406,13050,36.2,0
18031,3988,6210,39.11,1
18033,6850,9344,42.3,1
18035,24344,21633,52.95,0
18037,7238,10794,40.14,1
18039,29483,39531,42.72,0
18041,4757,4618,50.74,1
18043,11817,19279,38.0,0
18045,2843,3687,43.54,1
18047,3330,5868,36.2,1
18049,3427,4671,42.32,1
18051,4266,8971,32.23,1
18053,11717,14342,44.96,0
18055,6085,6305,49.11,1
18057,24984,106181,19.05,0
18059,12152,20267,37.48,0
18061,5824,9501,38.0,0
18063,15837,49914,24.09,0
18065,9437,10240,47.96,1
18067,15757,19930,44.15,0
18069,5613,8918,38.63,1
18071,7443,10844,40.7,1
18073,5508,7507,42.32,1
18075,3951,4288,47.95,1
18077,4993,7776,39.1,1
18079,4159,6477,39.1,1
18081,17143,44973,27.6,0
18083,6019,8975,40.14,1
18085,12087,18486,39.53,1
18087,6401,8732,42.3,1
18089,88407,103892,45.97,0
18091,18514,24931,42.61,0
18093,8892,9213,49.11,1
18095,27368,26541,50.77,0
18097,177324,217276,44.94,0
18099,6944,10622,39.53,1
18101,1940,2010,49.11,1
18103,6321,7737,44.96,0
18105,27026,29688,47.65,0
18107,5794,9113,38.87,1
18109,10849,16437,39.76,0
18111,2314,3154,42.32,1
18113,7513,10249,42.3,1
18115,868,1530,36.2,1
18117,3924,4066,49.11,1
18119,4212,4364,49.11,1
18121,2785,3613,43.53,1
18123,3180,4742,40.14,1
18125,2033,3031,40.15,1
18127,23660,44565,34.68,0
18129,3259,6853,32.23,0
18131,2095,2855,42.32,1
18133,5550,8409,39.76,1
18135,4726,5129,47.96,0
18137,4236,7465,36.2,1
18139,3406,3306,50.74,1
18141,42866,64209,40.03,0
18143,3673,5721,39.1,1
18145,6857,11435,37.49,0
18147,3285,4899,40.14,1
18149,3912,5332,42.32,1
18151,5450,7434,42.3,1
18153,3591,4658,43.53,1
18155,1422,2507,36.19,1
18157,33359,40165,45.37,0
18159,2893,3659,44.15,0
18161,1442,1399,50.76,1
18163,34214,45084,43.15,0
18165,2662,3453,43.53,1
18167,22127,20012,52.51,0
18169,5443,6662,44.96,1
18171,1455,1888,43.52,1
18173,8258,17364,32.23,0
18175,4138,6751,38.0,1
18177,13534,13136,50.75,0
18179,4314,6855,38.62,1
18181,3771,5931,38.87,1
18183,5235,8318,38.63,0
19001,1303,1760,42.54,1
19003,662,853,43.7,1
19005,2163,3680,37.02,1
19007,2199,2833,43.7,1
19009,987,1333,42.54,1
19011,4141,6056,40.61,1
19013,23939,30012,44.37,0
19015,4075,6531,38.42,0
19017,3845,6541,37.02,1
19019,3194,5171,38.18,1
19021,3777,4782,44.13,1
19023,2387,3656,39.5,1
19025,1802,2281,44.13,1
19027,3766,4768,44.13,1
19029,2284,3085,42.54,1
19031,3186,4391,42.05,1
19033,7935,10479,43.09,0
19035,2116,2679,44.13,1
19037,1848,3143,37.03,1
19039,1740,2241,43.71,1
19041,2221,4243,34.36,1
19043,2623,4462,37.02,1
19045,8001,11027,42.05,0
19047,2997,3794,44.13,1
19049,11662,29771,28.15,0
19051,1599,1920,45.44,1
19053,1365,1759,43.69,1
19055,2714,4395,38.18,1
19057,7637,8437,47.51,0
19059,2399,4583,34.36,1
19061,15413,24952,38.18,0
19063,1272,2431,34.35,1
19065,3002,5106,37.03,1
19067,2875,3797,43.09,1
19069,1668,2555,39.5,1
19071,1179,1519,43.7,1
19073,1591,2014,44.13,1
19075,2052,3143,39.5,1
19077,1849,2497,42.54,1
19079,2505,3835,39.51,1
19081,1987,2624,43.09,1
19083,2810,4302,39.51,1
19085,2537,3428,42.53,1
19087,4021,4442,47.51,1
19089,1457,2478,37.03,1
19091,1598,2447,39.51,1
19093,1270,1608,44.13,1
19095,2697,3944,40.61,1
19097,3026,4899,38.18,1
19099,4520,9997,31.14,1
19101,2751,3303,45.44,1
19103,20118,41183,32.82,0
19105,3555,4899,42.05,1
19107,1762,2116,45.44,1
19109,2728,3602,43.1,1
19111,6586,7276,47.51,1
19113,30337,64539,31.98,0
19115,2127,2350,47.51,1
19117,1542,1986,43.71,1
19119,1617,3090,34.35,1
19121,1936,4943,28.14,1
19123,3897,4679,45.44,1
19125,3994,8834,31.14,1
19127,6493,9496,40.61,0
19129,2519,3403,42.54,1
19131,1943,2566,43.09,1
19133,1589,2011,44.14,1
19135,1353,1743,43.7,1
19137,1845,2376,43.71,1
19139,7447,10262,42.05,0
19141,1922,3671,34.36,1
19143,839,1603,34.36,1
19145,2716,3499,43.7,1
19147,1220,2331,34.36,1
19149,4245,5795,42.28,0
19151,1283,1624,44.13,1
19153,69671,134099,34.19,0
19155,16294,22011,42.54,0
19157,3022,4420,40.61,1
19159,832,1072,43.7,1
19161,1780,2253,44.14,1
19163,28583,43529,39.64,0
19165,2042,2759,42.53,1
19167,4862,9288,34.36,1
19169,15030,24090,38.42,0
19171,2773,4056,40.61,1
19173,1052,1355,43.71,1
19175,2168,2792,43.71,1
19177,1264,1518,45.43,1
19179,6223,7473,45.44,0
19181,6264,13854,31.14,0
19183,3963,4759,45.44,1
19185,1159,1493,43.7,1
19187,6159,9431,39.51,0
19189,1966,2596,43.1,1
19191,3088,5253,37.02,1
19193,17502,23895,42.28,0
19195,1369,1808,43.09,1
19197,2155,3299,39.51,1
20001,2315,2644,46.68,1
20003,1449,1654,46.7,1
20005,1922,4333,30.73,1
20007,695,961,41.97,1
20009,4197,5799,41.99,1
20011,2657,3034,46.69,1
20013,1118,2521,30.72,1
20015,8539,17226,33.14,0
20017,513,529,49.23,1
20019,675,697,49.2,1
20021,3580,4088,46.69,1
20023,473,643,42.38,1
20025,274,416,39.71,1
20027,1406,1973,41.61,1
20029,1566,2197,41.62,1
20031,1671,1725,49.2,1
20033,277,383,41.97,1
20035,6382,7442,46.17,1
20037,7206,8229,46.69,0
20039,498,677,42.38,1
20041,3189,4474,41.62,1
20043,883,1990,30.73,0
20045,20742,29017,41.68,0
20047,479,662,41.98,1
20049,497,513,49.21,1
20051,5220,7103,42.36,0
20053,1104,1549,41.61,1
20055,5287,8013,39.75,0
20057,4712,7141,39.75,0
20059,4808,5491,46.68,1
20061,6395,7588,45.73,0
20063,490,667,42.35,1
20065,436,593,42.37,1
20067,1010,1530,39.76,1
20069,776,1177,39.73,1
20071,232,316,42.34,1
20073,1201,1240,49.2,1
20075,345,523,39.75,1
20077,902,1247,41.97,1
20079,4133,8438,32.88,1
20081,519,786,39.77,1
20083,237,359,39.77,1
20085,1557,3509,30.73,1
20087,2159,4868,30.72,0
20089,507,711,41.63,1
20091,60005,185628,24.43,0
20093,547,829,39.75,1
20095,1230,1700,41.98,1
20097,405,560,41.97,1
20099,3732,4262,46.69,1
20101,285,387,42.41,1
20103,10340,20255,33.8,0
20105,509,715,41.58,1
20107,1211,2372,33.8,1
20109,498,677,42.38,1
20111,6430,6637,49.21,0
20113,4866,7504,39.34,1
20115,2362,2438,49.21,1
20117,1738,2439,41.61,1
20119,558,846,39.74,1
20121,4318,8458,33.8,1
20123,1004,1408,41.63,1
20125,6290,6492,49.21,1
20127,1077,1112,49.2,1
20129,371,563,39.72,1
20131,1780,2498,41.61,1
20133,2941,3358,46.69,1
20135,484,659,42.34,1
20137,984,1339,42.36,1
20139,1854,4180,30.73,1
20141,631,859,42.35,1
20143,994,1394,41.62,1
20145,1030,1424,41.97,1
20147,899,1223,42.37,1
20149,4412,5235,45.73,0
20151,1508,2083,41.99,1
20153,463,630,42.36,1
20155,9965,15369,39.33,0
20157,809,1135,41.62,1
20159,1517,2340,39.33,1
20161,12524,14861,45.73,0
20163,887,1207,42.36,1
20165,486,672,41.97,1
20167,1207,1642,42.37,1
20169,9406,13198,41.61,0
20171,930,1265,42.37,1
20173,84271,118651,41.53,0
20175,3017,4573,39.75,0
20177,33394,41502,44.59,0
20179,442,601,42.38,1
20181,1069,1455,42.35,1
20183,645,878,42.35,1
20185,670,926,41.98,1
20187,286,433,39.78,1
20189,722,1095,39.74,1
20191,3685,5092,41.98,0
20193,1431,1948,42.35,1
20195,507,691,42.32,1
20197,808,1822,30.72,1
20199,273,372,42.33,1
20201,959,1345,41.62,1
20203,387,527,42.34,1
20205,1722,1778,49.2,1
20207,624,644,49.21,1
20209,35892,26647,57.39,0
21001,4329,3020,58.91,1
21003,4432,3551,55.52,1
21005,4464,5638,44.19,1
21007,1461,1582,48.01,1
21009,9575,7672,55.52,1
21011,2669,2047,56.59,1
21013,6283,2786,69.28,1
21015,15334,35695,30.05,0
21017,3564,4402,44.74,1
21019,10362,8444,55.1,0
21021,6056,5641,51.77,1
21023,1758,1349,56.58,1
21025,3824,1064,78.23,1
21027,3395,4419,43.45,1
21029,12676,18842,40.22,0
21031,2663,2134,55.51,1
21033,2951,2168,57.65,1
21035,7007,7587,48.01,1
21037,15785,21128,42.76,0
21039,911,986,48.02,1
21041,1832,2452,42.76,1
21043,5718,4660,55.1,1
21045,3653,2548,58.91,1
21047,15003,12319,54.91,0
21049,6507,8036,44.74,1
21051,5095,2807,64.48,1
21053,2119,1478,58.91,1
21055,2098,1541,57.65,1
21057,1348,941,58.89,1
21059,16897,24659,40.66,0
21061,2610,2091,55.52,1
21063,1580,1287,55.11,1
21065,3419,2095,62.01,1
21067,58613,80690,42.08,0
21069,3156,2421,56.59,1
21071,9704,4386,68.87,1
21073,9642,12180,44.18,0
21075,1230,1332,48.01,1
21077,1475,1974,42.77,1
21079,3354,3124,51.78,1
21081,4230,5661,42.77,1
21083,6921,7495,48.01,1
21085,4390,5714,43.45,1
21087,2545,1775,58.91,1
21089,7722,6293,55.1,1
21091,1525,2022,42.99,1
21093,18699,23023,44.82,0
21095,6996,3102,69.28,1
21097,3290,4062,44.75,1
21099,4153,3328,55.51,1
21101,7515,9962,43.0,0
21103,1766,3802,31.72,1
21105,855,926,48.01,1
21107,10602,7789,57.65,1
21109,3245,1787,64.49,1
21111,149308,181794,45.09,0
21113,10484,9765,51.78,0
21115,6126,2769,68.87,1
21117,25571,42171,37.75,0
21119,3973,1105,78.24,1
21121,7872,3490,69.28,1
21123,2471,3216,43.45,1
21125,15684,8639,64.48,1
21127,3497,2850,55.1,1
21129,2060,573,78.24,1
21131,2930,815,78.24,1
21133,6006,1671,78.23,1
21135,2737,2099,56.6,1
21137,4804,4474,51.78,1
21139,2075,1525,57.64,1
21141,5903,4730,55.52,1
21143,1791,1470,54.92,1
21145,12816,13879,48.01,0
21147,4109,2288,64.23,1
21149,1535,2034,43.01,1
21151,22383,13719,62.0,0
21153,3143,1420,68.88,1
21155,3254,4235,43.45,1
21157,5977,6472,48.01,1
21159,3048,1378,68.87,1
21161,3582,2747,56.6,1
21163,4987,6490,43.45,1
21165,1280,981,56.61,1
21167,4237,5352,44.19,1
21169,2212,1773,55.51,1
21171,2441,1956,55.52,1
21173,5884,4512,56.6,1
21175,2872,2203,56.59,1
21177,7219,5304,57.65,1
21179,7768,10111,43.45,1
21181,1327,1638,44.76,1
21183,3989,5288,43.0,1
21185,7618,16397,31.72,0
21187,1912,2560,42.75,1
21189,1128,314,78.22,1
21191,2483,3324,42.76,1
21193,7936,2208,78.23,1
21195,15841,7160,68.87,1
21197,3169,1943,61.99,1
21199,15824,8812,64.23,1
21201,458,351,56.61,1
21203,4019,2213,64.49,1
21205,5160,3957,56.6,1
21207,4122,2876,58.9,1
21209,10062,12425,44.75,0
21211,5417,11659,31.72,0
21213,4218,3380,55.51,1
21215,3004,4466,40.21,1
21217,5962,4159,58.91,1
21219,2524,2072,54.92,1
21221,2899,2381,54.91,1
21223,955,2055,31.73,1
21225,2292,3039,42.99,1
21227,25029,28064,47.14,0
21229,1999,2601,43.46,1
21231,4758,2650,64.23,1
21233,2184,2895,43.0,1
21235,9574,4245,69.28,1
21237,1829,509,78.23,1
21239,5027,6350,44.19,1
22001,11917,10259,53.74,0
22003,3693,3885,48.73,1
22005,23256,24897,48.3,0
22007,4247,4010,51.44,1
22009,7779,5926,56.76,1
22011,5932,6242,48.73,1
22013,3048,1824,62.56,1
22015,24105,25078,49.01,0
22017,56968,39536,59.03,0
22019,38394,33864,53.13,0
22021,2228,1241,64.23,1
22023,1055,821,56.24,1
22025,1746,1330,56.76,1
22027,3327,1990,62.57,1
22029,3663,2790,56.76,1
22031,6296,3766,62.57,1
22033,95194,80568,54.16,0
22035,1724,960,64.23,1
22037,3534,3497,50.26,1
22039,8676,3880,69.1,1
22041,4572,2546,64.23,1
22043,4345,3310,56.76,1
22045,15099,10650,58.64,0
22047,5470,5413,50.26,0
22049,3474,1935,64.23,1
22051,92824,86591,51.74,0
22053,6049,4706,56.24,1
22055,40502,57505,41.33,0
22057,19692,18593,51.44,0
22059,2898,2207,56.77,1
22061,11369,6801,62.57,0
22063,23337,28769,44.79,0
22065,2314,1289,64.22,1
22067,5923,3299,64.23,1
22069,8811,5271,62.57,1
22071,88313,70513,55.6,0
22073,35795,25863,58.05,0
22075,4657,4007,53.75,0
22077,3755,3715,50.27,1
22079,27643,20410,57.53,0
22081,1789,1070,62.57,1
22083,4634,2581,64.23,1
22085,5204,3113,62.57,1
22087,8668,7458,53.75,0
22089,8923,9957,47.26,0
22091,1792,2209,44.79,1
22093,3430,3827,47.26,1
22095,7213,8049,47.26,0
22097,22132,9898,69.1,0
22099,11178,7885,58.64,0
22101,9814,9441,50.97,1
22103,41784,61756,40.36,0
22105,28878,21188,57.68,0
22107,959,534,64.23,1
22109,21764,20935,50.97,0
22111,4878,2717,64.23,1
22113,11875,10222,53.74,0
22115,10365,7653,57.53,1
22117,9858,7233,57.68,1
22119,6922,7202,49.01,1
22121,4920,4869,50.26,0
22123,2255,1256,64.23,1
22125,2769,2740,50.26,1
22127,2696,2054,56.76,1
23001,18301,28022,39.51,0
23003,15965,14267,52.81,1
23005,41735,92195,31.16,0
23007,7000,6065,53.58,1
23009,9930,15276,39.4,1
23011,22595,31208,42.0,1
23013,7269,11182,39.4,1
23015,6305,9699,39.4,1
23017,13733,11898,53.58,1
23019,32386,33487,49.16,0
23021,3992,3459,53.58,1
23023,4323,11124,27.99,1
23025,11999,10396,53.58,1
23027,7088,10904,39.4,1
23029,7397,6611,52.81,1
23031,26122,61688,29.75,0
24001,12927,15618,45.29,1
24003,62031,162772,27.59,0
24005,126949,205576,38.18,0
24009,8984,25317,26.19,1
24011,5186,8234,38.64,1
24013,16139,48023,25.15,0
24015,16149,24851,39.39,0
24017,18820,40661,31.64,0
24019,5068,8047,38.64,1
24021,28438,75247,27.43,0
24023,5466,6604,45.29,1
24025,31026,70170,30.66,0
24027,28533,92012,23.67,0
24029,2989,4746,38.64,1
24031,117105,271104,30.17,0
24033,145326,200979,41.96,0
24035,7769,12337,38.64,0
24037,11011,31021,26.2,1
24039,4718,5132,47.9,1
24041,5844,9279,38.64,1
24043,28156,32485,46.43,0
24045,19850,21590,47.9,0
24047,10053,10934,47.9,1
24510,138663,115707,54.51,0
25001,35648,67370,34.6,0
25003,26909,30786,46.64,0
25005,111978,121413,47.98,0
25007,3129,6047,34.1,1
25009,134550,175003,43.47,0
25011,11522,15883,42.04,1
25013,97159,86922,52.78,0
25015,26608,37737,41.35,0
25017,209028,426666,32.88,0
25019,2165,4185,34.09,1
25021,91327,185106,33.04,0
25023,73590,128777,36.36,0
25025,155403,160104,49.26,0
25027,137905,196049,41.29,0
26001,2381,2485,48.93,1
26003,1744,1794,49.29,1
26005,16748,27723,37.66,0
26007,6768,7065,48.93,1
26009,4518,5964,43.1,1
26011,3442,3562,49.14,1
26013,1641,1839,47.16,1
26015,10106,14561,40.97,1
26017,18908,25957,42.14,0
26019,2756,4767,36.63,1
26021,30118,35646,45.8,0
26023,7132,9833,42.04,1
26025,21743,31328,40.97,0
26027,10125,10232,49.74,0
26029,5025,6633,43.1,1
26031,5989,6251,48.93,1
26033,7253,7463,49.29,1
26035,6072,5741,51.4,1
26037,11211,20781,35.04,0
26039,3041,3175,48.92,1
26041,7276,7486,49.29,1
26043,5220,5850,47.15,1
26045,15469,28675,35.04,0
26047,6579,8684,43.1,1
26049,85629,81813,51.14,0
26051,5823,6026,49.14,1
26053,2893,3242,47.16,1
26055,14612,25270,36.64,1
26057,8219,7770,51.4,1
26059,8480,9260,47.8,1
26061,7516,8424,47.15,1
26063,5807,7461,43.77,1
26065,51935,63814,44.87,0
26067,11510,13378,46.25,1
26069,5788,5989,49.15,1
26071,2341,2624,47.15,1
26073,12673,11981,51.4,0
26075,24206,37731,39.08,0
26077,45598,60044,43.16,0
26079,3460,4568,43.1,1
26081,92417,160675,36.52,0
26083,410,460,47.13,1
26085,2113,2658,44.29,1
26087,14574,20374,41.7,0
26089,3421,5917,36.64,1
26091,18433,20127,47.8,0
26093,18701,56670,24.81,0
26095,1053,1083,49.3,1
26097,2137,2199,49.29,1
26099,148406,209794,41.43,0
26101,3840,6641,36.64,1
26103,13285,14888,47.16,0
26105,5075,6384,44.29,1
26107,6843,7953,46.25,1
26109,4633,4767,49.29,1
26111,15204,20871,42.15,0
26113,2904,3833,43.11,1
26115,24463,37094,39.74,0
26117,11476,13339,46.25,1
26119,2144,2238,48.93,1
26121,33870,33838,50.02,0
26123,8728,10980,44.29,1
26125,170490,359792,32.15,0
26127,4655,5856,44.29,1
26129,4765,4931,49.14,1
26131,1169,1310,47.16,1
26133,3945,4585,46.25,1
26135,1926,2010,48.93,1
26137,5873,6131,48.93,1
26139,37192,72853,33.8,0
26141,3038,3171,48.93,1
26143,5380,5567,49.15,1
26145,40597,39549,50.65,0
26147,27458,38866,41.4,0
26149,9688,13357,42.04,1
26151,7508,9646,43.77,1
26153,1587,1633,49.29,1
26155,10702,17482,37.97,0
26157,9857,12665,43.77,1
26159,14831,14988,49.74,0
26161,52526,96624,35.22,0
26163,368229,326725,52.99,0
26165,6495,8573,43.1,1
27001,2474,3915,38.72,1
27003,42252,93016,31.24,0
27005,5546,8636,39.11,1
27007,7596,11282,40.24,1
27009,5877,10168,36.63,0
27011,909,1291,41.32,1
27013,10250,17090,37.49,0
27015,4194,6399,39.59,1
27017,5708,9031,38.73,1
27019,11954,28216,29.76,0
27021,4998,7328,40.55,1
27023,2218,3147,41.34,1
27025,7986,14148,36.08,1
27027,10802,16448,39.64,0
27029,1343,2091,39.11,1
27031,1015,1486,40.58,1
27033,1865,2880,39.3,1
27035,11532,15651,42.42,1
27037,51461,118491,30.28,0
27039,3396,5148,39.75,1
27041,6868,9748,41.33,1
27043,2254,3439,39.59,1
27045,3453,5235,39.74,1
27047,5002,7631,39.59,1
27049,7411,11771,38.64,1
27051,1069,1517,41.34,1
27053,178952,352799,33.65,0
27055,3065,4648,39.74,0
27057,3547,5200,40.55,1
27059,5803,10281,36.08,1
27061,7483,10971,40.55,1
27063,1618,2498,39.31,1
27065,2527,3997,38.73,1
27067,6640,11417,36.77,1
27069,663,1033,39.09,1
27071,2004,2938,40.55,1
27073,1183,1678,41.35,1
27075,1976,2892,40.59,1
27077,594,925,39.1,1
27079,4347,6774,39.09,1
27081,912,1409,39.29,1
27083,4091,6317,39.31,1
27085,5582,9598,36.77,1
27087,854,1329,39.12,1
27089,1424,2218,39.1,1
27091,3242,4945,39.6,1
27093,3552,6107,36.77,1
27095,3732,6612,36.08,1
27097,5932,8052,42.42,1
27099,6514,9876,39.74,0
27101,1323,2043,39.3,1
27103,5110,8520,37.49,1
27105,3608,5572,39.3,1
27107,1016,1582,39.11,1
27109,19086,46181,29.24,0
27111,9936,15129,39.64,1
27113,2206,3435,39.11,1
27115,4552,7202,38.73,1
27117,1525,2354,39.31,1
27119,4917,7657,39.1,0
27121,1990,2825,41.33,1
27123,87823,130980,40.14,0
27125,619,964,39.1,1
27127,2496,3854,39.31,1
27129,2235,3843,36.77,1
27131,10169,15849,39.08,0
27133,1570,2425,39.3,1
27135,2417,3764,39.1,1
27137,35713,50256,41.54,0
27139,16345,39938,29.04,0
27141,11322,25029,31.15,0
27143,2253,3874,36.77,1
27145,22538,38876,36.7,0
27147,5670,8837,39.08,0
27149,1703,2417,41.33,1
27151,1733,2460,41.33,1
27153,4405,5978,42.43,1
27155,592,841,41.31,1
27157,3331,5291,38.63,1
27159,2454,3331,42.42,1
27161,2875,4481,39.08,1
27163,27490,74980,26.83,0
27165,1821,2779,39.59,1
27167,1075,1637,39.64,1
27169,7736,12288,38.63,0
27171,13898,38546,26.5,0
27173,1677,2380,41.34,1
28001,6452,4631,58.22,1
28003,7900,6239,55.87,1
28005,2780,1995,58.22,1
28007,3999,2497,61.56,1
28009,1738,1373,55.87,1
28011,7182,3979,64.35,1
28013,2569,2510,50.58,1
28015,2234,1395,61.56,1
28017,3312,3236,50.58,1
28019,1749,1594,52.32,1
28021,1995,1432,58.21,1
28023,3548,2474,58.92,1
28025,3952,3601,52.32,1
28027,4726,3193,59.68,1
28029,5590,5037,52.6,1
28031,3692,2711,57.66,1
28033,27132,41835,39.34,0
28035,15131,15561,49.3,0
28037,1676,1203,58.21,1
28039,4429,4905,47.45,1
28041,2724,2001,57.65,1
28043,4834,3018,61.56,1
28045,8377,9276,47.45,0
28047,38343,42880,47.21,0
28049,51965,40503,56.2,0
28051,3800,2373,61.56,1
28053,1804,1000,64.34,1
28055,311,172,64.39,1
28057,4622,4516,50.58,1
28059,26306,30678,46.16,0
28061,3052,2529,54.69,1
28063,1584,1137,58.21,1
28065,2279,1673,57.67,1
28067,13541,9944,57.66,1
28069,1676,1389,54.68,1
28071,10808,10559,50.58,0
28073,12431,12784,49.3,0
28075,16586,11562,58.92,0
28077,2626,1885,58.21,1
28079,3967,3287,54.69,1
28081,15642,16409,48.8,0
28083,6334,3955,61.56,1
28085,7624,5473,58.21,1
28087,12486,11376,52.33,0
28089,15942,24290,39.63,0
28091,4733,4867,49.3,1
28093,7674,6061,55.87,1
28095,6619,6467,50.58,1
28097,2194,1370,61.56,1
28099,5425,4495,54.69,1
28101,4837,3372,58.92,1
28103,2181,1987,52.33,1
28105,10983,10006,52.33,0
28107,7338,4958,59.68,1
28109,10211,11307,47.45,1
28111,2227,2290,49.3,1
28113,8808,6323,58.21,1
28115,5851,6138,48.8,1
28117,5685,4489,55.88,1
28119,1365,923,59.66,1
28121,21213,37960,35.85,0
28123,5221,4326,54.69,1
28125,881,488,64.35,1
28127,3505,6272,35.85,1
28129,2650,2196,54.68,1
28131,3333,3691,47.45,1
28133,6019,3335,64.35,1
28135,2809,1898,59.68,1
28137,6202,4190,59.68,1
28139,4959,3917,55.87,1
28141,4285,3384,55.87,1
28143,2162,1461,59.67,1
28145,5213,5469,48.8,1
28147,3034,2178,58.21,1
28149,8810,7940,52.6,0
28151,10412,5769,64.35,0
28153,3983,2925,57.66,1
28155,2106,1919,52.32,1
28157,1876,1347,58.21,1
28159,3755,3421,52.33,1
28161,2789,1741,61.57,1
28163,3906,5951,39.63,1
29001,3875,5293,42.27,1
29003,3172,3830,45.3,0
29005,883,1165,43.12,1
29007,3488,5881,37.23,1
29009,6772,6621,50.56,1
29011,2484,2354,51.34,1
29013,1731,4500,27.78,1
29015,4041,3682,52.32,1
29017,2242,1838,54.95,1
29019,27659,46238,37.43,0
29021,14834,17913,45.3,0
29023,8733,7177,54.89,1
29025,1284,2186,37.0,1
29027,6485,10370,38.48,1
29029,6988,8018,46.57,1
29031,16306,16170,50.21,0
29033,1353,1772,43.3,1
29035,1078,886,54.89,1
29037,11636,30250,27.78,0
29039,3029,2871,51.34,1
29041,1180,1545,43.3,1
29043,12189,21564,36.11,0
29045,1015,1387,42.26,1
29047,30410,69312,30.49,0
29049,3085,5252,37.0,1
29051,11319,18101,38.47,0
29053,2725,3569,43.3,1
29055,3755,5337,41.3,1
29057,1617,1532,51.35,1
29059,3556,3241,52.32,1
29061,1405,1854,43.11,1
29063,1930,2330,45.31,1
29065,2990,2457,54.89,1
29067,2589,1944,57.11,1
29069,6001,4920,54.95,1
29071,17049,24233,41.3,1
29073,2627,2890,47.62,1
29075,1026,1353,43.13,1
29077,55478,73667,42.96,0
29079,1634,2156,43.11,1
29081,1359,1793,43.12,1
29083,4685,4440,51.34,1
29085,1724,1571,52.32,1
29087,703,928,43.1,1
29089,1616,2116,43.3,1
29091,8892,6677,57.11,1
29093,1976,1624,54.89,1
29095,115171,187710,38.03,0
29097,21627,25502,45.89,0
29099,27932,60874,31.45,0
29101,7868,13396,37.0,0
29103,573,783,42.26,1
29105,7508,6842,52.32,1
29107,4804,8179,37.0,0
29109,8112,7688,51.34,1
29111,1536,2098,42.27,1
29113,8322,14033,37.23,1
29115,1978,2610,43.11,1
29117,2425,3200,43.11,1
29119,4568,4467,50.56,1
29121,2328,3180,42.27,1
29123,2618,2152,54.88,1
29125,1497,1647,47.61,1
29127,4366,5964,42.27,1
29129,590,778,43.13,1
29131,4041,4637,46.57,1
29133,2669,2188,54.95,1
29135,2530,2904,46.56,1
29137,1326,1811,42.27,1
29139,1582,2667,37.23,1
29141,3434,3941,46.56,1
29143,3487,2859,54.95,1
29145,10332,12184,45.89,0
29147,3537,4667,43.11,1
29149,1933,1451,57.12,1
29151,2358,2595,47.61,1
29153,1913,1436,57.12,1
29155,3323,2724,54.95,1
29157,3565,3616,49.64,1
29159,6846,8965,43.3,0
29161,7925,8721,47.61,0
29163,2458,4144,37.23,1
29165,13222,30994,29.9,0
29167,6568,5985,52.32,1
29169,9580,10543,47.61,1
29171,780,1030,43.09,1
29173,1585,2165,42.27,1
29175,3937,5156,43.3,1
29177,3373,5742,37.0,1
29179,1265,1039,54.9,1
29181,2215,1820,54.89,1
29183,33242,124643,21.05,0
29185,1982,1879,51.33,1
29186,3476,3526,49.64,1
29187,12590,12770,49.65,1
29189,134663,277181,32.7,0
29195,3717,4867,43.3,1
29197,672,887,43.1,1
29199,721,985,42.26,1
29201,7596,7533,50.21,1
29203,1457,1197,54.9,1
29205,935,1277,42.27,1
29207,6085,4988,54.95,1
29209,6092,5956,50.56,1
29211,998,1317,43.11,1
29213,10993,10748,50.56,1
29215,5477,4112,57.12,1
29217,4207,3987,51.34,1
29219,4963,8369,37.23,1
29221,4424,4487,49.65,1
29223,2276,1871,54.88,1
29225,5363,9488,36.11,1
29227,328,433,43.1,1
29229,4069,3055,57.12,1
29510,67039,73681,47.64,0
30001,1611,2400,40.16,1
30003,1990,3101,39.09,1
30005,1167,1700,40.7,1
30007,1122,1634,40.71,1
30009,1735,2528,40.7,1
30011,214,333,39.12,1
30013,14414,20072,41.8,0
30015,977,1423,40.71,1
30017,1799,2803,39.09,1
30019,252,393,39.07,1
30021,1355,2112,39.08,1
30023,1619,2412,40.16,1
30025,462,719,39.12,1
30027,1895,2761,40.7,1
30029,17622,24941,41.4,0
30031,18044,32373,35.79,0
30033,178,277,39.12,1
30035,2327,3294,41.4,1
30037,136,198,40.72,1
30039,569,848,40.16,1
30041,2701,3936,40.7,1
30043,2001,2916,40.7,1
30045,335,488,40.7,1
30047,5689,7657,42.63,1
30049,12119,16876,41.8,0
30051,324,472,40.7,1
30053,3323,4704,41.4,1
30055,261,407,39.07,1
30057,1482,2208,40.16,1
30059,320,466,40.71,1
30061,828,1114,42.64,1
30063,21544,28995,42.63,0
30065,716,1115,39.1,1
30067,2848,4150,40.7,1
30069,82,120,40.59,1
30071,698,1017,40.7,1
30073,977,1423,40.71,1
30075,257,400,39.12,1
30077,1194,1779,40.16,1
30079,164,256,39.05,1
30081,7593,11312,40.16,1
30083,1743,2715,39.1,1
30085,1637,2550,39.1,1
30087,1263,1968,39.09,1
30089,2265,3049,42.62,1
30091,536,835,39.1,1
30093,6039,8996,40.17,0
30095,1485,2163,40.71,1
30097,609,888,40.68,1
30099,1031,1502,40.7,1
30101,823,1200,40.68,1
30103,115,179,39.12,1
30105,1148,1789,39.09,1
30107,344,501,40.71,1
30109,142,221,39.12,1
30111,28680,39428,42.11,0
31001,4439,8160,35.23,0
31003,875,1550,36.08,1
31005,71,107,39.89,1
31007,124,151,45.09,1
31009,64,108,37.21,1
31011,747,1323,36.09,1
31013,1996,2421,45.19,1
31015,332,403,45.17,1
31017,534,648,45.18,1
31019,7123,13095,35.23,0
31021,934,1654,36.09,1
31023,1212,2211,35.41,1
31025,3575,6876,34.21,0
31027,1162,2059,36.08,1
31029,649,966,40.19,1
31031,1005,1219,45.19,1
31033,1743,2114,45.19,1
31035,868,1596,35.23,1
31037,1468,2600,36.09,1
31039,1252,2218,36.08,1
31041,1587,2647,37.48,1
31043,2997,5309,36.08,0
31045,1510,1832,45.18,1
31047,4012,5979,40.16,1
31049,338,410,45.19,1
31051,777,1377,36.07,1
31053,4995,9609,34.2,0
31055,86686,149441,36.71,0
31057,276,411,40.17,1
31059,805,1468,35.42,1
31061,411,755,35.25,1
31063,419,624,40.17,1
31065,771,1149,40.16,1
31067,3145,5736,35.41,1
31069,346,420,45.17,1
31071,273,455,37.5,1
31073,315,469,40.18,1
31075,102,152,40.16,1
31077,329,549,37.47,1
31079,9465,15789,37.48,0
31081,1418,2366,37.47,1
31083,437,804,35.21,1
31085,143,213,40.17,1
31087,436,649,40.18,1
31089,1864,2261,45.19,1
31091,119,178,40.07,1
31093,974,1624,37.49,1
31095,1048,1912,35.41,1
31097,767,1398,35.43,1
31099,951,1748,35.24,1
31101,1387,2067,40.16,1
31103,142,172,45.22,1
31105,632,766,45.21,1
31107,1165,2064,36.08,1
31109,47467,83950,36.12,0
31111,5770,8599,40.16,0
31113,119,178,40.07,1
31115,91,152,37.45,1
31117,66,99,40.0,1
31119,4939,8750,36.08,0
31121,1154,1925,37.48,0
31123,840,1018,45.21,1
31125,470,832,36.1,1
31127,1024,1868,35.41,1
31129,582,1069,35.25,1
31131,2305,4203,35.42,1
31133,369,674,35.38,1
31135,475,708,40.15,1
31137,1276,2345,35.24,1
31139,1016,1800,36.08,1
31141,4760,8432,36.08,0
31143,755,1377,35.41,1
31145,1781,2653,40.17,1
31147,1140,2079,35.41,1
31149,233,283,45.16,1
31151,2071,3776,35.42,1
31153,17684,54723,24.42,0
31155,2994,5760,34.2,1
31157,6643,8057,45.19,1
31159,2552,4654,35.41,1
31161,944,1146,45.17,1
31163,445,742,37.49,1
31165,210,255,45.16,1
31167,811,1436,36.09,1
31169,729,1329,35.42,1
31171,111,165,40.22,1
31173,939,1664,36.07,1
31175,612,1020,37.5,1
31177,2804,5395,34.2,1
31179,1347,2386,36.08,1
31181,482,886,35.23,1
31183,116,193,37.54,1
31185,2047,3733,35.42,1
32001,4237,5615,43.01,1
32003,397475,456815,46.53,0
32005,8250,11693,41.37,0
32007,8920,11820,43.01,0
32009,120,160,42.86,1
32011,307,407,43.0,1
32013,2871,3804,43.01,1
32015,951,1260,43.01,1
32017,746,989,43.0,1
32019,9876,13999,41.37,0
32021,755,1001,43.0,1
32023,8568,11354,43.01,0
32027,1104,1464,42.99,1
32029,683,968,41.37,1
32031,75174,122837,37.96,0
32033,1508,1998,43.01,1
32510,9776,13857,41.37,0
33001,9781,16643,37.02,1
33003,7695,13093,37.02,1
33005,10139,18615,35.26,0
33007,4592,7767,37.16,1
33009,13380,22631,37.16,1
33011,49710,118319,29.58,0
33013,21598,38146,36.15,0
33015,31023,95523,24.52,0
33017,15512,36830,29.64,0
33019,6324,10697,37.15,1
34001,46914,65300,41.81,0
34003,102671,249397,29.16,0
34005,51314,124478,29.19,0
34007,84769,116600,42.1,0
34009,16477,32471,33.66,1
34011,28615,26392,52.02,0
34013,154161,167415,47.94,0
34015,37853,74472,33.7,0
34017,129509,162438,44.36,0
34019,9958,41120,19.5,0
34021,53294,90723,37.01,0
34023,108164,200386,35.06,0
34025,70037,180068,28.0,0
34027,43789,149107,22.7,0
34029,88948,151857,36.94,0
34031,91417,86478,51.39,0
34033,11064,12757,46.45,0
34035,28896,102272,22.03,0
34037,15573,43141,26.52,0
34039,78534,122905,38.99,0
34041,16480,29730,35.66,0
35001,140103,144149,49.29,0
35003,808,517,60.98,1
35005,15909,9681,62.17,0
35006,6214,2055,75.15,1
35007,3026,1841,62.17,1
35009,11825,7196,62.17,0
35011,414,252,62.16,1
35013,51275,33747,60.31,0
35015,11403,10708,51.57,0
35017,6376,4078,60.99,1
35019,1086,661,62.16,1
35021,161,98,62.16,1
35023,944,604,60.98,1
35025,13626,12794,51.57,0
35027,4584,2932,60.99,1
35028,4023,4080,49.65,1
35029,5749,3678,60.98,1
35031,16672,5515,75.14,0
35033,867,879,49.66,1
35035,15344,9814,60.99,0
35037,2136,1300,62.17,1
35039,8363,8483,49.64,1
35041,4687,2853,62.16,1
35043,24464,32061,43.28,0
35045,25138,15670,61.6,0
35047,5637,5718,49.64,1
35049,28074,41094,40.59,0
35051,2620,1676,60.99,1
35053,3753,2400,60.99,1
35055,7147,7250,49.64,1
35057,3102,2867,51.97,1
35059,998,607,62.18,1
35061,15708,14519,51.97,1
36001,51800,80370,39.19,0
36003,9308,9601,49.23,1
36005,379146,153928,71.12,0
36007,39671,46501,46.04,0
36009,15435,15920,49.23,1
36011,13094,18380,41.6,0
36013,28652,24641,53.76,0
36015,16335,19684,45.35,0
36017,9309,11000,45.84,1
36019,15003,18817,44.36,1
36021,10567,14053,42.92,1
36023,7904,10281,43.46,1
36025,8733,10319,45.84,1
36027,40196,77028,34.29,0
36029,177042,235829,42.88,0
36031,7023,8808,44.36,1
36033,8935,11206,44.36,1
36035,9481,12175,43.78,1
36037,9976,13608,42.3,1
36039,8226,10939,42.92,1
36041,961,1205,44.37,1
36043,11192,13020,46.23,0
36045,20521,28298,42.03,0
36047,554479,447382,55.34,0
36049,4674,6445,42.04,1
36051,9637,15609,38.17,1
36053,11484,14936,43.47,0
36055,134380,184497,42.14,0
36057,8808,11311,43.78,1
36059,142173,317249,30.95,0
36061,290089,447487,39.33,0
36063,42206,48768,46.39,0
36065,43829,49998,46.71,0
36067,90608,108443,45.52,0
36069,17526,28384,38.17,0
36071,52618,85065,38.22,0
36073,6893,9402,42.3,1
36075,22523,24421,47.98,0
36077,9976,12487,44.41,1
36079,11497,24696,31.77,0
36081,441926,377928,53.9,0
36083,26389,40043,39.72,0
36085,71310,99451,41.76,0
36087,40142,62138,39.25,0
36089,21321,21010,50.37,1
36091,29332,70894,29.27,0
36093,27044,39866,40.42,0
36095,5066,6341,44.41,1
36097,3172,4393,41.93,1
36099,6106,8053,43.12,1
36101,17084,22631,43.02,1
36103,158535,354280,30.91,0
36105,14829,18700,44.23,1
36107,9276,11422,44.82,1
36109,17831,26638,40.1,0
36111,28670,45371,38.72,0
36113,12085,16162,42.78,1
36115,11268,15068,42.79,1
36117,16485,21742,43.12,0
36119,127083,244519,34.2,0
36121,6923,9444,42.3,1
36123,4474,5900,43.13,1
37001,27569,41952,39.66,0
37003,6980,7506,48.18,1
37005,2477,2030,54.96,1
37007,3212,4671,40.75,1
37009,5525,5560,49.84,1
37011,3702,3726,49.84,1
37013,8217,11006,42.75,1
37015,3301,4421,42.75,1
37017,7225,3998,64.38,1
37019,22691,42606,34.75,0
37021,37974,60096,38.72,0
37023,16762,19450,46.29,0
37025,29638,46624,38.86,0
37027,15448,16614,48.18,0
37029,1923,2438,44.1,1
37031,12938,15745,45.11,1
37033,4167,4488,48.15,1
37035,28882,35530,44.84,0
37037,12611,17710,41.59,0
37039,6491,6820,48.76,1
37041,2546,3229,44.09,1
37043,2501,2628,48.76,1
37045,19819,21235,48.28,0
37047,12353,6836,64.38,1
37049,19253,23432,45.1,0
37051,65059,64905,50.06,0
37053,5218,6616,44.09,1
37055,6793,9098,42.75,1
37057,32142,34328,48.36,0
37059,7435,10233,42.08,0
37061,11306,7439,60.31,1
37063,49582,89095,35.75,0
37065,9868,9459,51.06,0
37067,72875,82920,46.78,0
37069,13477,12505,51.87,0
37071,44998,48967,47.89,0
37073,1946,2468,44.09,1
37075,1830,1801,50.4,1
37077,11178,12040,48.14,0
37079,4154,3847,51.92,1
37081,89773,122798,42.23,0
37083,12360,7662,61.73,1
37085,23237,26536,46.69,0
37087,14143,13918,50.4,0
37089,19792,29014,40.55,0
37091,5479,3396,61.74,1
37093,11044,8339,56.98,0
37095,846,1133,42.75,1
37097,24674,47841,34.03,0
37099,9726,10219,48.76,1
37101,38173,44653,46.09,0
37103,1937,1791,51.96,1
37105,10461,14690,41.59,0
37107,11647,10767,51.96,0
37109,15704,20577,43.28,0
37111,8531,9900,46.29,1
37113,8351,8774,48.76,1
37115,4827,4750,50.4,0
37117,4054,5429,42.75,1
37119,148166,309834,32.35,0
37121,3097,3117,49.84,1
37123,4428,6593,40.18,1
37125,17153,25538,40.18,1
37127,19165,18371,51.06,0
37129,37043,66020,35.94,0
37131,4442,2753,61.74,1
37133,33171,40453,45.05,0
37135,19333,36639,34.54,0
37137,2259,3025,42.75,1
37139,7533,9552,44.09,1
37141,8254,15846,34.25,0
37143,2415,3062,44.09,1
37145,7165,7717,48.15,1
37147,36486,39051,48.3,0
37149,4183,3689,53.14,1
37151,24890,31204,44.37,0
37153,9107,6876,56.98,1
37155,28431,15734,64.37,0
37157,19822,19370,50.58,1
37159,27603,29640,48.22,0
37161,13949,12304,53.13,1
37163,13701,9015,60.31,1
37165,7247,5471,56.98,1
37167,9218,12571,42.31,1
37169,9688,9468,50.57,0
37171,16228,13298,54.96,1
37173,3216,3165,50.4,1
37175,5615,8231,40.55,0
37177,598,801,42.74,1
37179,28140,55421,33.68,0
37181,8369,7766,51.87,1
37183,122895,316826,27.95,0
37185,4739,2938,61.73,1
37187,2026,2713,42.75,1
37189,11242,11314,49.84,1
37191,24329,22616,51.82,0
37193,15001,12293,54.96,1
37195,16004,14819,51.92,0
37197,6479,8917,42.08,1
37199,3839,3864,49.84,1
38001,283,567,33.29,1
38003,1784,2686,39.91,1
38005,981,1477,39.91,1
38007,122,244,33.33,1
38009,836,1638,33.79,1
38011,384,771,33.25,1
38013,289,566,33.8,1
38015,12048,27297,30.62,0
38017,25376,58385,30.3,0
38019,598,963,38.31,1
38021,822,1237,39.92,1
38023,281,564,33.25,1
38025,527,1056,33.29,1
38027,386,582,39.88,1
38029,542,816,39.91,1
38031,559,842,39.9,1
38033,223,448,33.23,1
38035,11807,19017,38.3,0
38037,296,594,33.26,1
38039,379,570,39.94,1
38041,321,643,33.3,1
38043,394,593,39.92,1
38045,674,1014,39.93,1
38047,308,463,39.95,1
38049,701,1373,33.8,1
38051,417,627,39.94,1
38053,1890,3791,33.27,1
38055,1282,2511,33.8,1
38057,1095,2144,33.81,1
38059,4074,9230,30.62,0
38061,1287,2520,33.81,1
38063,487,784,38.32,1
38065,246,482,33.79,1
38067,1105,1780,38.3,1
38069,657,988,39.94,1
38071,1873,3017,38.3,1
38073,938,1412,39.91,1
38075,300,587,33.82,1
38077,2719,4092,39.92,1
38079,2004,3016,39.92,1
38081,636,957,39.92,1
38083,166,325,33.81,1
38085,500,1004,33.24,1
38087,91,183,33.21,1
38089,4325,8673,33.27,0
38091,289,466,38.28,1
38093,3552,5346,39.92,1
38095,356,537,39.87,1
38097,1291,2079,38.31,1
38099,1705,2746,38.31,1
38101,9173,17964,33.8,0
38103,655,986,39.91,1
38105,5263,10555,33.27,0
39001,5820,4695,55.35,1
39003,21052,19969,51.32,0
39005,8477,11616,42.19,0
39007,15453,22936,40.25,0
39009,12146,11802,50.72,0
39011,7124,11527,38.2,1
39013,11727,14451,44.8,1
39015,7664,8742,46.71,1
39017,58208,87850,39.85,0
39019,4541,6163,42.42,1
39021,5942,9613,38.2,1
39023,27109,29904,47.55,0
39025,32317,52223,38.23,0
39027,7699,8951,46.24,1
39029,19635,21534,47.69,1
39031,5918,8109,42.19,1
39033,7954,9575,45.38,1
39035,255794,301328,45.91,0
39037,7981,12820,38.37,1
39039,5313,10329,33.97,1
39041,16501,64139,20.46,0
39043,13128,17945,42.25,0
39045,24019,35809,40.15,0
39047,5304,6166,46.24,1
39049,214197,335488,38.97,0
39051,6478,10852,37.38,0
39053,6319,4773,56.97,1
39055,15110,22427,40.25,0
39057,23602,44242,34.79,0
39059,6778,8352,44.8,1
39061,142894,210765,40.4,0
39063,11128,19405,36.45,0
39065,4558,7949,36.44,1
39067,2435,3561,40.61,1
39069,4195,7028,37.38,1
39071,7936,9226,46.24,1
39073,5555,5545,50.05,1
39075,7148,9795,42.19,1
39077,10165,13895,42.25,1
39079,7062,5334,56.97,1
39081,12574,13791,47.69,1
39083,10246,13419,43.3,1
39085,32420,66996,32.61,0
39087,12594,9513,56.97,1
39089,24991,42506,37.03,0
39091,7082,11458,38.2,1
39093,48152,77100,38.44,0
39095,88502,97136,47.67,0
39097,5116,10974,31.8,0
39099,50249,47570,51.37,0
39101,10678,13984,43.3,0
39103,20208,52064,27.96,0
39105,4321,4199,50.72,1
39107,5902,11473,33.97,1
39109,15219,28676,34.67,0
39111,2361,2910,44.79,1
39113,100129,126406,44.2,0
39115,2708,2672,50.33,1
39117,5710,7478,43.3,1
39119,16946,16722,50.33,0
39121,2490,3068,44.8,1
39123,6509,10486,38.3,0
39125,2609,5073,33.96,1
39127,6945,6853,50.33,1
39129,6834,14659,31.8,0
39131,5738,4629,55.35,1
39133,25611,37487,40.59,0
39135,6305,10128,38.37,1
39137,5223,8751,37.38,1
39139,21918,27618,44.25,0
39141,15269,15240,50.05,0
39143,9498,15303,38.3,1
39145,15676,12645,55.35,0
39147,10422,12546,45.38,1
39149,7419,11917,38.37,0
39151,68667,89036,43.54,0
39153,97920,131152,42.75,0
39155,40263,45653,46.86,0
39157,15679,22932,40.61,1
39159,7329,15721,31.8,0
39161,4014,7804,33.97,1
39163,2535,2530,50.05,1
39165,23215,66352,25.92,0
39167,11629,11299,50.72,1
39169,17788,26369,40.28,0
39171,5150,10012,33.97,1
39173,19638,33877,36.7,0
39175,4144,4988,45.38,1
40001,4634,2887,61.61,1
40003,1060,1009,51.23,1
40005,2907,2623,52.57,1
40007,939,894,51.23,1
40009,4647,3908,54.32,1
40011,1626,1548,51.23,1
40013,9474,8546,52.57,1
40015,5587,4699,54.32,1
40017,20241,37505,35.05,0
40019,9250,9053,50.54,0
40021,11187,6970,61.61,1
40023,3191,2282,58.3,1
40025,426,406,51.2,1
40027,48690,67428,41.93,0
40029,1083,977,52.57,1
40031,23495,21895,51.76,0
40033,1071,998,51.76,1
40035,2898,2594,52.77,1
40037,13868,13843,50.05,0
40039,5914,4974,54.32,1
40041,8300,7429,52.77,1
40043,834,795,51.2,1
40045,697,664,51.21,1
40047,10077,13551,42.65,0
40049,3843,5897,39.46,1
40051,8206,12593,39.45,1
40053,669,900,42.64,1
40055,1140,958,54.34,1
40057,517,435,54.31,1
40059,609,580,51.22,1
40061,2596,1856,58.31,1
40063,2849,2268,55.68,1
40065,5141,4324,54.32,1
40067,1029,1007,50.54,1
40069,2114,1907,52.57,1
40071,7007,9423,42.65,0
40073,2825,2690,51.22,1
40075,1765,1484,54.32,1
40077,2122,1517,58.31,1
40079,10807,7729,58.3,0
40081,5253,7017,42.81,1
40083,9077,9355,49.25,0
40085,1956,1914,50.54,1
40087,6240,9576,39.45,0
40089,6920,4949,58.3,1
40091,4037,3213,55.68,1
40093,1447,1378,51.22,1
40095,3149,2841,52.57,1
40097,8022,7180,52.77,1
40099,2679,2621,50.55,1
40101,12468,13227,48.52,0
40103,1751,2355,42.64,1
40105,1482,2081,41.59,1
40107,2410,1918,55.68,1
40109,144599,180252,44.51,0
40111,7094,7080,50.05,1
40113,8993,8812,50.51,0
40115,6223,5570,52.77,1
40117,3052,2990,50.51,1
40119,14955,15413,49.25,0
40121,9329,7426,55.68,1
40123,7828,7061,52.58,1
40125,11377,15195,42.82,0
40127,2427,1736,58.3,1
40129,640,609,51.24,1
40131,15152,21274,41.6,0
40133,5020,3996,55.68,1
40135,9335,5816,61.61,0
40137,8258,8082,50.54,0
40139,3979,3789,51.22,1
40141,1444,1214,54.33,1
40143,120429,150121,44.51,0
40145,15221,16147,48.52,0
40147,10296,10088,50.51,0
40149,2265,1905,54.32,1
40151,1605,1529,51.21,1
40153,3809,3627,51.22,1
41001,3175,3084,50.73,1
41003,18642,20004,48.24,0
41005,56231,105698,34.73,0
41007,7617,9899,43.49,1
41009,9752,12673,43.49,1
41011,14642,12425,54.1,1
41013,4351,5840,42.69,1
41015,5289,4488,54.1,1
41017,33687,49195,40.64,0
41019,22835,23087,49.73,0
41021,387,390,49.81,1
41023,1400,1412,49.79,1
41025,1735,1192,59.28,1
41027,4642,4682,49.79,1
41029,44455,46373,48.94,0
41031,4311,5785,42.7,1
41033,19868,16859,54.1,0
41035,16061,11033,59.28,0
41037,1889,1298,59.27,1
41039,78017,82131,48.72,0
41041,8699,11026,44.1,1
41043,25171,27023,48.23,0
41045,7306,5019,59.28,1
41047,59511,65127,47.75,0
41049,2359,2379,49.79,1
41051,144890,203408,41.6,0
41053,15095,19132,44.1,0
41055,361,364,49.79,1
41057,5080,6602,43.49,1
41059,15344,15107,50.39,1
41061,4993,4849,50.73,1
41063,1409,1368,50.74,1
41065,5163,5208,49.78,1
41067,82645,150845,35.4,0
41069,281,283,49.82,1
41071,17789,22210,44.47,0
42001,12741,27483,31.68,1
42003,197209,348778,36.12,0
42005,13626,13130,50.93,0
42007,30506,40231,43.13,0
42009,9216,9936,48.12,1
42011,72231,92082,43.96,0
42013,21605,25955,45.43,0
42015,10694,13428,44.33,1
42017,74258,173866,29.93,0
42019,27467,54056,33.69,0
42021,25731,29869,46.28,1
42023,873,937,48.23,1
42025,9342,15213,38.05,0
42027,24283,33238,42.22,0
42029,53352,150695,26.15,0
42031,6733,7689,46.69,1
42033,15459,16599,48.22,1
42035,6325,8825,41.75,1
42037,11259,14131,44.34,1
42039,15805,17946,46.83,1
42041,32624,72177,31.13,1
42043,50010,70413,41.53,0
42045,85682,132597,39.25,0
42047,5946,6385,48.22,1
42049,49212,61349,44.51,0
42051,27554,28626,49.05,0
42053,1261,1440,46.69,1
42055,22312,39554,36.07,0
42057,2819,3039,48.12,1
42059,5845,8704,40.17,1
42061,7757,9319,45.43,1
42063,17300,16671,50.93,1
42065,8044,9186,46.69,1
42067,3468,5031,40.8,1
42069,40450,48318,45.57,0
42071,78968,131094,37.59,0
42073,15196,21753,41.13,0
42075,21447,33459,39.06,0
42077,61504,81146,43.12,0
42079,61399,72546,45.84,0
42081,19281,26904,41.75,0
42083,7757,8330,48.22,1
42085,20514,26169,43.94,0
42087,6806,9874,40.8,1
42089,26561,39345,40.3,0
42091,94609,240693,28.22,0
42093,3339,4236,44.08,1
42095,41822,81905,33.8,0
42097,16872,21408,44.08,1
42099,6602,11405,36.66,1
42101,366885,293989,55.52,0
42103,10453,12930,44.7,1
42105,3145,3378,48.21,1
42107,26778,31434,46.0,0
42109,5861,8503,40.8,1
42111,14358,15480,48.12,1
42113,1041,1308,44.32,1
42115,6852,8604,44.33,0
42117,7319,9189,44.34,1
42119,6297,9135,40.8,1
42121,9123,10419,46.68,1
42123,7265,8248,46.83,1
42125,31670,55949,36.15,0
42127,9136,11301,44.7,0
42129,61603,92733,39.91,0
42131,4545,6287,41.96,0
42133,61712,117187,34.5,0
44001,7892,13883,36.24,0
44003,28853,44632,39.26,0
44005,13307,23408,36.24,0
44007,122203,131959,48.08,0
44009,17786,36258,32.91,0
45001,4139,5545,42.74,1
45003,29337,36664,44.45,0
45005,1589,1606,49.73,1
45007,34339,46244,42.61,0
45009,2631,2659,49.74,1
45011,5018,2835,63.9,1
45013,31196,45166,40.85,0
45015,32714,57521,36.25,0
45017,3441,1944,63.9,1
45019,56538,109916,33.97,0
45021,10073,13114,43.44,1
45023,6015,7028,46.12,1
45025,8521,8606,49.75,1
45027,6971,5294,56.84,1
45029,7630,7711,49.74,1
45031,12388,12511,49.75,1
45033,5586,5308,51.28,1
45035,22462,37225,37.63,0
45037,4430,5717,43.66,0
45039,3900,4556,46.12,0
45041,28739,24673,53.81,0
45043,14192,10778,56.84,1
45045,83522,127970,39.49,0
45047,11975,15454,43.66,0
45049,3670,3709,49.74,1
45051,64568,81888,44.09,0
45053,4190,7770,35.03,1
45055,11860,14000,45.86,0
45057,17881,20891,46.12,0
45059,12408,15006,45.26,1
45061,3807,2728,58.26,1
45063,48316,73688,39.6,0
45065,1645,2123,43.66,1
45067,5763,5476,51.28,1
45069,5251,5303,49.75,1
45071,6931,8382,45.26,1
45073,15535,17131,47.56,1
45075,20531,11600,63.9,1
45077,26135,29045,47.36,0
45079,76535,88722,46.31,0
45081,3258,4205,43.66,1
45083,56051,72547,43.59,0
45085,24308,17417,58.26,0
45087,5005,6053,45.26,1
45089,6946,5275,56.84,1
45091,42729,70168,37.85,0
46003,410,661,38.28,1
46005,2857,4603,38.3,1
46007,527,616,46.11,1
46009,1045,1684,38.29,1
46011,5127,8261,38.3,0
46013,4883,10781,31.17,0
46015,783,1261,38.31,1
46017,304,355,46.13,1
46019,1644,2700,37.85,1
46021,176,388,31.21,1
46023,1461,1708,46.1,1
46025,488,1078,31.16,1
46027,1636,4104,28.5,1
46029,3612,7975,31.17,0
46031,608,711,46.1,1
46033,1337,2195,37.85,1
46035,2977,4796,38.3,1
46037,695,1534,31.18,1
46039,548,1209,31.19,1
46041,817,955,46.11,1
46043,422,681,38.26,1
46045,509,1123,31.19,1
46047,1088,1271,46.12,1
46049,270,597,31.14,1
46051,963,2127,31.17,1
46053,622,727,46.11,1
46055,291,341,46.04,1
46057,786,1735,31.18,1
46059,468,755,38.27,1
46061,517,832,38.32,1
46063,211,346,37.88,1
46065,2769,3237,46.1,1
46067,1107,1784,38.29,1
46069,197,231,46.03,1
46071,437,511,46.1,1
46073,248,400,38.27,1
46075,143,167,46.13,1
46077,773,1245,38.31,1
46079,1650,2658,38.3,1
46081,4138,6794,37.85,1
46083,7595,19242,28.3,0
46085,580,678,46.1,1
46087,622,1559,28.52,1
46089,308,679,31.21,1
46091,549,1213,31.16,1
46093,4795,7872,37.85,0
46095,299,350,46.07,1
46097,342,552,38.26,1
46099,23532,59827,28.23,0
46101,945,1522,38.31,1
46102,2131,2492,46.1,1
46103,17541,28799,37.85,0
46105,455,747,37.85,1
46107,314,694,31.15,1
46109,1310,2892,31.18,1
46111,348,561,38.28,1
46115,811,1791,31.17,1
46117,464,542,46.12,1
46119,226,264,46.12,1
46121,1453,1698,46.11,1
46123,876,1024,46.11,1
46125,949,2380,28.51,1
46127,1838,4610,28.5,0
46129,678,1496,31.19,1
46135,2549,6393,28.51,1
46137,376,440,46.08,1
47001,13797,17208,44.5,0
47003,8223,11711,41.25,0
47005,3225,3166,50.46,1
47007,2782,3017,47.97,1
47009,18869,36577,34.03,0
47011,20172,22624,47.14,0
47013,9260,7022,56.87,1
47015,3182,2571,55.31,1
47017,5782,5676,50.46,1
47019,12375,10849,53.29,0
47021,6405,9294,40.8,1
47023,3381,3539,48.86,1
47025,7556,5730,56.87,1
47027,1691,1473,53.45,1
47029,6961,6678,51.04,1
47031,10623,12363,46.22,0
47033,2719,2691,50.26,1
47035,12961,13409,49.15,1
47037,118563,197130,37.56,0
47039,2507,1967,56.03,1
47041,4406,3560,55.31,1
47043,8470,12291,40.8,1
47045,7427,7161,50.91,1
47047,7090,8806,44.6,0
47049,3919,4054,49.15,1
47051,7849,9135,46.21,0
47053,9857,9754,50.26,1
47055,5314,6284,45.82,1
47057,4853,4086,54.29,1
47059,15762,13099,54.61,1
47061,2722,2569,51.45,1
47063,13301,11200,54.29,0
47065,58699,93070,38.68,0
47067,1571,1191,56.88,1
47069,5581,4377,56.05,1
47071,5883,4613,56.05,1
47073,12745,10592,54.61,0
47075,3491,3455,50.26,1
47077,6104,4787,56.05,1
47079,6545,6426,50.46,1
47081,3887,5640,40.8,1
47083,1683,1652,50.46,1
47085,3860,3790,50.46,1
47087,2550,2060,55.31,1
47089,11277,9495,54.29,1
47091,3941,3455,53.29,1
47093,76302,122765,38.33,0
47095,1414,1364,50.9,1
47097,4914,4862,50.27,1
47099,7733,9145,45.82,1
47101,2204,2607,45.81,1
47103,5780,8232,41.25,1
47105,8998,13469,40.05,0
47107,9940,10780,47.97,1
47109,5671,4448,56.04,1
47111,5533,4470,55.31,1
47113,19265,20166,48.86,0
47115,5799,5473,51.45,1
47117,5617,8000,41.25,1
47119,15685,24355,39.17,0
47121,2380,2582,47.96,1
47123,7582,11349,40.05,1
47125,37647,46485,44.75,0
47127,1185,1380,46.2,1
47129,3763,4694,44.5,0
47131,6212,5989,50.91,1
47133,5016,4370,53.44,1
47135,1465,1732,45.82,1
47137,1114,971,53.43,1
47139,3259,3655,47.14,1
47141,17798,15504,53.44,0
47143,6132,6651,47.97,1
47145,9554,11916,44.5,0
47147,10821,17528,38.17,0
47149,42354,79615,34.73,0
47151,5150,3906,56.87,1
47153,3184,3004,51.45,0
47155,19022,18250,51.04,0
47157,179830,186763,49.05,0
47159,4368,3529,55.31,1
47161,2776,2726,50.45,1
47163,33806,33823,49.99,0
47165,28330,48910,36.68,0
47167,10295,12788,44.6,1
47169,2548,2058,55.32,1
47171,3936,3451,53.28,0
47173,4668,3540,56.87,1
47175,1241,1171,51.45,1
47177,8237,7774,51.45,1
47179,24982,31571,44.17,0
47181,2842,3360,45.82,1
47183,6639,6401,50.91,1
47185,5799,5999,49.15,1
47187,16667,75164,18.15,0
47189,15675,39440,28.44,0
48001,10619,9859,51.86,1
48003,3345,3403,49.57,1
48005,17905,15210,54.07,0
48007,4295,4375,49.54,1
48009,1465,1763,45.38,0
48011,286,366,43.87,1
48013,7626,9028,45.79,1
48015,5292,6212,46.0,1
48017,1306,1135,53.5,1
48019,3245,3842,45.79,1
48021,14629,21730,40.23,1
48023,593,714,45.37,1
48025,5594,5698,49.54,1
48027,61038,78815,43.64,0
48029,336498,406296,45.3,0
48031,1671,3151,34.65,1
48033,117,123,48.75,1
48035,3128,3440,47.62,1
48037,16123,18965,45.95,0
48039,41302,90291,31.39,0
48041,41822,44332,48.54,0
48043,1715,1745,49.57,1
48045,221,283,43.85,1
48047,1474,930,61.31,1
48049,7259,7359,49.66,1
48051,3217,3533,47.66,1
48053,7463,10863,40.72,1
48055,6904,10255,40.24,0
48057,3920,4199,48.28,1
48059,2613,2649,49.66,1
48061,85602,50133,63.07,0
48063,2289,2639,46.45,1
48065,895,1146,43.85,1
48067,4939,5810,45.95,1
48069,1135,1453,43.86,1
48071,7047,8460,45.44,0
48073,8618,8828,49.4,1
48075,1027,1315,43.85,1
48077,1751,2108,45.37,1
48079,481,418,53.5,1
48081,608,639,48.76,1
48083,1463,1483,49.66,1
48085,93969,304364,23.59,0
48087,407,521,43.86,1
48089,3605,4232,46.0,1
48091,18772,48619,27.86,0
48093,2591,2627,49.66,1
48095,612,643,48.76,1
48097,6649,9961,40.03,1
48099,12622,18371,40.73,0
48101,235,283,45.37,1
48103,839,854,49.56,1
48105,574,604,48.73,1
48107,972,844,53.52,1
48109,393,400,49.56,1
48111,1094,1401,43.85,1
48113,421388,554749,43.17,0
48115,2308,2426,48.75,1
48117,2860,3662,43.85,1
48119,1081,947,53.3,1
48121,86758,262537,24.84,0
48123,3689,4066,47.57,1
48125,335,291,53.51,1
48127,1816,761,70.47,1
48129,501,642,43.83,1
48131,2071,869,70.44,1
48133,3377,3424,49.65,1
48135,29397,34772,45.81,0
48137,291,182,61.52,1
48139,21368,48237,30.7,0
48141,167564,130499,56.22,0
48143,7784,9159,45.94,0
48145,2912,3203,47.62,1
48147,5691,8526,40.03,1
48149,3678,5463,40.24,1
48151,699,709,49.64,1
48153,1022,888,53.51,1
48155,187,225,45.39,1
48157,99255,183629,35.09,0
48159,2139,1875,53.29,1
48161,3335,3668,47.62,1
48163,2862,3388,45.79,1
48165,3881,3948,49.57,1
48167,56067,88200,38.86,0
48169,1100,956,53.5,1
48171,3924,7400,34.65,1
48173,208,218,48.83,1
48175,1304,1437,47.57,1
48177,3659,4033,47.57,1
48179,3267,4183,43.85,1
48181,21633,32408,40.03,0
48183,22903,23862,48.97,0
48185,5337,5861,47.66,1
48187,22799,38654,37.1,0
48189,6153,5346,53.51,0
48191,434,556,43.84,1
48193,1249,1818,40.72,1
48195,814,1042,43.86,1
48197,607,730,45.4,1
48199,9227,12168,43.13,0
48201,791626,942053,45.66,0
48203,13907,12132,53.41,0
48205,827,1060,43.83,1
48207,1031,1045,49.66,1
48209,41330,52288,44.15,0
48211,520,666,43.84,1
48213,15061,13984,51.85,1
48215,176996,91602,65.9,0
48217,6153,6768,47.62,1
48219,4075,3540,53.51,1
48221,11270,13261,45.94,1
48223,7591,6654,53.29,1
48225,4320,3624,54.38,1
48227,6457,6787,48.75,0
48229,575,585,49.57,1
48231,13483,23464,36.49,0
48233,3175,4066,43.85,1
48235,281,295,48.78,1
48237,1451,1747,45.37,1
48239,2790,3076,47.56,1
48241,7278,5280,57.96,1
48243,358,364,49.58,1
48245,42866,51962,45.2,0
48247,1018,427,70.45,1
48249,8105,5112,61.32,1
48251,20430,43518,31.95,0
48253,3748,3800,49.66,0
48255,2739,3019,47.57,1
48257,17682,32541,35.21,0
48259,6502,12262,34.65,0
48261,73,46,61.34,1
48263,144,146,49.66,1
48265,7723,14564,34.65,0
48267,795,835,48.77,1
48269,50,44,53.19,1
48271,640,399,61.6,1
48273,6467,4079,61.32,0
48275,638,647,49.65,1
48277,10337,9060,53.29,0
48279,2468,2144,53.51,1
48281,3286,4783,40.72,0
48283,1404,589,70.45,1
48285,3784,4171,47.57,1
48287,2631,3908,40.24,1
48289,2867,3149,47.66,1
48291,13863,16643,45.44,1
48293,3800,4179,47.63,1
48295,472,604,43.87,1
48297,2361,1489,61.32,1
48299,3228,4698,40.73,1
48301,11,11,50.0,1
48303,57689,67000,46.27,0
48305,1059,920,53.51,1
48307,1413,1485,48.76,1
48309,41250,55810,42.5,0
48311,126,53,70.39,1
48313,2453,2694,47.66,1
48315,1964,1714,53.4,1
48317,971,1020,48.77,1
48319,732,769,48.77,1
48321,6358,7464,46.0,1
48323,11826,7374,61.59,0
48325,7901,9354,45.79,1
48327,363,381,48.79,1
48329,22213,43839,33.63,0
48331,4515,4958,47.66,1
48333,676,984,40.72,1
48335,1712,1736,49.65,1
48337,3419,4116,45.37,1
48339,80406,152077,34.59,0
48341,3288,4211,43.85,1
48343,2470,2165,53.29,1
48345,202,175,53.58,1
48347,13397,11381,54.07,0
48349,9028,9930,47.62,0
48351,2697,1957,57.95,1
48353,2808,2846,49.66,1
48355,58808,68810,46.08,0
48357,1542,1974,43.86,1
48359,270,345,43.9,1
48361,13916,18350,43.13,0
48363,5198,6116,45.94,1
48365,3846,3940,49.4,1
48367,17117,38408,30.83,0
48369,1520,1947,43.84,1
48371,2813,2957,48.75,1
48373,9812,8232,54.38,1
48375,25130,19342,56.51,0
48377,1102,1121,49.57,1
48379,2235,2576,46.46,1
48381,17624,38885,31.19,0
48383,627,659,48.76,1
48385,565,352,61.61,1
48387,2392,2097,53.29,1
48389,2650,2696,49.57,1
48391,1215,1237,49.55,1
48393,127,162,43.94,1
48395,3055,3355,47.66,1
48397,14542,25307,36.49,0
48399,1885,1911,49.66,1
48401,8926,9144,49.4,1
48403,2183,1584,57.95,1
48405,1747,1267,57.96,1
48407,5363,4499,54.38,1
48409,12390,12621,49.54,0
48411,870,1266,40.73,1
48413,455,478,48.77,1
48415,3226,3270,49.66,1
48417,591,599,49.66,1
48419,5302,3846,57.96,1
48421,429,549,43.87,1
48423,33139,48013,40.84,0
48425,1683,1981,45.93,1
48427,13885,5823,70.45,1
48429,1734,1758,49.66,1
48431,254,267,48.75,1
48433,238,241,49.69,1
48435,625,657,48.75,1
48437,1073,1374,43.85,1
48439,282874,489747,36.61,0
48441,26012,29962,46.47,0
48443,140,148,48.61,1
48445,2239,1945,53.51,1
48447,274,278,49.64,1
48449,6449,5652,53.29,1
48451,19329,26187,42.47,0
48453,165347,401003,29.2,0
48455,2661,2232,54.38,1
48457,4368,3169,57.95,1
48459,8260,7206,53.41,0
48461,612,643,48.76,1
48463,5020,3130,61.6,1
48465,9724,6063,61.59,0
48467,10936,12606,46.45,1
48469,17807,19075,48.28,0
48471,14956,12547,54.38,0
48473,9960,11692,46.0,0
48475,2092,2128,49.57,1
48477,6529,7170,47.66,1
48479,49053,29677,62.31,0
48481,7291,8559,46.0,1
48483,768,984,43.84,1
48485,21758,27308,44.34,0
48487,2208,2658,45.38,1
48489,4201,2650,61.32,1
48491,60890,182772,24.99,0
48493,9258,10206,47.56,1
48495,1400,1424,49.58,1
48497,11753,14150,45.37,1
48499,8237,9495,46.45,1
48501,1455,1264,53.51,1
48503,3060,3685,45.37,1
48505,2927,1227,70.46,1
48507,1977,1232,61.61,1
49001,957,1415,40.35,1
49003,5709,13254,30.11,0
49005,13964,29440,32.17,0
49007,3333,4340,43.44,1
49009,152,198,43.43,1
49011,29697,84081,26.1,0
49013,3200,4167,43.44,1
49015,1605,2089,43.45,1
49017,687,1016,40.34,1
49019,1579,2055,43.45,1
49021,7756,11462,40.36,0
49023,1596,2359,40.35,1
49025,1037,1533,40.35,1
49027,1757,2596,40.36,1
49029,1289,2718,32.17,1
49031,194,287,40.33,1
49033,263,555,32.15,1
49035,132353,287974,31.49,0
49037,2372,3088,43.44,1
49039,3850,5690,40.36,1
49041,2914,4307,40.35,1
49043,4443,9367,32.17,1
49045,7199,16712,30.11,0
49047,5817,7573,43.44,1
49049,62211,132010,32.03,0
49051,5681,7397,43.44,1
49053,24600,43652,36.04,0
49055,337,499,40.31,1
49057,34768,58340,37.34,0
50001,6966,8972,43.71,1
50003,6687,8757,43.3,1
50005,5673,7372,43.49,1
50007,29260,40291,42.07,0
50009,1110,1442,43.5,1
50011,9374,12182,43.49,1
50013,1369,1779,43.49,1
50015,4869,6327,43.49,1
50017,5457,7029,43.7,1
50019,5141,6681,43.49,1
50021,10844,14202,43.3,1
50023,11150,14362,43.7,1
50025,8217,10761,43.3,1
50027,10339,13540,43.3,1
51001,5880,8319,41.41,1
51003,14749,29756,33.14,1
51005,2324,4092,36.22,1
51007,2600,2401,51.99,1
51009,4950,8340,37.25,0
51011,2548,4293,37.25,1
51013,19155,89456,17.64,0
51015,13565,17433,43.76,1
51017,737,948,43.74,1
51019,12564,21169,37.25,0
51021,1414,1224,53.6,1
51023,5128,9028,36.22,0
51025,3107,2869,51.99,1
51027,4625,3282,58.49,1
51029,3298,3046,51.99,1
51031,8898,11756,43.08,0
51033,3625,7849,31.59,1
51035,6570,5687,53.6,1
51036,666,1954,25.42,1
51037,2259,2086,51.99,1
51041,40929,94388,30.25,0
51043,1941,3785,33.9,1
51045,746,1313,36.23,1
51047,5991,13810,30.26,1
51049,1897,1752,51.99,1
51051,3210,2278,58.49,1
51053,5261,4904,51.76,0
51057,1865,2638,41.42,1
51059,87265,324056,21.22,0
51061,8319,19176,30.26,0
51063,2447,3822,39.03,1
51065,3447,7670,31.01,1
51067,8312,14634,36.22,1
51069,11998,23400,33.89,1
51071,2654,4145,39.04,1
51073,6812,9638,41.41,0
51075,2438,7146,25.44,0
51077,3456,2991,53.61,1
51079,2752,5246,34.41,1
51081,2144,1998,51.76,1
51083,6671,6160,51.99,1
51085,10829,31765,25.42,0
51087,45864,91140,33.48,0
51089,11464,9946,53.55,1
51091,389,500,43.76,1
51093,5628,9680,36.77,0
51095,7077,22263,24.12,0
51097,1164,1647,41.41,1
51099,3136,6790,31.59,1
51101,1751,5141,25.41,1
51103,1922,2719,41.41,1
51105,5035,3574,58.49,1
51107,24826,118551,17.32,0
51109,4756,10581,31.01,1
51111,2341,2161,52.0,1
51113,1577,3635,30.26,1
51115,1501,2123,41.42,1
51117,5944,5489,51.99,1
51119,1871,2647,41.41,1
51121,15768,24629,39.03,0
51125,1870,4160,31.01,1
51127,2256,6623,25.41,1
51131,2162,3059,41.41,1
51133,2084,2949,41.41,1
51135,3068,2833,51.99,1
51137,4133,9525,30.26,1
51139,3792,5476,40.91,1
51141,3962,3437,53.55,1
51143,13614,11811,53.55,1
51145,2991,8767,25.44,0
51147,4284,3956,51.99,1
51149,8096,7547,51.75,0
51153,46504,107660,30.17,0
51155,5345,8349,39.03,1
51157,839,1933,30.27,1
51159,1570,2221,41.41,1
51161,15224,25550,37.34,0
51163,3964,5095,43.76,1
51165,12160,19100,38.9,0
51167,5855,4156,58.49,1
51169,4901,3478,58.49,0
51171,7066,10205,40.91,1
51173,6718,5815,53.6,1
51175,2624,4513,36.77,1
51177,16434,35580,31.6,1
51179,13330,39563,25.2,0
51181,1235,1151,51.76,1
51183,2039,1900,51.76,1
51185,9182,6517,58.49,1
51187,6512,9404,40.91,1
51191,12160,10525,53.6,1
51193,3251,4600,41.41,1
51195,8207,5825,58.49,1
51197,6377,5519,53.61,1
51199,6335,19928,24.12,0
51510,18441,53926,25.48,0
51520,3881,3359,53.6,1
51530,1162,1493,43.77,1
51540,6232,11881,34.41,0
51550,31139,62947,33.1,0
51570,3422,3190,51.75,0
51580,876,1542,36.23,1
51590,9586,8316,53.55,0
51595,1085,1012,51.74,1
51600,1492,6537,18.58,0
51610,829,4496,15.57,0
51620,1192,2051,36.76,1
51630,2376,7053,25.2,0
51640,1515,1312,53.59,1
51650,26587,31038,46.14,0
51660,7522,11816,38.9,0
51670,4335,4041,51.76,0
51678,1280,1645,43.76,1
51680,12620,16674,43.08,0
51683,4865,8715,35.82,0
51685,1959,3510,35.82,0
51690,3033,2631,53.55,1
51700,35981,43196,45.44,0
51710,43212,52709,45.05,0
51720,837,594,58.49,1
51730,6299,5871,51.76,0
51735,1126,3543,24.12,0
51740,19823,22308,47.05,0
51750,2542,3970,39.04,1
51760,46723,54182,46.3,0
51770,20637,20779,49.83,0
51775,5230,5266,49.83,0
51790,4507,5792,43.76,0
51800,13753,23654,36.77,0
51810,55372,127542,30.27,0
51820,3885,4992,43.76,0
51830,1396,4391,24.12,1
51840,3690,7196,33.9,0
53001,3527,4197,45.66,1
53003,3814,4538,45.67,1
53005,31170,43069,41.99,0
53007,15196,15649,49.27,0
53009,15605,20273,43.49,1
53011,76846,116978,39.65,0
53013,676,805,45.64,1
53015,21037,23731,46.99,0
53017,8251,8497,49.27,1
53019,1449,1395,50.95,1
53021,14545,19758,42.4,0
53023,392,466,45.69,1
53025,20897,17335,54.66,0
53027,14601,15034,49.27,1
53029,14234,21578,39.75,0
53031,6669,8664,43.49,1
53033,286589,638341,30.98,0
53035,36679,69842,34.43,0
53037,9349,7756,54.66,0
53039,4321,4995,46.38,1
53041,15617,18054,46.38,1
53043,1861,2214,45.67,1
53045,12686,13061,49.27,1
53047,8498,8177,50.96,1
53049,4440,5008,46.99,1
53051,2705,2603,50.96,1
53053,130599,216779,37.6,0
53055,2916,4419,39.75,1
53057,21231,32178,39.75,0
53059,2287,2644,46.38,1
53061,96579,215750,30.92,0
53063,97133,120778,44.57,0
53065,9374,9021,50.96,1
53067,42554,74703,36.29,0
53069,839,947,46.98,1
53071,8601,11974,41.8,0
53073,36609,55648,39.68,0
53075,8210,9769,45.66,0
53077,50827,36221,58.39,0
54001,3010,3145,48.9,1
54003,19332,29015,39.99,1
54005,5111,3043,62.68,1
54007,2567,2245,53.35,1
54009,4894,4702,51.0,1
54011,20992,17918,53.95,0
54013,1283,1122,53.35,1
54015,1661,1452,53.36,1
54017,1562,1612,49.21,1
54019,9034,7429,54.87,1
54021,1528,1336,53.35,1
54023,1950,2387,44.96,1
54025,7241,6109,54.24,1
54027,4102,5021,44.96,1
54029,6314,6067,51.0,1
54031,2539,3108,44.96,1
54033,12824,13401,48.9,1
54035,5731,5011,53.35,1
54037,9139,13717,39.99,1
54039,36384,40340,47.42,0
54041,3315,3464,48.9,1
54043,4794,2854,62.68,1
54045,7633,4544,62.68,1
54047,4478,2665,62.69,1
54049,9549,12978,42.39,1
54051,6639,6379,51.0,0
54053,5663,4834,53.95,1
54055,13104,11055,54.24,1
54057,4784,5856,44.96,1
54059,5524,3288,62.69,1
54061,17977,24433,42.39,0
54063,2718,2293,54.24,1
54065,3030,3709,44.96,1
54067,5074,4437,53.35,1
54069,9206,8846,51.0,0
54071,1092,1336,44.98,1
54073,1532,1581,49.21,1
54075,1729,1459,54.23,1
54077,5815,7903,42.39,1
54079,12782,10910,53.95,1
54081,16645,13688,54.87,1
54083,5435,5679,48.9,1
54085,1690,1744,49.21,1
54087,2892,2529,53.35,1
54089,2627,2216,54.24,1
54091,3250,3396,48.9,1
54093,1200,1469,44.96,1
54095,1666,1718,49.23,1
54097,4633,4841,48.9,1
54099,9134,5438,62.68,0
54101,1840,1552,54.25,1
54103,2892,2984,49.22,1
54105,1039,1072,49.22,1
54107,16876,17412,49.22,0
54109,5011,2983,62.68,1
55001,3457,5489,38.64,1
55003,3031,4161,42.14,1
55005,7815,11062,41.4,1
55007,3069,4213,42.15,1
55009,39431,70825,35.76,0
55011,1872,3287,36.29,1
55013,3128,4293,42.15,1
55015,6508,14876,30.43,0
55017,10800,15978,40.33,0
55019,5797,8206,41.4,1
55021,8430,15797,34.8,1
55023,2361,4046,36.85,1
55025,77455,166341,31.77,0
55027,12661,23929,34.6,0
55029,4618,8541,35.09,1
55031,8381,11504,42.15,0
55033,5976,11855,33.51,1
55035,16813,25874,39.39,0
55037,784,1211,39.3,1
55039,12925,29543,30.43,0
55041,1597,2637,37.72,1
55043,7482,13526,35.62,1
55045,5342,9657,35.62,1
55047,3322,4543,42.24,1
55049,3416,6175,35.62,1
55051,1161,1593,42.16,1
55053,2971,5218,36.28,1
55055,12025,22726,34.6,0
55057,3914,6708,36.85,1
55059,24564,43247,36.22,0
55061,3158,5841,35.09,1
55063,19562,30718,38.91,0
55065,2393,4327,35.61,1
55067,3390,5599,37.71,1
55069,4944,8165,37.71,1
55071,12494,23110,35.09,0
55073,18981,38674,32.92,0
55075,7203,11130,39.29,1
55077,2723,3724,42.24,1
55078,732,1131,39.29,1
55079,184100,205333,47.27,0
55081,6779,11617,36.85,1
55083,6702,10356,39.29,0
55085,6583,10873,37.71,1
55087,21928,55143,28.45,0
55089,9818,27378,26.4,0
55091,1029,1806,36.3,1
55093,5932,10416,36.29,1
55095,7525,10651,41.4,1
55097,11777,18703,38.64,0
55099,2659,3650,42.15,1
55101,30510,48581,38.58,0
55103,2493,4506,35.62,1
55105,24479,43384,36.07,0
55107,2683,3683,42.15,1
55109,12298,24399,33.51,0
55111,9479,17763,34.8,1
55113,3420,4695,42.14,1
55115,7032,10866,39.29,1
55117,16015,33401,32.41,0
55119,3768,5173,42.14,1
55121,4323,7591,36.29,1
55123,4499,7709,36.85,0
55125,4010,6623,37.71,1
55127,14831,28237,34.44,1
55129,3145,4317,42.15,1
55131,14671,40913,26.39,0
55133,38506,128563,23.05,0
55135,9050,12379,42.23,1
55137,4283,5858,42.23,1
55139,28624,44170,39.32,0
55141,12419,19722,38.64,1
56001,5464,10361,34.53,0
56003,1425,3373,29.7,1
56005,5828,13569,30.05,0
56007,2142,4062,34.53,1
56009,2026,3842,34.53,1
56011,890,2073,30.04,1
56013,6492,9276,41.17,1
56015,1550,3607,30.06,1
56017,765,1093,41.17,1
56019,1046,2436,30.04,1
56021,17425,27533,38.76,0
56023,2421,5732,29.69,1
56025,11784,22347,34.53,0
56027,306,712,30.06,1
56029,3662,8671,29.69,1
56031,1066,2482,30.05,1
56033,3823,9051,29.7,1
56035,1444,2064,41.16,1
56037,6994,9993,41.17,0
56039,2885,6829,29.7,1
56041,3384,4836,41.17,1
56043,953,2218,30.05,1
56045,848,1974,30.05,1
72001,5376,791,87.17,1
72003,11496,1828,86.28,1
72005,16610,2641,86.28,1
72007,6627,1401,82.55,0
72009,6740,1425,82.55,0
72011,8184,1215,87.07,0
72013,25651,4250,85.79,0
72015,5250,706,88.15,1
72017,6623,1097,85.79,1
72019,7930,1676,82.55,0
72021,50039,16346,75.38,0
72023,14016,2314,85.83,1
72025,38290,9296,80.46,0
72027,9902,1377,87.79,1
72029,11545,3228,78.15,0
72031,43601,15601,73.65,0
72033,4745,3757,55.81,0
72035,11395,2409,82.55,0
72037,3469,585,85.57,1
72039,5069,745,87.19,0
72041,10937,2312,82.55,0
72043,9777,1336,87.98,0
72045,5168,1092,82.56,0
72047,8913,1841,82.88,0
72049,548,93,85.49,1
72051,9591,3604,72.69,0
72053,9853,1663,85.56,0
72054,3420,567,85.78,1
72055,4030,563,87.74,1
72057,12135,1632,88.15,0
72059,5199,726,87.75,1
72061,18399,14568,55.81,0
72063,10806,3284,76.69,0
72065,11607,1614,87.79,1
72067,5004,743,87.07,0
72069,15611,2635,85.56,0
72071,12951,1801,87.79,1
72073,4406,648,87.18,1
72075,13127,1793,87.98,1
72077,9734,2820,77.54,0
72079,6933,1145,85.83,1
72081,8381,1233,87.17,1
72083,2645,389,87.18,0
72085,9254,2681,77.54,0
72087,6460,1806,78.15,0
72089,4850,1356,78.15,1
72091,11545,1913,85.79,0
72093,1417,208,87.2,1
72095,3509,472,88.14,1
72097,23363,3470,87.07,0
72099,11293,1796,86.28,1
72101,8055,1632,83.15,0
72103,7170,1210,85.56,0
72105,7538,1557,82.88,0
72107,6394,940,87.18,0
72109,5298,712,88.15,1
72111,5966,833,87.75,0
72113,41409,8290,83.32,0
72115,7128,991,87.79,1
72117,4578,728,86.28,1
72119,12834,3588,78.15,0
72121,6647,928,87.75,1
72123,8547,1149,88.15,0
72125,9474,1564,85.83,0
72127,95157,40708,70.04,0
72129,9913,2872,77.54,0
72131,11737,1726,87.18,1
72133,5720,781,87.99,1
72135,17232,3560,82.88,0
72137,20131,7563,72.69,0
72139,18018,5477,76.69,0
72141,8435,1240,87.18,1
72143,9927,2011,83.15,0
72145,15263,3092,83.15,0
72147,2527,427,85.55,1
72149,6232,851,87.99,1
72151,9334,1575,85.56,0
72153,9993,1395,87.75,1
