Data Month,state,Net New Enrollments Alternative Verification Process,Net New Enrollments Verified by School,Net New Enrollments Lifeline,Net New Enrollments National Verifier Application,Net New Enrollments Total,Total Alternative Verification Process,Total Verified by School,Total Lifeline,Total National Verifier Application,Total Subscribers
2022-01-01,01,4517,-9,3373,5512,13393,72042,633,49938,64818,187432
2022-02-01,01,4380,-7,2870,4301,11544,76422,626,52808,69119,198976
2022-03-01,01,1666,2,3400,7306,12374,78088,628,56208,76425,211351
2022-04-01,01,3129,-21,2007,5147,10262,81217,607,58211,81585,221621
2022-05-01,01,4482,-7,587,2593,7655,85699,600,58798,84178,229276
2022-06-01,01,3464,-10,224,6637,10315,89163,590,59021,90815,239590
2022-07-01,01,4646,-72,1075,7653,13302,93809,518,60096,98468,252892
2022-08-01,01,3268,-16,-1292,4204,6164,97077,502,58804,102672,259056
2022-09-01,01,3676,-9,4249,3692,11608,100753,493,63053,106362,270662
2022-10-01,01,2142,2,4880,4728,11752,102895,495,67933,111091,282414
2022-11-01,01,767,2,1899,5129,7797,103662,497,69832,116220,290211
2022-12-01,01,779,-17,1464,9455,11681,104441,480,71295,125675,301891
2023-01-01,01,-1702,-17,3474,7554,9309,102739,463,74769,133227,311198
2023-02-01,01,3817,-12,999,6347,11151,106556,451,75769,139576,322352
2023-03-01,01,3558,-14,-2183,8650,10011,110114,437,73586,148226,332363
2023-04-01,01,3007,-7,-2328,8831,9503,113121,430,71258,157057,341867
2023-05-01,01,3672,-14,-1378,7573,9853,116793,416,69880,164630,351719
2023-06-01,01,4036,-8,-302,7540,11266,120832,408,69590,172216,363045
2023-07-01,01,2709,-13,-633,7024,9087,123539,395,68946,179191,372070
2022-01-01,02,6,-1,82,152,239,15,38,2869,4040,6962
2022-02-01,02,0,-1,100,137,236,15,37,2969,4177,7198
2022-03-01,02,2,-1,187,422,610,17,36,3156,4599,7808
2022-04-01,02,-1,0,140,341,480,16,36,3296,4940,8288
2022-05-01,02,0,0,160,358,518,16,36,3456,5298,8806
2022-06-01,02,1,-1,214,391,605,17,35,3670,5689,9411
2022-07-01,02,-1,-15,200,406,590,16,20,3869,6095,10000
2022-08-01,02,-5,0,272,663,930,11,20,4141,6758,10930
2022-09-01,02,0,-1,218,424,641,11,19,4359,7179,11568
2022-10-01,02,1,0,-11,134,124,12,19,4346,7311,11688
2022-11-01,02,2,-1,230,467,698,14,18,4576,7778,12386
2022-12-01,02,4,0,72,343,419,18,18,4648,8120,12804
2023-01-01,02,2,0,99,609,710,20,18,4746,8723,13507
2023-02-01,02,0,-2,160,473,631,19,16,4906,9200,14141
2023-03-01,02,-10,0,289,576,855,9,16,5194,9774,14993
2023-04-01,02,0,0,229,596,825,9,16,5423,10370,15818
2023-05-01,02,2,0,206,772,980,11,16,5626,11141,16794
2023-06-01,02,1,-2,225,1239,1463,14,16,5990,12852,18872
2023-07-01,02,-1,-1,62,1084,1144,11,13,5898,13446,19368
2022-01-01,04,1265,6,4094,3689,9054,43269,37,121855,52619,217781
2022-02-01,04,7248,-1,3007,-4209,6045,50517,36,124864,48412,223827
2022-03-01,04,5161,7,4846,8382,18396,55678,43,129708,56794,242223
2022-04-01,04,5980,1,-4200,5571,7354,61658,44,125509,62366,249574
2022-05-01,04,6763,10,1162,4062,11997,68421,54,126669,66428,261570
2022-06-01,04,7615,4,1193,3769,12580,76036,58,127861,70196,274151
2022-07-01,04,7143,-3,-4758,1836,4217,83179,55,123104,72032,278366
2022-08-01,04,7349,0,-525,3533,10355,90528,55,122578,75562,288722
2022-09-01,04,7618,2,-878,5739,12482,98146,57,121697,81302,301203
2022-10-01,04,6784,6,2782,5548,15120,104930,63,124480,86850,316323
2022-11-01,04,5639,2,2157,4083,11882,110569,65,126324,90925,327882
2022-12-01,04,4791,0,-514,5246,9522,115360,65,126127,96180,337735
2023-01-01,04,-1830,-1,6932,2916,8015,113530,64,133059,99094,345748
2023-02-01,04,5693,-3,4209,3677,13577,119223,61,137270,102773,359327
2023-03-01,04,5948,-1,3335,7506,16788,125171,60,140604,110279,376113
2023-04-01,04,5526,1,533,7616,13677,130697,61,141137,117894,389789
2023-05-01,04,10404,-2,-905,6479,15978,141101,59,140233,124373,405767
2023-06-01,04,10074,0,-240,5389,15222,152207,59,141444,134827,428535
2023-07-01,04,9504,0,-1164,4996,13336,160647,59,138802,134724,434233
2022-01-01,05,436,4,2572,1358,4370,7611,80,60321,21321,89331
2022-02-01,05,963,1,3371,1624,5958,8574,81,63691,22946,95291
2022-03-01,05,819,-1,5295,2306,8419,9393,80,68986,25251,103709
2022-04-01,05,624,-2,-2506,2624,740,10017,78,66483,27880,104456
2022-05-01,05,698,-1,824,3333,4854,10715,77,67306,31212,109311
2022-06-01,05,975,-2,313,4181,5468,11690,75,67620,35392,114776
2022-07-01,05,932,-28,-375,3533,4061,12622,47,67244,38923,118835
2022-08-01,05,1053,1,-858,4564,4760,13675,48,66384,43487,123594
2022-09-01,05,994,1,686,4547,6228,14669,49,67070,48034,129823
2022-10-01,05,889,3,1726,3795,6413,15558,52,68795,51828,136235
2022-11-01,05,773,1,412,2585,3770,16331,53,69206,54413,140006
2022-12-01,05,-99,0,-554,4022,3369,16232,53,68652,58435,143375
2023-01-01,05,330,0,945,4457,5732,16562,53,69597,62894,149107
2023-02-01,05,901,-1,-223,4777,5454,17463,52,69374,67672,154562
2023-03-01,05,937,0,-1588,6199,5548,18400,52,67787,73872,160110
2023-04-01,05,935,0,-766,6178,6346,19335,52,67019,80049,166456
2023-05-01,05,1582,2,-956,6692,7320,20917,54,66063,86741,173777
2023-06-01,05,1438,0,625,5982,8046,22750,55,66928,93252,182986
2023-07-01,05,1444,0,404,5413,7261,23768,54,67072,98107,189002
2022-01-01,06,21531,5,-419,55034,76151,243181,190,558138,366005,1167516
2022-02-01,06,27778,-3,8941,19494,56210,270959,187,567080,385500,1223726
2022-03-01,06,30606,-11,21853,64074,116522,301565,176,588932,449573,1340247
2022-04-01,06,25105,-11,12616,50284,87994,326670,165,601548,499853,1428237
2022-05-01,06,30687,-2,6886,57654,95225,357357,163,608434,557506,1523462
2022-06-01,06,34117,-1,-31447,41966,44635,391474,162,576986,599471,1568095
2022-07-01,06,40962,-56,-36375,35945,40476,432436,106,540607,635414,1608563
2022-08-01,06,34834,-2,-64316,44727,15243,467270,104,476291,680141,1623806
2022-09-01,06,31681,0,10541,30869,73091,498951,104,486832,711010,1696898
2022-10-01,06,23250,0,8045,28249,59544,522202,104,494877,739257,1756440
2022-11-01,06,18927,-2,-22337,17041,13629,541129,102,472540,756299,1770070
2022-12-01,06,5128,-2,-15159,18766,8733,546257,100,457379,775061,1778797
2023-01-01,06,5386,3,37068,36327,78784,551643,103,494445,811387,1857578
2023-02-01,06,24017,7,8877,38005,70906,575660,110,503323,849396,1928489
2023-03-01,06,22288,-1,8340,65209,95836,597948,109,511662,914606,2024325
2023-04-01,06,22383,10,-2811,61899,81481,620331,119,508848,976506,2105803
2023-05-01,06,23084,1,16224,4111,43420,643416,120,525071,980616,2149222
2023-06-01,06,26272,5,-5091,79069,100255,669699,125,520469,1060390,2250682
2023-07-01,06,14942,5,1263,72294,88504,684629,130,521204,1131869,2337832
2022-01-01,08,2505,0,1473,3338,7316,21488,110,49857,36126,107582
2022-02-01,08,1572,0,3276,2874,7722,23060,110,53133,39000,115303
2022-03-01,08,1255,0,3718,5695,10668,24315,110,56851,44693,125969
2022-04-01,08,-63,1,-3432,6199,2705,24251,111,53421,50895,128677
2022-05-01,08,77,-1,310,8806,9192,24328,110,53731,59701,137869
2022-06-01,08,393,1,-446,7368,7316,24721,111,53284,67069,145184
2022-07-01,08,551,-6,-1235,7556,6866,25272,105,52049,74623,152049
2022-08-01,08,229,-3,-1327,5226,4125,25501,102,50722,79848,156174
2022-09-01,08,578,1,579,3997,5154,26079,103,51301,83844,161327
2022-10-01,08,260,2,1310,4028,5600,26339,105,52611,87872,166925
2022-11-01,08,-10,0,686,3793,4469,26329,105,53297,91665,171394
2022-12-01,08,-4699,-2,-1173,5045,-830,21630,103,52123,96709,170564
2023-01-01,08,300,2,1398,5248,6948,21930,105,53521,101954,177508
2023-02-01,08,545,-1,1302,4848,6694,22475,104,54825,106804,184208
2023-03-01,08,467,1,939,6014,7422,22942,105,55763,112818,191628
2023-04-01,08,355,1,270,6870,7496,23297,106,56033,119688,199124
2023-05-01,08,349,-2,-677,5407,5077,23646,104,55357,125095,204201
2023-06-01,08,407,4,127,3381,3919,24053,108,55488,128510,208158
2023-07-01,08,26,2,917,3934,4879,24079,110,56399,132409,212997
2022-01-01,09,1246,0,1884,6013,9143,11283,12,41228,48377,100900
2022-02-01,09,926,0,627,2237,3790,12209,12,41855,50614,104690
2022-03-01,09,644,0,3182,3265,7091,12853,12,45037,53879,111781
2022-04-01,09,271,0,1949,2321,4541,13124,12,46986,56201,116323
2022-05-01,09,330,0,141,112,583,13454,12,47127,56313,116906
2022-06-01,09,599,0,-2221,1409,-213,14053,12,44906,57722,116693
2022-07-01,09,473,-6,-1516,2984,1935,14526,6,43390,60706,118628
2022-08-01,09,467,0,-2987,3104,584,14993,6,40403,63810,119212
2022-09-01,09,606,-1,1087,2171,3863,15599,5,41489,65981,123074
2022-10-01,09,467,0,1118,1390,2975,16066,5,42607,67371,126049
2022-11-01,09,291,0,-23,1095,1363,16357,5,42584,68466,127412
2022-12-01,09,-1836,0,430,2555,1149,14521,5,43014,71021,128561
2023-01-01,09,-192,0,1616,2947,4371,14329,5,44630,73968,132932
2023-02-01,09,601,0,-224,2844,3221,14930,5,44406,76812,136153
2023-03-01,09,540,0,-804,5443,5179,15470,5,43602,82254,141331
2023-04-01,09,372,0,-699,5056,4729,15842,5,42903,87310,146060
2023-05-01,09,691,0,173,5001,5865,16533,5,43076,92311,151925
2023-06-01,09,720,0,1534,3652,5906,17253,5,44622,95979,157859
2023-07-01,09,541,0,789,4082,5412,17794,5,45400,100046,163245
2022-01-01,10,423,2,418,1156,1998,3201,11,7392,9215,19819
2022-02-01,10,68,0,554,1004,1626,3269,11,7945,10219,21444
2022-03-01,10,31,0,1134,1122,2287,3300,11,9080,11341,23731
2022-04-01,10,-166,-1,814,646,1293,3134,10,9895,11987,25025
2022-05-01,10,-141,-1,535,367,760,2993,9,10430,12354,25785
2022-06-01,10,-112,-1,79,1108,1074,2881,8,10509,13461,26859
2022-07-01,10,-117,-3,-176,927,631,2764,5,10332,14388,27490
2022-08-01,10,-185,-1,-460,865,219,2579,4,9873,15253,27709
2022-09-01,10,-108,-1,233,972,1096,2471,3,10106,16225,28805
2022-10-01,10,-107,0,218,1271,1382,2364,3,10323,17495,30185
2022-11-01,10,-110,0,3,795,688,2255,3,10326,18290,30874
2022-12-01,10,-1411,-1,169,1046,-198,843,2,10495,19336,30676
2023-01-01,10,-35,0,130,1724,1819,808,2,10625,21060,32496
2023-02-01,10,-28,-1,-72,1615,1514,780,1,10552,22675,34010
2023-03-01,10,-38,0,-320,1816,1458,742,1,10232,24491,35468
2023-04-01,10,-25,0,-205,1499,1269,717,1,10027,25991,36737
2023-05-01,10,-32,0,-59,2169,2078,685,1,9968,28161,38815
2023-06-01,10,-37,0,251,2691,2904,649,1,10221,30857,41728
2023-07-01,10,-22,0,53,2324,2355,627,1,10272,33175,44075
2022-01-01,12,14610,5,15357,33280,63252,167970,257,230209,278870,677306
2022-02-01,12,14750,-6,7152,23175,45071,182720,251,237361,302045,722377
2022-03-01,12,16760,-5,14681,36335,67771,199480,246,252042,338380,790148
2022-04-01,12,11872,-7,6697,31239,49801,211352,239,258740,369619,839950
2022-05-01,12,15981,-10,-2575,19360,32756,227333,229,256165,388979,872706
2022-06-01,12,17149,-4,-14513,21721,24353,244482,225,241651,410699,897057
2022-07-01,12,20177,-37,-6930,22908,36118,264659,188,234721,433607,933175
2022-08-01,12,17536,-5,-22679,27469,22321,282195,183,212042,461076,955496
2022-09-01,12,15423,-2,2326,15726,33473,297618,181,214368,476802,988969
2022-10-01,12,14172,-9,11633,32824,58620,311790,172,226001,509626,1047589
2022-11-01,12,12096,-7,10998,33152,56239,323886,165,236999,542778,1103828
2022-12-01,12,12945,-7,17838,37841,68617,336831,158,254836,580619,1172444
2023-01-01,12,9982,-3,-20399,-13458,-23878,346813,155,234437,567159,1148564
2023-02-01,12,6401,-5,-2424,29248,33220,353214,150,232013,596408,1181785
2023-03-01,12,3484,-6,-10388,30016,23106,356698,144,221625,626423,1204890
2023-04-01,12,10590,0,-6163,43099,47526,367288,144,215462,669522,1252416
2023-05-01,12,9128,-1,-802,49672,57997,376416,143,214660,719194,1310413
2023-06-01,12,12393,1,4005,41858,58257,389000,144,218729,761451,1369324
2023-07-01,12,7816,0,2245,35066,45127,396609,144,220914,796099,1413766
2022-01-01,13,4549,2,11149,8281,23981,53217,341,204886,91243,349686
2022-02-01,13,3197,-1,14705,6674,24575,56414,340,219591,97917,374260
2022-03-01,13,3427,-14,17242,9825,30480,59841,326,236833,107742,404740
2022-04-01,13,1065,-7,-865,9078,9271,60906,319,235970,116821,414015
2022-05-01,13,2046,-8,5994,12787,20819,62952,311,241964,129608,434834
2022-06-01,13,1673,-5,3461,13648,18777,64625,306,245425,143255,453611
2022-07-01,13,2184,-21,1309,10671,14143,66809,285,246733,153926,467752
2022-08-01,13,1689,-4,-1338,10184,10531,68498,281,245395,164110,478283
2022-09-01,13,2318,-19,4074,9872,16245,70816,262,249468,173981,494526
2022-10-01,13,1591,-4,4450,9959,15996,72407,258,253918,183940,510522
2022-11-01,13,1253,-5,1241,8760,11249,73660,253,255159,192700,521771
2022-12-01,13,-4985,-2,-5360,16491,6144,68675,251,249799,209191,527915
2023-01-01,13,1152,-1,3807,14423,19381,69827,250,253606,223613,547295
2023-02-01,13,2933,-5,-402,13485,16011,72760,245,253203,237098,563305
2023-03-01,13,2522,-1,-4655,18934,16800,75282,244,248548,256031,580105
2023-04-01,13,2422,-2,-4590,18432,16262,77704,242,243958,274463,596365
2023-05-01,13,3080,-4,-4299,19000,17777,80784,238,239658,293463,614142
2023-06-01,13,3542,-9,-4145,18179,17567,84326,230,235543,311695,631795
2023-07-01,13,2329,-7,-3556,16656,15422,86655,222,231959,328296,647133
2022-01-01,15,273,-1,28,913,1213,3256,20,7179,9167,19622
2022-02-01,15,492,3,467,713,1675,3748,23,7646,9880,21297
2022-03-01,15,884,0,554,469,1907,4632,23,8200,10349,23204
2022-04-01,15,773,0,-189,469,1053,5405,23,8011,10818,24257
2022-05-01,15,953,0,-260,393,1086,6358,23,7751,11211,25343
2022-06-01,15,1177,-1,102,604,1882,7535,22,7853,11815,27225
2022-07-01,15,1280,-4,-160,853,1969,8815,18,7693,12668,29194
2022-08-01,15,1152,-1,104,1180,2435,9967,17,7797,13848,31629
2022-09-01,15,925,0,93,747,1765,10892,17,7889,14595,33393
2022-10-01,15,652,0,246,720,1618,11544,17,8135,15315,35011
2022-11-01,15,594,0,32,264,890,12138,17,8167,15579,35901
2022-12-01,15,796,0,-338,522,980,12934,17,7829,16101,36881
2023-01-01,15,399,-1,116,744,1258,13333,16,7945,16845,38139
2023-02-01,15,629,0,116,708,1453,13962,16,8061,17554,39593
2023-03-01,15,737,-1,-49,1292,1979,14699,15,8012,18846,41572
2023-04-01,15,693,0,102,1303,2098,15392,15,8114,20149,43670
2023-05-01,15,596,0,-154,1017,1459,15988,15,7960,21166,45129
2023-06-01,15,732,-1,-57,937,1611,16720,14,7903,22107,46744
2023-07-01,15,256,0,205,884,1345,16976,14,8108,22987,48085
2022-01-01,16,156,1,158,512,828,1560,8,9032,6826,17426
2022-02-01,16,145,1,659,592,1397,1705,9,9691,7418,18823
2022-03-01,16,207,1,700,627,1535,1912,10,10389,8043,20355
2022-04-01,16,252,0,-884,635,3,2164,10,9508,8680,20362
2022-05-01,16,128,0,290,822,1240,2292,10,9798,9502,21601
2022-06-01,16,228,-1,22,838,1088,2520,9,9819,10339,22688
2022-07-01,16,269,-4,-47,926,1144,2789,5,9771,11264,23831
2022-08-01,16,247,-1,-224,862,884,3036,4,9548,12126,24715
2022-09-01,16,217,0,91,967,1275,3253,4,9639,13093,25990
2022-10-01,16,154,0,230,1023,1407,3407,4,9869,14116,27397
2022-11-01,16,175,0,187,634,996,3582,4,10056,14750,28392
2022-12-01,16,173,0,54,1107,1334,3756,4,10109,15856,29725
2023-01-01,16,95,0,415,1349,1859,3851,4,10522,17203,31580
2023-02-01,16,154,0,192,1507,1853,4005,4,10716,18715,33440
2023-03-01,16,156,0,-24,2197,2329,4161,4,10691,20911,35767
2023-04-01,16,197,0,30,2159,2386,4357,4,10721,23072,38153
2023-05-01,16,129,0,-64,2212,2277,4486,4,10656,25284,40430
2023-06-01,16,152,0,-73,1933,2011,4638,4,10590,27228,42458
2023-07-01,16,115,0,22,1601,1738,4753,4,10606,28816,44177
2022-01-01,17,5723,-3,8672,10064,24456,45828,103,136198,120172,302301
2022-02-01,17,2678,6,8025,6548,17257,48506,109,144223,126720,319558
2022-03-01,17,1464,-2,13192,11679,26333,49970,107,157414,138399,345890
2022-04-01,17,-979,-4,8173,9429,16619,48991,103,165587,147828,362509
2022-05-01,17,-758,-3,3254,5426,7919,48233,100,168841,153254,370428
2022-06-01,17,-180,-2,4099,9537,13454,48053,98,172939,162788,383878
2022-07-01,17,-164,-14,5304,14155,19281,47889,83,178236,176939,403148
2022-08-01,17,-978,0,-1248,14566,12340,46911,83,176988,191505,415487
2022-09-01,17,-42,-4,925,15105,15984,46869,79,177913,206610,431472
2022-10-01,17,-328,-1,-2092,13878,11457,46541,78,175821,220488,442929
2022-11-01,17,-489,-2,-1250,10286,8545,46052,76,174571,230774,451474
2022-12-01,17,-12428,-1,-1300,13423,-306,33624,75,173267,244197,451164
2023-01-01,17,279,-1,1733,14829,16840,33903,74,174998,259023,467999
2023-02-01,17,659,-3,-2051,15629,14234,34562,71,172947,274658,482239
2023-03-01,17,504,-1,-4193,19956,16266,35066,70,168754,294614,498505
2023-04-01,17,491,-1,-719,21183,20954,35557,69,168033,315797,519457
2023-05-01,17,362,0,3529,20015,23906,35919,69,171561,335812,543362
2023-06-01,17,599,0,6942,19876,27417,36526,70,178605,355989,571191
2023-07-01,17,240,0,5829,17300,23369,36757,69,184333,372967,594127
2022-01-01,18,3583,-2,3748,3529,10858,40532,69,112584,49526,202711
2022-02-01,18,2667,2,4147,1420,8236,43199,71,116731,50946,210947
2022-03-01,18,1654,-1,6820,4629,13102,44853,70,123550,55575,224048
2022-04-01,18,701,-2,-5250,4447,-104,45554,68,118310,60025,223957
2022-05-01,18,1591,0,1058,5686,8335,47145,68,119368,65711,232292
2022-06-01,18,1183,-1,4681,5349,11212,48328,67,124048,71060,243503
2022-07-01,18,2039,-27,1070,7675,10757,50367,40,125118,78735,254260
2022-08-01,18,901,-1,-676,6911,7135,51268,39,124442,85646,261395
2022-09-01,18,1538,0,-564,6910,7884,52806,39,123878,92555,269278
2022-10-01,18,871,-2,283,6526,7678,53677,37,124160,99081,276955
2022-11-01,18,492,1,559,5967,7019,54169,38,124719,105048,283974
2022-12-01,18,-3389,2,-1103,8771,4281,50780,40,123616,113819,288255
2023-01-01,18,913,-1,3238,9105,13255,51693,39,126853,122924,301509
2023-02-01,18,1862,-5,1156,6344,9357,53555,34,128009,129268,310866
2023-03-01,18,1552,-2,-889,9615,10276,55107,32,127120,138882,321141
2023-04-01,18,1265,0,256,11204,12725,56372,32,127376,150086,333866
2023-05-01,18,1401,0,-200,12115,13316,57773,32,127176,162201,347182
2023-06-01,18,1806,-1,533,11289,13627,59579,31,127758,173558,360926
2023-07-01,18,949,0,402,9331,10682,60528,31,128113,182812,371484
2022-01-01,19,-20,-1,765,1010,1754,1123,18,38516,13349,53005
2022-02-01,19,23,-1,1166,1371,2559,1146,17,39681,14720,55564
2022-03-01,19,58,0,2342,1824,4224,1204,17,42012,16545,59778
2022-04-01,19,57,-2,-2423,1296,-1072,1261,15,39601,17840,58718
2022-05-01,19,58,0,176,2613,2847,1319,15,39777,20454,61565
2022-06-01,19,128,1,-240,2830,2719,1447,16,39535,23282,64280
2022-07-01,19,113,-1,-1399,2465,1178,1560,15,38134,25744,65455
2022-08-01,19,85,-1,-1456,3264,1892,1645,14,36680,29008,67348
2022-09-01,19,120,1,-369,2738,2490,1765,15,36306,31744,69831
2022-10-01,19,132,0,397,2578,3107,1897,15,36702,34321,72936
2022-11-01,19,111,0,-81,2003,2033,2008,15,36620,36324,74969
2022-12-01,19,79,0,-149,3115,3046,2087,15,36469,39439,78011
2023-01-01,19,0,0,685,4024,4709,2087,15,37153,43463,82718
2023-02-01,19,112,-2,77,2585,2772,2199,13,37228,46053,85493
2023-03-01,19,93,0,-549,4252,3796,2292,13,36679,50303,89287
2023-04-01,19,79,3,-231,3918,3770,2371,16,36449,54220,93055
2023-05-01,19,178,0,-602,4726,4302,2549,16,35844,58946,97355
2023-06-01,19,211,-1,-258,4296,4248,2760,15,35613,63297,101685
2023-07-01,19,201,0,118,4384,4703,2961,15,35702,67624,106302
2022-01-01,20,578,1,259,493,1331,15085,46,23615,8571,47319
2022-02-01,20,2444,0,772,469,3685,17529,46,24387,9041,51004
2022-03-01,20,2051,9,1340,939,4339,19580,55,25726,9980,55342
2022-04-01,20,1824,3,-1744,853,936,21404,58,23983,10833,56278
2022-05-01,20,2206,0,148,1187,3541,23610,58,24131,12020,59819
2022-06-01,20,2663,-1,-16,1596,4242,26273,57,24114,13615,64059
2022-07-01,20,2681,1,-932,1467,3217,28955,58,23179,15081,67272
2022-08-01,20,2697,2,-299,1741,4141,31652,60,22880,16822,71414
2022-09-01,20,2492,2,-312,1636,3818,34144,62,22565,18457,75228
2022-10-01,20,2341,-5,-295,1574,3615,36485,57,22268,20030,78840
2022-11-01,20,1820,1,-343,1398,2876,38305,58,21925,21428,81716
2022-12-01,20,1854,0,-708,1633,2779,40159,58,21216,23061,84494
2023-01-01,20,608,6,344,1965,2923,40767,64,21560,25023,87414
2023-02-01,20,1982,-2,227,2001,4208,42749,62,21788,27033,91632
2023-03-01,20,2177,-2,-354,2431,4252,44926,60,21432,29463,95881
2023-04-01,20,1851,1,-173,2415,4094,46777,61,21259,31877,99974
2023-05-01,20,2964,0,-218,2752,5498,49741,61,21041,34629,105472
2023-06-01,20,2841,0,-171,2621,5291,52599,61,20875,37265,110800
2023-07-01,20,2582,-2,-81,1997,4496,55160,59,20788,39245,115252
2022-01-01,21,3791,6,2377,3323,9497,55001,1143,110123,50092,216361
2022-02-01,21,4255,6,2036,353,6650,59256,1149,112159,50445,223013
2022-03-01,21,4132,7,6685,4046,14870,63388,1156,118844,54491,237881
2022-04-01,21,2944,18,-6071,1786,-1323,66332,1167,112721,56258,236479
2022-05-01,21,4920,3,-328,3974,8569,71252,1170,112393,60231,245048
2022-06-01,21,4481,-5,1555,7215,13246,75733,1165,113949,67446,258295
2022-07-01,21,6110,-43,-619,5504,10952,81843,1122,113328,72947,269242
2022-08-01,21,4341,-15,-661,7669,11334,86184,1107,112666,80616,280575
2022-09-01,21,4712,-14,-1957,7964,10705,90895,1093,110710,88580,291280
2022-10-01,21,3587,-5,128,6692,10402,94483,1088,110838,95269,301681
2022-11-01,21,2926,-7,1433,5241,9593,97409,1081,112246,100492,311230
2022-12-01,21,4245,-3,-503,4766,8505,101654,1078,111764,105274,319772
2023-01-01,21,2951,9,1481,6169,10610,104605,1087,113245,111441,330380
2023-02-01,21,4948,-12,-386,6322,10872,109553,1075,112859,117764,341254
2023-03-01,21,4409,-7,-1611,9389,12180,113962,1068,111248,127154,353434
2023-04-01,21,3503,-9,-195,9479,12778,117465,1059,111053,136632,366210
2023-05-01,21,3810,5,-891,11604,14529,121275,1064,110163,148235,380738
2023-06-01,21,4570,2,-381,12143,16335,125849,1075,110229,160718,397873
2023-07-01,21,2653,-6,-174,8713,11186,128496,1060,109575,169030,408163
2022-01-01,22,1603,-4,11106,3315,16020,38424,179,152096,40551,231251
2022-02-01,22,4288,-8,7886,3314,15481,42712,171,159983,43865,246731
2022-03-01,22,4020,-15,9975,5337,19317,46732,156,169957,49203,266048
2022-04-01,22,3484,-5,-12312,5743,-3090,50216,151,157632,54943,262943
2022-05-01,22,4079,-6,1453,9396,14922,54295,145,159086,64340,277865
2022-06-01,22,4897,-7,-1219,9559,13229,59192,138,157865,73898,291094
2022-07-01,22,5127,-58,-6616,6607,5061,64319,80,151247,80506,296152
2022-08-01,22,5327,-5,-2553,8466,11235,69646,75,148695,88972,307388
2022-09-01,22,5030,-2,31,9448,14507,74676,73,148726,98420,321895
2022-10-01,22,3797,-5,1485,10347,15624,78473,68,150211,108766,337518
2022-11-01,22,3355,-2,2128,9003,14485,81828,66,152340,117769,352003
2022-12-01,22,2263,-1,55,10329,12646,84091,65,152395,128098,364649
2023-01-01,22,886,-2,6386,8816,16086,84977,63,158781,136914,380735
2023-02-01,22,4256,-7,810,8660,13719,89233,56,159592,145574,394454
2023-03-01,22,4065,-1,-2663,14510,15911,93298,55,156928,160082,410363
2023-04-01,22,3707,-1,-4715,16088,15079,97005,54,152213,176170,425442
2023-05-01,22,5985,-9,-3503,16461,18934,102990,45,148710,192631,444376
2023-06-01,22,5802,-2,-542,15367,20625,108861,43,148262,208408,465573
2023-07-01,22,5142,0,-1128,13691,17705,113936,43,147047,221715,482740
2022-01-01,23,926,0,149,675,1750,13844,2,9612,5776,29234
2022-02-01,23,1096,0,677,529,2302,14940,2,10289,6305,31536
2022-03-01,23,1457,-1,943,716,3115,16397,1,11232,7021,34651
2022-04-01,23,1571,0,-1129,627,1069,17969,1,10108,7648,35726
2022-05-01,23,1994,0,279,1226,3499,19963,1,10387,8874,39225
2022-06-01,23,2158,0,250,1924,4332,22121,1,10635,10798,43555
2022-07-01,23,2661,-1,54,2166,4880,24782,0,10689,12964,48435
2022-08-01,23,2213,0,154,1600,3967,26995,0,10843,14564,52402
2022-09-01,23,2048,0,235,1401,3684,29043,0,11078,15965,56086
2022-10-01,23,1503,0,496,1319,3318,30546,0,11573,17284,59403
2022-11-01,23,1431,0,370,955,2756,31977,0,11943,18239,62159
2022-12-01,23,1942,0,397,849,3188,33919,0,12340,19088,65347
2023-01-01,23,1344,0,345,1260,2949,35263,0,12685,20346,68294
2023-02-01,23,2054,0,25,1059,3138,37317,0,12709,21408,71434
2023-03-01,23,1932,0,-370,1711,3273,39249,0,12339,23119,74707
2023-04-01,23,1862,0,-52,1911,3721,41111,0,12287,25030,78428
2023-05-01,23,1631,0,-307,2644,3968,42742,0,11980,27674,82396
2023-06-01,23,1682,0,-284,1991,3389,44425,0,11700,29676,85801
2023-07-01,23,1203,0,-98,1365,2470,45627,0,11598,31030,88255
2022-01-01,24,2365,-2,1250,4883,8497,16973,28,87479,34754,139234
2022-02-01,24,660,-1,2137,2932,5728,17633,27,89617,37686,144963
2022-03-01,24,378,-3,4467,4521,9363,18011,24,94082,42207,154325
2022-04-01,24,-971,-2,-2751,3467,-257,17040,22,91332,45674,154069
2022-05-01,24,-662,-1,978,3444,3759,16378,21,92310,49118,157828
2022-06-01,24,-612,0,347,1200,935,15766,21,92656,50318,158761
2022-07-01,24,-617,-8,-2129,2845,91,15149,13,90527,53163,158851
2022-08-01,24,-1017,0,-62,4028,2949,14132,13,90464,57191,161800
2022-09-01,24,-606,-1,2760,4833,6986,13526,12,93224,62023,168785
2022-10-01,24,-513,-1,876,6117,6479,13013,11,94100,68140,175264
2022-11-01,24,-600,0,642,3426,3468,12412,11,94742,71566,178731
2022-12-01,24,-7224,0,-1613,7978,-858,5189,11,93129,79544,177873
2023-01-01,24,-165,0,1290,6556,7681,5024,11,94417,86100,185551
2023-02-01,24,-181,0,66,6167,6052,4843,11,94487,92269,191608
2023-03-01,24,-150,0,-647,8422,7625,4693,11,93840,100691,199233
2023-04-01,24,-156,0,25,8227,8096,4537,11,93864,108917,207328
2023-05-01,24,-197,0,-215,13657,13245,4340,11,93649,122573,220573
2023-06-01,24,-146,0,2022,10026,11903,4193,11,95676,132608,232488
2023-07-01,24,-133,-1,1017,9203,10086,4060,10,96689,141802,242561
2022-01-01,25,2955,0,5413,7041,15409,25855,45,60160,50163,136224
2022-02-01,25,2001,-1,4800,7207,14007,27857,44,64960,57370,150231
2022-03-01,25,2081,0,7352,9159,18592,29938,44,72312,66529,168823
2022-04-01,25,832,-3,3645,8573,13047,30770,41,75957,75102,181870
2022-05-01,25,1495,-2,720,8837,11050,32265,39,76677,83939,192921
2022-06-01,25,1261,-2,-1137,9390,9512,33526,37,75540,93329,202433
2022-07-01,25,1657,-18,-1371,7864,8132,35183,19,74169,101193,210565
2022-08-01,25,1442,0,-4356,8121,5207,36625,19,69813,109314,215772
2022-09-01,25,1274,-1,-13,10529,11789,37899,18,69800,119843,227561
2022-10-01,25,821,0,462,7460,8743,38721,18,70261,127304,236303
2022-11-01,25,597,0,-2164,5741,4174,39318,18,68097,133045,240477
2022-12-01,25,-4351,-2,-567,8314,3394,34967,16,67529,141358,243870
2023-01-01,25,664,0,-119,8364,8909,35631,16,67410,149720,252777
2023-02-01,25,1143,-1,-523,7285,7904,36774,15,66887,157006,260682
2023-03-01,25,1084,0,-1324,10445,10205,37858,15,65563,167451,270887
2023-04-01,25,647,0,-1037,13090,12700,38505,15,64526,180541,283587
2023-05-01,25,731,-1,1384,13050,15164,39235,14,65910,193591,298751
2023-06-01,25,937,0,3078,10509,14524,40172,14,68993,204110,313290
2023-07-01,25,651,0,2407,8281,11339,40824,14,71395,212379,324612
2022-01-01,26,6675,2,6201,8131,21009,66048,46,179429,97224,342747
2022-02-01,26,5022,0,10606,8605,24233,71070,46,190035,105829,366980
2022-03-01,26,5269,0,15822,9783,30874,76339,46,205856,115612,397853
2022-04-01,26,2749,0,-3293,5225,4681,79081,46,202561,120835,402523
2022-05-01,26,4084,-1,3094,9207,16384,83165,45,205655,130042,418907
2022-06-01,26,5101,0,847,10793,16741,88266,45,206501,140835,435647
2022-07-01,26,5584,-15,5150,9051,19770,93850,30,211648,149886,455414
2022-08-01,26,4251,-1,-137,9765,13878,98101,29,211511,159652,469293
2022-09-01,26,4236,-3,6121,12045,22399,102337,26,217632,171697,491692
2022-10-01,26,2942,1,5578,12507,21028,105279,27,223210,184204,512720
2022-11-01,26,2777,-1,3838,12594,19208,108056,26,227048,196798,531928
2022-12-01,26,-3599,0,-3147,14891,8145,104457,26,223901,211689,540073
2023-01-01,26,3356,0,5996,13779,23131,107813,26,229896,225467,563202
2023-02-01,26,4906,-1,359,14309,19573,112719,25,230256,239780,582780
2023-03-01,26,4297,1,-1596,21513,24215,117016,26,228660,261293,606995
2023-04-01,26,3616,-2,462,23925,28001,120632,24,229121,285218,634995
2023-05-01,26,3662,-2,2601,26400,32661,124294,22,231722,311617,667655
2023-06-01,26,4331,2,2173,21161,27667,129635,25,234095,333171,696926
2023-07-01,26,3075,0,5529,18802,27406,131637,24,239435,351557,722653
2022-01-01,27,2507,0,1110,2093,5710,23716,33,44224,23712,91684
2022-02-01,27,2007,0,3212,2211,7429,25723,33,47435,25922,99114
2022-03-01,27,2034,-1,3271,2704,8008,27757,32,50702,28626,107118
2022-04-01,27,957,-1,-3207,3026,774,28718,31,47513,31653,107915
2022-05-01,27,755,0,828,3898,5481,29473,31,48341,35552,113396
2022-06-01,27,1506,-1,701,4774,6980,30979,30,49042,40325,120375
2022-07-01,27,1722,-8,-76,8868,10506,32701,22,48964,49191,130877
2022-08-01,27,1049,-1,757,10766,12571,33750,21,49721,59957,143447
2022-09-01,27,1208,-1,959,7313,9479,34958,20,50680,67268,152924
2022-10-01,27,819,0,355,5676,6850,35777,20,51035,72944,159773
2022-11-01,27,730,0,-623,3069,3176,36507,20,50382,75971,162877
2022-12-01,27,-1475,0,-123,5337,3740,35032,20,50290,81348,166689
2023-01-01,27,474,0,790,7240,8504,35506,20,51079,88587,175191
2023-02-01,27,1229,0,-137,4556,5648,36735,20,50945,93145,180844
2023-03-01,27,986,0,-605,5646,6028,37721,20,50342,98791,186873
2023-04-01,27,991,0,-390,6190,6791,38712,20,49952,104979,193663
2023-05-01,27,828,0,-763,7771,7836,39540,20,49187,112750,201496
2023-06-01,27,1010,-1,20,7603,8632,40551,19,49211,120359,210139
2023-07-01,27,795,1,541,7001,8337,41346,20,49745,127353,218464
2022-01-01,28,558,5,5220,6505,12288,8962,137,68955,54607,132661
2022-02-01,28,-404,-2,2470,3785,5849,8558,135,71425,58392,138510
2022-03-01,28,-159,-6,5025,6109,10969,8399,129,76450,64500,149477
2022-04-01,28,-702,-8,-166,4076,3200,7697,121,76284,68579,152680
2022-05-01,28,-488,-6,1218,4244,4968,7209,115,77502,72823,157648
2022-06-01,28,-339,-5,1989,3527,5172,6870,110,79490,76350,162819
2022-07-01,28,-315,-52,1499,-5627,-4495,6555,58,80989,70723,158323
2022-08-01,28,-523,-5,-549,963,-114,6032,53,80440,71686,158210
2022-09-01,28,-246,-2,-150,3159,2761,5786,51,80290,74845,160971
2022-10-01,28,-183,-1,1793,3002,4611,5603,50,82083,77846,165582
2022-11-01,28,-185,0,2848,855,3518,5418,50,84931,78701,169100
2022-12-01,28,-2286,-1,698,4170,2581,3132,49,85629,82870,171680
2023-01-01,28,-73,-3,1880,4777,6581,3059,46,87509,87646,178260
2023-02-01,28,27,-7,33,4973,5026,3086,39,87541,92620,183286
2023-03-01,28,-32,-2,-1592,7593,5967,3054,37,85948,100213,189252
2023-04-01,28,-15,-1,-1439,7993,6538,3039,36,84508,108206,195789
2023-05-01,28,-5,0,-941,10346,9400,3034,36,83567,118552,205189
2023-06-01,28,33,-1,452,8466,8950,3067,35,84042,127070,214214
2023-07-01,28,-18,-1,-45,7794,7730,3049,34,83972,134814,221869
2022-01-01,29,3912,5,1046,2114,7077,51281,113,73918,32247,157560
2022-02-01,29,4619,-1,3342,403,8363,55900,112,77260,32649,165922
2022-03-01,29,5199,-6,4621,3303,13117,61098,106,81876,35952,179033
2022-04-01,29,3743,-4,-5629,3700,1810,64842,102,76239,39650,180834
2022-05-01,29,5189,-2,1128,4295,10610,70031,100,77367,43945,191443
2022-06-01,29,5089,0,1585,4545,11219,75120,100,78951,48490,202661
2022-07-01,29,5893,-41,100,3490,9442,81013,59,79050,51980,212101
2022-08-01,29,4491,-3,43,4677,9208,85504,56,79093,56657,221310
2022-09-01,29,3979,-2,1163,4452,9592,89483,54,80256,61108,230899
2022-10-01,29,3340,-1,2699,5095,11133,92823,53,82955,66203,242033
2022-11-01,29,2803,-2,1737,2851,7389,95626,51,84693,69054,249421
2022-12-01,29,3610,0,-171,5557,8996,99236,51,84521,74611,258417
2023-01-01,29,2393,1,2609,6439,11442,101628,52,87131,81048,269859
2023-02-01,29,4369,-4,1384,5970,11719,105997,48,88516,87020,281580
2023-03-01,29,3868,-4,-142,8222,11944,109865,44,88373,95241,293523
2023-04-01,29,3242,1,-96,8939,12087,113107,45,88278,104181,305610
2023-05-01,29,3107,0,189,9419,12715,116214,45,88467,113599,318323
2023-06-01,29,3978,-1,732,8517,13225,120223,44,89251,122169,331687
2023-07-01,29,2279,0,1168,7014,10461,122470,44,90362,129119,341994
2022-01-01,30,673,0,29,970,1672,8349,12,596,8224,17181
2022-02-01,30,932,0,42,980,1954,9281,12,638,9204,19135
2022-03-01,30,1046,-1,41,924,2010,10327,11,679,10125,21142
2022-04-01,30,942,0,10,527,1479,11269,11,689,10657,22625
2022-05-01,30,1065,-1,-24,-881,159,12334,10,665,9776,22784
2022-06-01,30,1194,0,3,416,1613,13528,10,667,10191,24394
2022-07-01,30,1556,-1,40,487,2082,15084,9,707,10674,26472
2022-08-01,30,1353,0,-5,601,1949,16437,9,702,11275,28422
2022-09-01,30,1128,0,0,332,1460,17565,9,702,11604,29879
2022-10-01,30,849,0,53,649,1551,18414,9,755,12252,31429
2022-11-01,30,724,1,101,468,1294,19138,10,856,12720,32723
2022-12-01,30,1039,0,75,813,1927,20176,10,931,13533,34650
2023-01-01,30,423,-1,77,1179,1678,20599,9,1008,14707,36323
2023-02-01,30,954,2,67,1251,2274,21553,11,1075,15966,38604
2023-03-01,30,733,0,93,1194,2020,22286,11,1168,17159,40625
2023-04-01,30,884,0,55,769,1708,23170,11,1223,17927,42333
2023-05-01,30,619,0,59,1797,2475,23789,11,1282,19722,44806
2023-06-01,30,951,-1,133,1576,2659,24740,10,1416,21299,47466
2023-07-01,30,548,0,43,930,1521,25288,10,1457,22225,48981
2022-01-01,31,733,0,149,1359,2241,13026,32,1825,16579,31460
2022-02-01,31,1523,1,212,1462,3198,14549,33,2037,18040,34658
2022-03-01,31,1606,1,211,1604,3422,16155,34,2247,19643,38079
2022-04-01,31,1582,0,156,1215,2953,17737,34,2403,20857,41031
2022-05-01,31,1828,0,-21,268,2075,19565,34,2382,21125,43107
2022-06-01,31,2299,2,-22,981,3260,21864,36,2359,22104,46364
2022-07-01,31,1854,4,-5,589,2442,23717,40,2354,22688,48800
2022-08-01,31,2255,7,70,1419,3751,25972,47,2424,24107,52550
2022-09-01,31,1761,7,-68,1317,3017,27733,54,2356,25419,55562
2022-10-01,31,1589,3,-102,1231,2721,29322,57,2253,26647,58279
2022-11-01,31,1436,3,8,618,2065,30758,60,2261,27265,60343
2022-12-01,31,1669,0,98,1275,3042,32427,60,2358,28537,63381
2023-01-01,31,476,1,70,1509,2056,32903,61,2425,30039,65427
2023-02-01,31,1862,-1,90,1016,2967,34765,60,2514,31069,68410
2023-03-01,31,1757,2,86,1135,2980,36522,62,2599,32204,71387
2023-04-01,31,1676,0,13,821,2510,38198,62,2612,33027,73898
2023-05-01,31,2280,-4,-23,1698,3951,40478,58,2588,34723,77845
2023-06-01,31,2294,-3,68,1494,3853,42772,56,2656,36231,81714
2023-07-01,31,1999,0,41,1572,3612,44771,55,2697,37788,85310
2022-01-01,32,1061,0,3404,1151,5615,27962,9,64896,17796,110661
2022-02-01,32,3354,0,2277,287,5918,31316,9,67172,18082,116579
2022-03-01,32,2949,-2,3555,2368,8870,34265,7,70727,20452,125449
2022-04-01,32,3504,0,-1418,1993,4079,37769,7,69309,22442,129525
2022-05-01,32,3866,0,78,2117,6061,41635,7,69387,24560,135586
2022-06-01,32,4794,0,-1211,2057,5639,46429,7,68175,26616,141225
2022-07-01,32,4610,-4,-3047,1330,2889,51039,3,65126,27944,144112
2022-08-01,32,4104,0,-873,1658,4888,55143,3,64252,29602,149000
2022-09-01,32,3933,0,-645,2998,6286,59076,3,63607,32598,155283
2022-10-01,32,3286,0,613,2424,6323,62361,3,64220,35022,161606
2022-11-01,32,2861,0,643,1082,4586,65222,3,64863,36104,166192
2022-12-01,32,2576,0,251,2962,5789,67798,3,65114,39065,171981
2023-01-01,32,-1275,0,3403,2171,4299,66523,3,68515,41236,176278
2023-02-01,32,3193,-1,975,3761,7928,69716,2,69491,44998,184207
2023-03-01,32,3057,0,-769,7433,9720,72773,2,68722,52430,193927
2023-04-01,32,3101,0,-970,5534,7665,75874,2,67752,57963,201592
2023-05-01,32,5636,0,-1498,5645,9783,81509,2,66255,63607,211372
2023-06-01,32,5101,0,-961,4320,8461,86612,2,65298,67951,219864
2023-07-01,32,4756,0,-427,2992,7321,91366,2,64867,70917,227153
2022-01-01,33,320,0,315,876,1511,3263,6,4572,6896,14737
2022-02-01,33,214,0,120,1051,1385,3477,6,4692,7947,16122
2022-03-01,33,283,0,431,956,1670,3760,6,5123,8903,17792
2022-04-01,33,185,0,175,746,1106,3945,6,5298,9649,18898
2022-05-01,33,246,0,-60,418,604,4191,6,5238,10067,19502
2022-06-01,33,267,0,87,759,1113,4458,6,5324,10825,20613
2022-07-01,33,298,-4,173,1121,1588,4756,2,5496,11945,22199
2022-08-01,33,270,0,142,963,1375,5026,2,5638,12908,23574
2022-09-01,33,249,0,321,904,1474,5275,2,5959,13812,25048
2022-10-01,33,165,0,86,574,825,5440,2,6045,14385,25872
2022-11-01,33,150,0,61,492,703,5590,2,6106,14877,26575
2022-12-01,33,-482,0,16,876,410,5108,2,6122,15752,26984
2023-01-01,33,125,0,135,998,1258,5233,2,6257,16750,28242
2023-02-01,33,234,0,-13,829,1050,5467,2,6243,17578,29290
2023-03-01,33,233,-1,-206,1031,1057,5700,1,6037,18609,30347
2023-04-01,33,178,0,-95,992,1075,5878,1,5942,19601,31422
2023-05-01,33,249,0,-18,1201,1432,6127,1,5924,20802,32854
2023-06-01,33,216,0,-59,1028,1185,6343,1,5865,21831,34040
2023-07-01,33,132,0,79,754,965,6475,1,5944,22584,35004
2022-01-01,34,1513,15,4517,5411,11456,11451,85,55398,49533,116467
2022-02-01,34,508,17,4410,2985,7920,11959,102,59808,52518,124387
2022-03-01,34,277,4,6731,5693,12705,12236,106,66539,58211,137092
2022-04-01,34,-309,9,2416,4418,6534,11927,115,68955,62629,143626
2022-05-01,34,-122,13,4113,5013,9017,11805,128,73068,67642,152643
2022-06-01,34,-25,9,3487,3808,7279,11780,137,76555,71450,159922
2022-07-01,34,5,1,1932,4099,6037,11785,138,78487,75549,165959
2022-08-01,34,-191,6,676,6105,6596,11594,144,79163,81654,172555
2022-09-01,34,51,-4,2369,7714,10130,11645,140,81532,89368,182685
2022-10-01,34,-36,-2,1399,6396,7757,11609,138,82931,95764,190442
2022-11-01,34,-179,-2,-3496,4884,1207,11430,136,79435,100648,191649
2022-12-01,34,-4095,-3,419,8808,5129,7335,133,79854,109456,196778
2023-01-01,34,38,-4,855,9131,10020,7373,129,80709,118584,206795
2023-02-01,34,38,-4,545,10511,11090,7411,125,81254,129097,217887
2023-03-01,34,47,-4,-289,11480,11234,7458,121,80965,140577,229121
2023-04-01,34,54,-5,-669,10972,10352,7512,116,80296,151549,239473
2023-05-01,34,44,-4,178,12814,13032,7556,112,80474,164363,252505
2023-06-01,34,103,-9,1929,11391,13414,7660,103,82406,175766,265935
2023-07-01,34,4,-1,1795,9081,10879,7663,102,84198,184834,276797
2022-01-01,35,1242,-3,2873,4138,8250,11550,161,48634,33138,93483
2022-02-01,35,650,-8,1180,4363,6185,12200,153,49813,37501,99668
2022-03-01,35,220,-8,2203,5341,7757,12421,145,52017,42840,107423
2022-04-01,35,-361,-1,582,3907,4126,12046,89,52146,46560,110844
2022-05-01,35,-300,0,-843,3776,2633,11746,89,51304,50337,113477
2022-06-01,35,-361,-3,-1083,8655,7209,11385,86,50219,58992,120683
2022-07-01,35,-336,-4,-2561,8430,5530,11049,82,47658,67422,126213
2022-08-01,35,-519,-1,-2127,6521,3875,10530,81,45531,73945,130088
2022-09-01,35,-257,2,645,5134,5524,10273,83,46177,79078,135611
2022-10-01,35,-271,-1,511,5312,5551,10002,82,46687,84390,141163
2022-11-01,35,-331,1,268,2672,2609,9653,82,46271,86936,142942
2022-12-01,35,-3995,-4,-209,2741,-1466,5676,79,46745,89815,142314
2023-01-01,35,-33,1,1151,4566,5686,5643,80,47896,94381,148001
2023-02-01,35,-38,0,-88,4784,4657,5605,80,47807,99163,152655
2023-03-01,35,-70,-2,-494,5673,5106,5535,78,47313,104836,157765
2023-04-01,35,-46,-1,-1359,4052,2645,5489,77,45954,108889,160410
2023-05-01,35,-55,0,-862,4753,3836,5434,77,45090,113641,164245
2023-06-01,35,-31,-1,-877,3112,2203,5432,117,44907,117325,167783
2023-07-01,35,-55,-1,-641,2246,1549,5348,74,43598,118991,168010
2022-01-01,36,10757,7,19222,15856,45842,138642,205,352192,162783,653822
2022-02-01,36,13626,3,15103,7227,35959,152268,208,367295,170010,689781
2022-03-01,36,18623,-3,29698,17977,66295,170891,205,396989,187986,756071
2022-04-01,36,17525,-4,8461,16691,42673,188417,201,405459,204679,798756
2022-05-01,36,20328,-2,9901,25667,55894,208745,199,415360,230346,854650
2022-06-01,36,19529,0,4680,26573,50782,228274,199,420039,256918,905430
2022-07-01,36,24356,-16,-31913,17688,10115,252630,183,388124,274606,915543
2022-08-01,36,21130,-2,-7920,27227,40435,273760,181,380204,301833,955978
2022-09-01,36,20161,-3,1284,28827,50269,293921,178,381488,330660,1006247
2022-10-01,36,14379,-2,1990,23020,39387,308300,176,383475,353678,1045629
2022-11-01,36,11505,-5,-2340,16405,25565,319805,171,381135,370083,1071194
2022-12-01,36,15361,-3,-6099,23939,33198,335166,168,375036,394020,1104390
2023-01-01,36,10196,-2,5830,24496,40520,345361,166,380866,418511,1144904
2023-02-01,36,17634,0,2285,21840,41759,362996,166,383152,440361,1186675
2023-03-01,36,15410,-6,-1820,35654,49238,378406,160,381332,476015,1235913
2023-04-01,36,13422,-1,-2160,37093,48354,391828,159,379172,513108,1284267
2023-05-01,36,10578,0,10305,36373,57256,402404,159,389475,549480,1341518
2023-06-01,36,13862,-3,20553,32540,66952,416906,159,410981,583739,1411785
2023-07-01,36,7329,-2,13674,30863,51864,423574,154,423637,612810,1460175
2022-01-01,37,9972,0,5689,13183,28844,143775,194,95615,131373,370956
2022-02-01,37,11599,-7,4856,8867,25315,155374,187,100471,140240,396271
2022-03-01,37,14432,-3,6571,13744,34744,169806,184,107041,153984,431014
2022-04-01,37,13611,-5,1932,10646,26184,183417,179,108975,164633,457203
2022-05-01,37,16310,-3,-2213,4802,18896,199727,176,106762,169435,476099
2022-06-01,37,15038,-3,-2330,10984,23689,214765,173,104432,180418,499787
2022-07-01,37,19470,-22,-1509,8348,26287,234235,151,102921,188765,526071
2022-08-01,37,16526,-4,-4347,7276,19451,250760,147,98574,196041,545522
2022-09-01,37,15522,-4,3101,5776,24395,266282,143,101675,201817,569917
2022-10-01,37,11412,-3,7551,10547,29507,277694,140,109226,212364,599424
2022-11-01,37,14331,-5,7830,10493,32649,292025,135,117056,222857,632073
2022-12-01,37,14215,1,7246,13539,35001,306240,136,124302,236396,667074
2023-01-01,37,10879,-2,-5626,-1887,3364,317119,134,118676,234506,670435
2023-02-01,37,6952,-6,-578,9578,15946,324071,128,118098,244090,686387
2023-03-01,37,13009,-1,-3563,11550,20995,337080,127,114535,255640,707382
2023-04-01,37,11786,0,-1876,17530,27440,348866,127,112659,273170,734822
2023-05-01,37,10870,-5,-2004,20876,29737,359736,122,110655,294044,764556
2023-06-01,37,12810,-2,-1015,18911,30704,372550,120,109655,313048,795372
2023-07-01,37,7845,0,-1377,14698,21166,380391,120,108262,327651,816423
2022-01-01,38,-1,1,-43,118,75,25,35,2014,2450,4524
2022-02-01,38,0,0,53,71,124,25,35,2067,2521,4648
2022-03-01,38,2,-1,151,450,602,27,34,2219,2968,5248
2022-04-01,38,-4,0,72,722,790,23,34,2292,3694,6046
2022-05-01,38,-3,-1,11,591,598,20,33,2303,4285,6643
2022-06-01,38,4,1,75,401,481,24,34,2376,4685,7119
2022-07-01,38,0,-2,55,458,511,24,32,2431,5135,7622
2022-08-01,38,-4,-1,139,435,569,20,31,2570,5570,8190
2022-09-01,38,-2,0,346,218,562,18,31,2914,5787,8749
2022-10-01,38,0,0,349,124,473,18,31,3262,5910,9220
2022-11-01,38,2,0,315,109,426,20,31,3578,6019,9647
2022-12-01,38,3,-1,160,319,481,23,30,3736,6338,10127
2023-01-01,38,4,0,217,621,842,27,30,3948,6958,10962
2023-02-01,38,-5,0,266,404,665,22,30,4221,7366,11640
2023-03-01,38,-6,1,338,464,797,16,31,4556,7830,12433
2023-04-01,38,4,0,142,446,592,20,31,4698,8277,13025
2023-05-01,38,-1,0,11,559,569,19,31,4708,8835,13593
2023-06-01,38,1,-2,-23,428,404,20,29,4689,9270,14009
2023-07-01,38,-5,0,57,439,491,15,29,4743,9701,14487
2022-01-01,39,12585,5,5443,7578,25611,174080,45,239641,92931,506697
2022-02-01,39,14528,-3,10465,2903,27893,188608,42,250106,95834,534590
2022-03-01,39,16008,-1,16343,7707,40057,204616,41,266445,103541,574643
2022-04-01,39,13612,-3,-9397,8222,12434,218227,38,257035,111760,587060
2022-05-01,39,17918,0,3112,12708,33738,236145,38,260147,124468,620798
2022-06-01,39,19322,-1,2711,13653,35685,255467,37,262857,138121,656482
2022-07-01,39,22727,-16,-16354,11686,18043,278194,21,246501,149807,674523
2022-08-01,39,20977,0,-2797,10117,28297,299171,21,243704,159924,702820
2022-09-01,39,18699,-1,-1112,10227,27813,317870,20,242591,170149,730630
2022-10-01,39,14543,-1,1154,8095,23791,332413,19,243744,178243,754419
2022-11-01,39,12496,-2,-1732,5471,16233,344909,17,242012,183714,770652
2022-12-01,39,16979,-1,-3842,9265,22401,361888,16,238170,192979,793053
2023-01-01,39,12457,-2,2945,10973,26373,374345,14,241110,203952,819421
2023-02-01,39,18310,-2,-294,11552,29566,392656,12,240818,215503,848989
2023-03-01,39,17418,0,-3785,17467,31100,410074,12,237032,232969,880087
2023-04-01,39,14548,0,-1268,18821,32101,424622,12,235764,251790,912188
2023-05-01,39,13910,0,-1506,22779,35183,438531,12,234258,274569,947370
2023-06-01,39,16714,-1,1065,22728,40506,455296,11,235406,297400,988113
2023-07-01,39,9122,0,1627,20055,30804,464363,11,236957,317340,1018671
2022-01-01,40,484,16,165,2407,3072,16428,315,100505,23183,140431
2022-02-01,40,2615,7,2149,1569,6340,19043,322,102654,24752,146771
2022-03-01,40,2316,19,3704,4219,10258,21359,341,106357,28970,157027
2022-04-01,40,2346,11,-473,3828,5712,23705,352,105885,32799,162741
2022-05-01,40,2729,11,1916,3967,8623,26434,363,107801,36766,171364
2022-06-01,40,3392,0,2158,4356,9906,29826,363,109957,41122,181268
2022-07-01,40,3028,-29,215,3749,6963,32854,334,110171,44870,188229
2022-08-01,40,3205,5,3798,3638,10646,36059,339,113969,48508,198875
2022-09-01,40,3326,11,3300,4078,10715,39385,350,117269,52586,209590
2022-10-01,40,3077,4,3714,3240,10035,42421,354,119429,55700,217903
2022-11-01,40,2864,8,3184,3420,9476,45285,362,122613,59120,227379
2022-12-01,40,2409,2,-2229,3615,3797,47694,364,120384,62734,231175
2023-01-01,40,808,3,551,4999,6361,48502,367,120935,67733,237536
2023-02-01,40,3078,6,491,5226,8801,51580,373,121427,72959,246339
2023-03-01,40,2543,2,129,6779,9453,54123,375,121556,79738,255792
2023-04-01,40,2629,-1,747,6895,10270,56752,374,122303,86633,266062
2023-05-01,40,4918,-2,1194,6701,12811,61670,372,123497,93334,278873
2023-06-01,40,4525,-6,1705,5566,11790,66260,366,127347,99141,293114
2023-07-01,40,4666,-6,1631,5291,11582,70860,360,127014,104175,302409
2022-01-01,41,2609,0,295,5067,7971,24523,42,24025,37301,85891
2022-02-01,41,2100,-1,-1480,6342,6961,26623,41,22545,43643,92852
2022-03-01,41,1558,-2,-1612,9623,9567,28181,39,20933,53266,102419
2022-04-01,41,624,-1,-1139,6471,5955,28805,38,19793,59731,108367
2022-05-01,41,1144,-1,-1787,4649,4005,29949,37,18006,64380,112372
2022-06-01,41,1648,0,-1898,6012,5762,31597,37,16108,70389,118131
2022-07-01,41,1823,-11,-1618,5428,5622,33420,26,14489,75815,123750
2022-08-01,41,1177,0,-3691,6340,3827,34597,26,10799,82155,127577
2022-09-01,41,1238,1,-449,6264,7054,35835,27,10350,88419,134631
2022-10-01,41,874,0,-674,6475,6675,36710,27,9676,94894,141306
2022-11-01,41,733,-1,-860,5307,5179,37443,26,8816,100200,146484
2022-12-01,41,-4512,-1,-1035,5396,-152,32931,25,7781,105596,146331
2023-01-01,41,257,0,-217,6058,6098,33188,25,7563,111652,152426
2023-02-01,41,1229,0,-322,6463,7370,34417,25,7241,118116,159800
2023-03-01,41,884,0,-87,6750,7548,35301,25,7154,124866,167347
2023-04-01,41,1067,-1,-161,6237,7142,36368,24,6993,131100,174486
2023-05-01,41,890,0,-173,3740,4457,37258,24,6820,134839,178943
2023-06-01,41,1128,0,-12,3923,5039,38463,24,6877,140627,185991
2023-07-01,41,725,0,-90,5347,5982,39110,24,6718,144063,189914
2022-01-01,42,5645,77,6658,7928,20308,44237,726,206688,90653,342304
2022-02-01,42,2114,84,12338,6258,20794,46351,810,219026,96911,363098
2022-03-01,42,1092,41,21379,10591,33103,47443,851,240395,107500,396189
2022-04-01,42,-1727,26,-1314,9245,6230,45716,877,239084,116721,402398
2022-05-01,42,-849,85,7081,15393,21710,44867,962,246165,132114,424108
2022-06-01,42,-658,56,8384,16106,23888,44209,1018,254547,148220,447994
2022-07-01,42,-440,-8,-8274,18442,9720,43767,1010,246268,166662,457707
2022-08-01,42,-1349,44,-6091,21093,13697,42418,1054,240177,187755,471404
2022-09-01,42,-411,-54,-1560,19942,17917,42007,1000,238615,207697,489319
2022-10-01,42,-326,-38,113,15752,15501,41681,962,238727,223445,504815
2022-11-01,42,-422,-26,-692,12606,11466,40956,936,237734,235888,515514
2022-12-01,42,-12803,-39,-4247,19805,2716,28467,897,233767,255874,519005
2023-01-01,42,367,-26,1993,19628,21962,28834,871,235758,275497,540960
2023-02-01,42,632,-18,-2959,20432,18087,29466,853,232802,295932,559053
2023-03-01,42,438,-33,-5378,22732,17759,29903,820,227424,318664,576811
2023-04-01,42,371,-21,-4268,22175,18257,30274,799,223156,340839,595068
2023-05-01,42,287,-24,-3491,26803,23575,30561,775,219665,367641,618642
2023-06-01,42,325,-24,3809,21117,25227,30892,752,223603,389015,644262
2023-07-01,42,159,-12,-3430,21534,18251,31044,739,220044,410276,662103
2022-01-01,44,309,1,691,33,1034,6061,2,15595,3979,25636
2022-02-01,44,1536,0,620,-12,2144,7596,2,16215,3967,27780
2022-03-01,44,1161,0,954,368,2483,8757,2,17169,4335,30263
2022-04-01,44,1078,0,-344,717,1451,9835,2,16825,5052,31714
2022-05-01,44,1248,0,546,777,2571,11083,2,17371,5829,34284
2022-06-01,44,1411,0,-198,852,2065,12494,2,17173,6681,36349
2022-07-01,44,1248,-1,-171,491,1567,13742,1,17002,7171,37915
2022-08-01,44,1403,0,-1271,918,1050,15145,1,15731,8089,38965
2022-09-01,44,1541,0,204,1215,2960,16686,1,15935,9304,41925
2022-10-01,44,1492,0,536,1703,3731,18177,1,16471,11006,45656
2022-11-01,44,1250,0,136,1679,3065,19427,1,16607,12685,48721
2022-12-01,44,1235,-1,-247,1334,2321,20662,0,16360,14019,51041
2023-01-01,44,599,0,60,823,1482,21261,0,16420,14842,52523
2023-02-01,44,1305,0,-1,987,2291,22566,0,16419,15829,54814
2023-03-01,44,1416,0,-109,1452,2759,23982,0,16310,17281,57573
2023-04-01,44,1098,0,-182,1994,2910,25080,0,16128,19274,60482
2023-05-01,44,1860,0,-426,2390,3824,26940,0,15702,21664,64305
2023-06-01,44,1562,0,-17,2061,3606,28508,0,15689,23726,67922
2023-07-01,44,1614,0,-18,1589,3185,30114,0,15667,25314,71095
2022-01-01,45,4340,3,1368,4168,9879,56845,72,74146,49342,180405
2022-02-01,45,4778,-1,2912,2222,9911,61623,71,77058,51564,190316
2022-03-01,45,5131,-2,4301,4401,13831,66754,69,81359,55965,204147
2022-04-01,45,4206,-5,-2382,3567,5386,70957,64,78972,59528,209521
2022-05-01,45,5406,0,1012,4241,10659,76363,64,79984,63769,220180
2022-06-01,45,4614,-3,1629,5479,11719,80977,61,81613,69247,231898
2022-07-01,45,6333,-13,-1148,4514,9686,87310,48,80463,73760,241581
2022-08-01,45,4749,-1,34,4812,9594,92059,47,80497,78572,251175
2022-09-01,45,4555,0,736,4953,10244,96614,47,81232,83525,261418
2022-10-01,45,3623,0,4903,6925,15451,100237,47,86135,90450,276869
2022-11-01,45,4539,-1,5024,5658,15220,104776,46,91159,96108,292089
2022-12-01,45,4257,-1,5737,6867,16860,109033,45,96896,102975,308949
2023-01-01,45,2324,-1,-5165,2911,69,111357,44,91730,105882,309013
2023-02-01,45,1952,0,-1069,5562,6445,113309,44,90663,111448,315464
2023-03-01,45,3805,-1,-3069,6660,7395,117114,43,87593,118108,322858
2023-04-01,45,3930,0,-1920,8517,10527,121044,43,85673,126625,333385
2023-05-01,45,4085,-3,-2004,9161,11239,125129,40,83669,135786,344624
2023-06-01,45,4770,-1,-1199,9141,12711,130294,39,82747,145783,358863
2023-07-01,45,2456,0,-316,7154,9294,132339,39,82157,152055,366590
2022-01-01,46,-1,0,59,354,412,41,82,1642,2980,4747
2022-02-01,46,-6,5,93,691,784,35,87,1737,3672,5530
2022-03-01,46,4,0,127,1183,1314,39,87,1864,4854,6841
2022-04-01,46,-4,0,90,904,991,35,87,1955,5760,7833
2022-05-01,46,-3,2,63,1091,1153,32,89,2018,6849,8987
2022-06-01,46,0,-3,88,1408,1493,32,86,2106,8255,10481
2022-07-01,46,-1,-2,171,1153,1321,31,84,2277,9408,11802
2022-08-01,46,1,-2,148,1212,1359,32,82,2424,10620,13161
2022-09-01,46,0,0,76,603,679,32,82,2500,11222,13839
2022-10-01,46,2,0,28,400,430,34,82,2528,11619,14266
2022-11-01,46,4,0,41,165,210,38,82,2554,11740,14418
2022-12-01,46,-2,-2,15,334,343,37,80,2581,12119,14817
2023-01-01,46,0,0,57,982,1039,37,80,2638,13097,15854
2023-02-01,46,2,-1,141,599,741,39,79,2780,13702,16599
2023-03-01,46,-4,0,162,1201,1358,35,79,2940,14901,17955
2023-04-01,46,1,0,37,705,742,36,79,2976,15606,18698
2023-05-01,46,-1,-1,30,505,533,35,78,3008,16112,19234
2023-06-01,46,-2,0,18,649,665,33,78,3027,16770,19909
2023-07-01,46,-1,-1,7,910,916,32,77,3033,17670,20815
2022-01-01,47,4492,9,4900,7640,17041,53748,532,72294,78030,204603
2022-02-01,47,3317,15,3219,7524,14075,57065,547,75513,85554,218677
2022-03-01,47,3371,14,5879,9711,18975,60436,561,81392,95265,237654
2022-04-01,47,1152,13,1934,7195,10294,61588,574,83328,102462,247953
2022-05-01,47,2640,19,-1665,2993,3987,64228,593,81663,105456,251940
2022-06-01,47,2728,-1,-191,8029,10565,66956,592,81471,113486,262503
2022-07-01,47,3422,-43,-699,4156,6836,70378,549,80771,117643,269341
2022-08-01,47,2347,4,1924,2168,6443,72725,553,82696,119811,275784
2022-09-01,47,2895,-5,7924,378,11192,75620,548,90619,120189,286976
2022-10-01,47,1700,-1,7567,1584,10850,77319,547,98186,121775,297826
2022-11-01,47,1494,-13,5451,735,7667,78813,534,103637,122510,305494
2022-12-01,47,-3349,-2,3905,5306,5860,75464,532,107542,127816,311354
2023-01-01,47,1439,-7,4436,6419,12287,76903,525,111978,134236,323642
2023-02-01,47,3128,-7,2935,5963,12019,80031,518,114914,140200,335662
2023-03-01,47,2609,-8,-130,10102,12573,82640,510,114783,150302,348233
2023-04-01,47,2490,-7,-500,10268,12251,85130,503,114283,160570,360486
2023-05-01,47,3034,-5,-1533,12082,13577,88164,498,112749,172653,374064
2023-06-01,47,3082,-3,-37,9792,12833,91246,495,112734,182472,386945
2023-07-01,47,1719,-1,-854,7044,7908,92965,494,111859,189489,394805
2022-01-01,48,22580,4,-2882,23354,43056,253039,554,178536,251028,683156
2022-02-01,48,22838,-10,8746,-4357,27217,275877,544,187282,246671,710373
2022-03-01,48,24893,-14,14756,35858,75493,300769,530,202038,282529,785866
2022-04-01,48,13932,-21,-13720,37241,37432,314701,510,188316,319749,823275
2022-05-01,48,22712,-9,-6505,39087,55285,337413,501,181811,358835,878560
2022-06-01,48,20088,-12,-6122,37051,51005,357501,489,175688,395882,929560
2022-07-01,48,24320,-138,-7415,31438,48205,381821,351,168270,427317,977759
2022-08-01,48,16583,-10,-10279,30093,36387,398404,341,157991,457410,1014145
2022-09-01,48,17824,-6,2002,27879,47699,416228,335,159992,485288,1061842
2022-10-01,48,12578,-4,2095,29216,43885,428806,331,162086,514503,1105725
2022-11-01,48,9812,-2,-11627,16880,15063,438617,329,150459,531383,1120788
2022-12-01,48,2667,-6,8705,25999,37365,441284,323,159163,557377,1158147
2023-01-01,48,5544,-5,2007,33847,41393,446828,318,161169,591220,1199535
2023-02-01,48,15691,-15,1145,31088,47909,462519,303,162314,622311,1247447
2023-03-01,48,15484,-12,471,40364,56307,478003,291,162785,662673,1303751
2023-04-01,48,14634,-2,-19459,54821,49994,492637,289,143322,717493,1353740
2023-05-01,48,14188,-5,4886,34606,53675,506825,284,148208,752097,1407413
2023-06-01,48,18105,0,2552,39139,59796,527110,284,150984,794718,1473095
2023-07-01,48,10463,5,1419,40673,52560,535293,288,152175,831703,1519458
2022-01-01,49,538,0,584,816,1938,3911,10,17863,9453,31236
2022-02-01,49,250,1,1320,564,2135,4161,11,19183,10015,33371
2022-03-01,49,108,0,1210,1207,2525,4269,11,20389,11221,35890
2022-04-01,49,-191,-1,-1339,1085,-447,4078,10,19052,12304,35445
2022-05-01,49,-163,-1,189,1315,1340,3915,9,19243,13619,36788
2022-06-01,49,-129,0,-8,1257,1120,3786,9,19236,14876,37906
2022-07-01,49,-130,-3,-384,1662,1145,3656,6,18852,16538,39053
2022-08-01,49,-225,-1,-47,1353,1081,3431,5,18805,17892,40134
2022-09-01,49,-125,0,452,1783,2110,3306,5,19258,19675,42243
2022-10-01,49,-89,0,357,1816,2084,3217,5,19613,21491,44326
2022-11-01,49,-137,0,310,594,767,3080,5,19923,22084,45095
2022-12-01,49,-1806,0,-199,1345,-659,1274,5,19725,23429,44432
2023-01-01,49,-45,0,487,1690,2133,1229,5,20209,25118,46561
2023-02-01,49,-37,0,9,1494,1466,1192,5,20218,26616,48030
2023-03-01,49,-44,0,0,2133,2089,1148,5,20218,28749,50118
2023-04-01,49,-43,0,17,2046,2020,1105,5,20235,30795,52138
2023-05-01,49,-37,0,-137,2978,2802,1068,5,20097,33773,54941
2023-06-01,49,-39,0,94,3264,3320,1035,5,20535,37567,59140
2023-07-01,49,-33,0,175,2168,2310,996,5,20364,39124,60487
2022-01-01,50,255,0,-99,389,545,1933,12,4819,3695,10459
2022-02-01,50,97,-1,355,359,810,2030,11,5174,4054,11269
2022-03-01,50,103,0,464,597,1164,2133,11,5636,4651,12431
2022-04-01,50,10,0,-719,517,-192,2143,11,4919,5168,12241
2022-05-01,50,42,0,29,602,673,2185,11,4948,5770,12914
2022-06-01,50,77,-1,116,504,696,2262,10,5064,6274,13610
2022-07-01,50,79,-4,-134,726,667,2341,6,4930,6999,14276
2022-08-01,50,81,0,-61,494,514,2422,6,4869,7493,14790
2022-09-01,50,89,0,-114,488,463,2511,6,4755,7981,15253
2022-10-01,50,79,0,111,301,491,2590,6,4866,8282,15744
2022-11-01,50,81,0,96,235,412,2671,6,4962,8517,16156
2022-12-01,50,-489,0,-8,793,296,2182,6,4954,9310,16452
2023-01-01,50,41,1,70,904,1016,2223,7,5024,10213,17467
2023-02-01,50,103,0,53,712,868,2326,7,5077,10926,18336
2023-03-01,50,72,0,-103,781,750,2398,7,4974,11707,19086
2023-04-01,50,66,0,-3,783,846,2464,7,4971,12490,19932
2023-05-01,50,38,0,-46,728,720,2502,7,4925,13218,20652
2023-06-01,50,88,0,-182,729,635,2598,7,4749,13991,21345
2023-07-01,50,50,0,-102,630,578,2639,7,4641,14577,21864
2022-01-01,51,2590,4,6270,7102,15966,36417,85,72465,71910,180876
2022-02-01,51,3144,0,4713,4956,12813,39561,85,77178,76866,193689
2022-03-01,51,2435,0,9269,8001,19705,41996,85,86447,84867,213394
2022-04-01,51,1539,-4,5349,5633,12517,43534,81,91800,90497,225912
2022-05-01,51,2135,-1,1751,2756,6641,45669,80,93552,93252,232553
2022-06-01,51,2410,-2,650,6350,9408,48079,78,94201,99603,241962
2022-07-01,51,1763,-14,867,8474,11091,49842,64,95067,108075,253049
2022-08-01,51,1852,-4,-3421,8424,6851,51695,60,91646,116498,259899
2022-09-01,51,2486,-1,1861,7675,12020,54182,59,93507,124173,271920
2022-10-01,51,2393,-2,256,7487,10134,56575,57,93762,131660,282052
2022-11-01,51,1596,-1,-1014,5566,6147,58171,56,92748,137226,288199
2022-12-01,51,-2816,-3,713,9927,7822,55355,53,93461,147151,296019
2023-01-01,51,-849,-1,2879,8568,10597,54506,52,96340,155718,306615
2023-02-01,51,2191,0,-228,9850,11812,56697,52,96113,165569,318429
2023-03-01,51,1815,-2,-2559,13666,12920,58512,50,93553,179234,331349
2023-04-01,51,1812,-1,-741,12620,13689,60324,49,92812,191855,345039
2023-05-01,51,4145,-1,278,12578,17000,64469,48,93090,204433,362040
2023-06-01,51,3638,-2,2103,9475,15214,68107,46,95216,213980,377349
2023-07-01,51,3440,0,1869,9815,15124,71547,46,97063,223721,392377
2022-01-01,53,3195,4,1426,4930,9555,30797,147,80836,46404,158184
2022-02-01,53,2400,-2,4052,3628,10078,33197,145,84888,50032,168262
2022-03-01,53,1694,-5,5731,6139,13559,34891,140,90617,56170,181818
2022-04-01,53,-34,-6,-5264,7082,1778,34857,134,85363,63258,183613
2022-05-01,53,319,-3,1214,8550,10080,35176,131,86577,71808,193693
2022-06-01,53,654,-2,-306,7497,7843,35830,129,86271,79305,201535
2022-07-01,53,887,-16,-889,7378,7360,36717,113,85378,86682,208889
2022-08-01,53,280,-1,-1373,5760,4666,36997,112,84004,92442,213555
2022-09-01,53,459,0,827,6420,7706,37456,112,84831,98862,221261
2022-10-01,53,215,0,1256,7214,8685,37670,112,86086,106076,229945
2022-11-01,53,-94,1,-551,5088,4444,37576,113,85535,111164,234389
2022-12-01,53,-7770,-2,-1567,7280,-2059,29806,111,83968,118444,232330
2023-01-01,53,55,-2,1106,8413,9572,29861,109,85074,126856,241901
2023-02-01,53,732,-2,135,7855,8720,30593,107,85209,134711,250620
2023-03-01,53,763,1,-280,10631,11115,31356,108,84929,145342,261735
2023-04-01,53,686,2,173,8742,9603,32042,110,85102,154084,271338
2023-05-01,53,678,-3,-1117,8947,8505,32720,107,83985,163031,279843
2023-06-01,53,738,-3,32,7656,8423,33458,104,84036,170721,288321
2023-07-01,53,466,-1,926,7319,8710,33923,103,84943,178002,296973
2022-01-01,54,354,-1,417,908,1678,4177,36,42115,13328,59657
2022-02-01,54,134,-1,1904,824,2861,4311,35,44019,14152,62518
2022-03-01,54,112,-2,3858,1881,5849,4423,33,47868,16033,68358
2022-04-01,54,-56,-2,-3748,1124,-2682,4366,31,44090,17148,65635
2022-05-01,54,51,-2,148,1727,1924,4417,29,44237,18876,67559
2022-06-01,54,70,0,293,2079,2442,4487,29,44531,20954,70001
2022-07-01,54,93,-7,-347,2504,2242,4580,22,44182,23458,72242
2022-08-01,54,-6,-3,-882,2953,2062,4574,19,43300,26412,74305
2022-09-01,54,27,1,337,2346,2712,4601,20,43636,28756,77013
2022-10-01,54,37,-1,1288,2456,3780,4638,19,44922,31212,80792
2022-11-01,54,-25,0,965,1665,2605,4613,19,45887,32877,83397
2022-12-01,54,-693,0,498,1960,1764,3920,19,46384,34838,85161
2023-01-01,54,32,0,749,2750,3531,3952,19,47132,37588,88691
2023-02-01,54,121,1,-51,2808,2880,4073,20,47083,40397,91574
2023-03-01,54,55,-1,-993,4107,3168,4128,19,46090,44505,94742
2023-04-01,54,61,0,-511,4304,3855,4189,19,45579,48808,98596
2023-05-01,54,56,1,-1042,5900,4915,4245,20,44537,54708,103511
2023-06-01,54,118,1,-577,4833,4375,4374,21,45013,60592,110001
2023-07-01,54,53,0,-576,3800,3277,4416,21,43376,63262,111076
2022-01-01,55,3705,3,2079,3047,8834,57409,39,72122,39865,169435
2022-02-01,55,5342,2,3103,2663,11110,62751,41,75225,42528,180545
2022-03-01,55,6660,-4,4779,2705,14140,69411,37,80003,45234,194685
2022-04-01,55,5689,-5,-4117,1797,3364,75100,32,75885,47029,198046
2022-05-01,55,6923,-1,1435,3532,11889,82023,31,77320,50561,209935
2022-06-01,55,6661,0,3085,3333,13079,88684,31,80405,53893,223013
2022-07-01,55,9703,-10,2595,2628,14916,98387,21,82999,56521,237928
2022-08-01,55,8532,-1,155,4838,13524,106919,20,83154,61359,251452
2022-09-01,55,8207,0,678,4993,13878,115126,20,83832,66352,265330
2022-10-01,55,5730,0,1277,5554,12561,120856,20,85109,71906,277891
2022-11-01,55,5484,0,714,2768,8966,126340,20,85823,74674,286857
2022-12-01,55,7351,-1,-1841,4579,10088,133691,19,83982,79253,296945
2023-01-01,55,4771,0,1116,4815,10702,138462,19,85098,84068,307647
2023-02-01,55,7296,-2,-797,4448,10945,145758,17,84301,88516,318592
2023-03-01,55,6592,0,-1776,7858,12674,152350,17,82525,96374,331266
2023-04-01,55,5646,0,-1288,8814,13172,157996,17,81237,105188,344438
2023-05-01,55,4525,-1,-5,8167,12686,162521,16,81232,113355,357124
2023-06-01,55,6314,-1,1326,6771,14410,168856,15,82572,120180,371623
2023-07-01,55,4064,1,1056,5911,11032,172898,16,83614,126033,382561
2022-01-01,56,329,0,2,173,504,3690,2,42,1598,5332
2022-02-01,56,421,0,3,157,581,4111,2,45,1755,5913
2022-03-01,56,421,2,11,220,654,4532,4,56,1975,6567
2022-04-01,56,363,0,10,286,659,4895,4,66,2261,7226
2022-05-01,56,453,0,7,352,812,5348,4,73,2613,8037
2022-06-01,56,680,0,2,251,933,6028,4,75,2863,8969
2022-07-01,56,709,0,6,213,928,6737,4,81,3075,9896
2022-08-01,56,604,1,-2,283,886,7341,5,79,3358,10783
2022-09-01,56,545,0,21,222,788,7886,5,100,3580,11571
2022-10-01,56,428,0,37,287,752,8314,5,137,3867,12323
2022-11-01,56,377,0,31,169,577,8691,5,168,4037,12900
2022-12-01,56,547,0,-6,295,836,9237,5,162,4332,13736
2023-01-01,56,298,0,81,412,791,9535,5,243,4744,14527
2023-02-01,56,453,0,121,257,831,9988,5,364,5008,15365
2023-03-01,56,440,0,78,272,790,10428,5,442,5280,16155
2023-04-01,56,445,0,67,228,740,10873,5,509,5508,16895
2023-05-01,56,333,0,26,297,656,11206,5,534,5805,17550
2023-06-01,56,500,-1,-3,254,750,11706,4,531,6064,18305
2023-07-01,56,364,0,24,579,967,12070,4,555,6638,19267
2022-01-01,72,-19,0,22792,4297,27070,628,2,287489,101999,390118
2022-02-01,72,-490,0,26888,5311,31709,138,2,314377,107310,421827
2022-03-01,72,-12,0,24388,6231,30607,126,2,338765,113541,452434
2022-04-01,72,-13,0,8885,3895,12767,113,2,347650,117436,465201
2022-05-01,72,-3,0,9374,6059,15430,110,2,357024,123495,480631
2022-06-01,72,-10,1,9601,6901,16493,100,3,366625,130396,497124
2022-07-01,72,-4,0,-32745,6258,-26491,96,3,333880,136654,470633
2022-08-01,72,-3,0,-246,10290,10041,93,3,333634,146944,480674
2022-09-01,72,-1,0,3536,13156,16691,92,3,337170,160100,497365
2022-10-01,72,-2,0,13983,13199,27180,90,3,351153,173299,524545
2022-11-01,72,-6,0,11779,11764,23537,84,3,362932,185063,548082
2022-12-01,72,-1,0,7599,10306,17904,83,3,370531,195369,565986
2023-01-01,72,-2,2,-29789,7289,-22500,81,5,340742,202658,543486
2023-02-01,72,-2,0,2519,10183,12700,79,5,343261,212841,556186
2023-03-01,72,-15,0,-1647,5725,4063,64,5,341614,218566,560249
2023-04-01,72,1,0,-750,13003,12254,65,5,340864,231569,572503
2023-05-01,72,-1,0,-1035,14278,13242,64,5,339829,245847,585745
2023-06-01,72,1,0,1385,12028,13414,65,5,342303,258507,600880
2023-07-01,72,-1,0,-33,8402,8368,64,5,341162,266248,607479
