Data Month,metdiv20,Net New Enrollments Alternative Verification Process,Net New Enrollments Verified by School,Net New Enrollments Lifeline,Net New Enrollments National Verifier Application,Net New Enrollments Total,Total Alternative Verification Process,Total Verified by School,Total Lifeline,Total National Verifier Application,Total Subscribers
2022-01-01,11244,1221,2,819,2046,4089,17478,8,30751,17270,65507
2022-02-01,11244,2142,0,1499,273,3914,19620,8,32249,17543,69421
2022-03-01,11244,2421,0,2737,1851,7010,22042,8,34987,19396,76430
2022-04-01,11244,2560,0,1970,2214,6746,24601,8,36957,21609,83176
2022-05-01,11244,3099,0,1160,3420,7679,27699,8,38116,25029,90853
2022-06-01,11244,3548,0,-2268,2699,3979,31248,8,35848,27727,94832
2022-07-01,11244,3987,-4,-1569,1942,4357,35235,4,34279,29669,99188
2022-08-01,11244,3601,0,-4342,2786,2044,38837,4,29937,32455,101233
2022-09-01,11244,3163,0,1073,2487,6723,42000,4,31009,34943,107954
2022-10-01,11244,2564,0,640,2462,5666,44564,4,31648,37406,113620
2022-11-01,11244,2358,0,-2000,1744,2101,46921,4,29648,39150,115722
2022-12-01,11244,2535,0,-1180,1716,3071,49455,4,28468,40867,118794
2023-01-01,11244,469,0,2366,2647,5481,49923,4,30835,43512,124274
2023-02-01,11244,2609,0,506,3312,6427,52532,4,31341,46825,130701
2023-03-01,11244,2471,0,547,6266,9285,55005,4,31888,53092,139986
2023-04-01,11244,2467,0,-152,6018,8335,57471,4,31736,59110,148320
2023-05-01,11244,2649,0,477,290,3416,60121,4,32213,59400,151736
2023-06-01,11244,3067,0,-628,4973,7412,63187,4,31585,64373,159147
2023-07-01,11244,1825,0,107,4625,6557,65011,4,31691,68997,165705
2023-08-01,11244,2260,0,288,4784,7332,67271,4,31979,73782,173036
2022-01-01,14454,837,1,1434,1675,3948,5669,17,18863,12633,37183
2022-02-01,14454,397,-1,1299,2025,3719,6066,16,20162,14657,40902
2022-03-01,14454,355,0,2067,2999,5420,6422,16,22228,17656,46322
2022-04-01,14454,-187,-1,1009,3198,4020,6235,15,23237,20855,50342
2022-05-01,14454,-144,-1,297,3484,3637,6091,14,23535,24339,53979
2022-06-01,14454,-157,-1,-615,3756,2983,5934,13,22920,28094,56962
2022-07-01,14454,-111,-6,-567,2654,1970,5823,7,22354,30748,58932
2022-08-01,14454,-141,0,-1488,2055,427,5683,7,20866,32803,59360
2022-09-01,14454,-53,0,13,2966,2926,5630,7,20879,35769,62286
2022-10-01,14454,-98,0,61,1857,1820,5532,7,20941,37626,64106
2022-11-01,14454,-118,0,-992,1870,760,5414,7,19949,39496,64866
2022-12-01,14454,-2281,0,-425,2819,113,3133,7,19523,42315,64979
2023-01-01,14454,-34,0,-71,2514,2409,3099,7,19453,44828,67387
2023-02-01,14454,-67,0,253,2343,2531,3032,7,19707,47172,69918
2023-03-01,14454,-39,0,-40,3152,3073,2993,7,19667,50324,72992
2023-04-01,14454,-75,0,-292,4242,3876,2918,7,19375,54567,76867
2023-05-01,14454,3,0,666,3935,4603,2921,7,20040,58502,81470
2023-06-01,14454,-13,0,1298,3223,4507,2908,7,21342,61726,85983
2023-07-01,14454,19,0,697,2774,3491,2927,7,22036,64497,89467
2023-08-01,14454,52,0,1302,3139,4493,2979,7,23337,67637,93960
2022-01-01,15764,695,-1,1443,2161,4298,4543,13,13527,13131,31213
2022-02-01,15764,356,0,1183,2224,3764,4899,13,14710,15356,34977
2022-03-01,15764,268,0,1685,2309,4263,5167,13,16396,17665,39241
2022-04-01,15764,-128,0,936,1991,2798,5038,13,17332,19655,42039
2022-05-01,15764,-107,-1,82,2018,1991,4931,12,17413,21673,44030
2022-06-01,15764,-61,-1,35,2081,2053,4869,11,17448,23754,46083
2022-07-01,15764,-59,-5,-280,2064,1719,4810,6,17168,25818,47802
2022-08-01,15764,-91,0,-755,2015,1168,4718,6,16413,27833,48970
2022-09-01,15764,-48,-1,171,2002,2124,4670,5,16584,29836,51095
2022-10-01,15764,-43,0,-178,1918,1697,4627,5,16405,31754,52792
2022-11-01,15764,-87,0,-615,1621,919,4540,5,15790,33375,53710
2022-12-01,15764,-1701,0,44,2341,683,2839,5,15834,35716,54394
2023-01-01,15764,-25,0,99,2378,2452,2814,5,15933,38094,56846
2023-02-01,15764,-18,0,-299,1956,1638,2796,5,15633,40050,58486
2023-03-01,15764,-26,0,-383,2489,2080,2770,5,15250,42540,60565
2023-04-01,15764,-49,0,-99,3426,3277,2721,5,15151,45966,63843
2023-05-01,15764,6,0,736,3597,4340,2727,5,15888,49563,68184
2023-06-01,15764,-38,0,1215,3232,4409,2689,5,17102,52795,72592
2023-07-01,15764,8,0,488,2375,2871,2697,5,17591,55171,75464
2023-08-01,15764,15,0,787,3035,3837,2712,5,18378,58205,79300
2022-01-01,15804,529,1,958,729,2217,3446,3,9287,7250,19985
2022-02-01,15804,137,-2,769,937,1843,3585,1,10058,8186,21828
2022-03-01,15804,30,0,1053,1114,2194,3613,1,11109,9299,24022
2022-04-01,15804,-136,0,2,674,537,3477,1,11111,9972,24558
2022-05-01,15804,-126,0,407,828,1111,3350,1,11520,10800,25670
2022-06-01,15804,-107,0,383,616,895,3242,1,11904,11415,26564
2022-07-01,15804,-114,0,85,849,819,3129,1,11989,12263,27381
2022-08-01,15804,-150,0,-1,747,596,2979,1,11988,13013,27980
2022-09-01,15804,-106,0,274,898,1066,2873,1,12262,13910,29045
2022-10-01,15804,-98,0,154,958,1014,2775,1,12416,14869,30060
2022-11-01,15804,-119,0,-351,422,-47,2656,1,12066,15290,30012
2022-12-01,15804,-1579,0,44,1267,-265,1078,1,12110,16559,29748
2023-01-01,15804,-34,-1,173,1218,1358,1044,0,12284,17778,31105
2023-02-01,15804,-45,0,121,2076,2152,999,0,12405,19858,33258
2023-03-01,15804,-39,0,-149,1922,1732,959,0,12255,21776,34989
2023-04-01,15804,-36,0,-30,1743,1678,924,0,12226,23520,36667
2023-05-01,15804,-33,0,-218,1799,1548,890,0,12008,25321,38216
2023-06-01,15804,-20,0,-22,2072,2031,871,0,11989,27399,40258
2023-07-01,15804,-30,0,136,1222,1327,840,0,12122,28612,41573
2023-08-01,15804,-30,0,201,1165,1336,810,0,12323,29775,42911
2022-01-01,16984,3378,-1,5094,5682,14155,22781,40,77032,68021,167873
2022-02-01,16984,1346,4,5649,3052,10050,24126,44,82681,71074,177920
2022-03-01,16984,362,-1,8384,6719,15464,24485,43,91066,77792,193383
2022-04-01,16984,-1082,-1,6457,5523,10900,23403,42,97523,83319,204283
2022-05-01,16984,-1051,-2,4796,4325,8071,22354,40,102320,87646,212359
2022-06-01,16984,-857,-2,3321,4664,7127,21497,38,105641,92309,219486
2022-07-01,16984,-895,-9,3521,7476,10092,20602,29,109165,99783,229576
2022-08-01,16984,-1358,-1,-836,9668,7478,19247,28,108328,109453,237055
2022-09-01,16984,-731,-2,-450,9758,8575,18518,26,107880,119211,245633
2022-10-01,16984,-639,-1,-2277,8543,5626,17878,25,105606,127757,251260
2022-11-01,16984,-697,-1,-1772,6813,4346,17182,24,103833,134566,255609
2022-12-01,16984,-9379,-1,-1913,8543,-2749,7804,23,101923,143109,252861
2023-01-01,16984,-157,0,79,8056,7980,7648,23,102001,151164,260840
2023-02-01,16984,-289,-1,-1414,9933,8226,7359,22,100588,161098,269068
2023-03-01,16984,-255,-1,-1721,11778,9800,7104,21,98867,172876,278867
2023-04-01,16984,-178,0,93,12876,12790,6928,21,98962,185755,291661
2023-05-01,16984,-228,0,2863,11553,14189,6700,21,101822,197313,305849
2023-06-01,16984,-186,0,4657,11312,15785,6521,21,106572,208898,322006
2023-07-01,16984,-132,0,3528,9845,13244,6381,21,110008,218454,334858
2023-08-01,16984,-154,0,5211,11109,16168,6227,21,115217,229563,351024
2022-01-01,19124,3535,-1,-182,3026,6379,46044,43,25869,30395,102356
2022-02-01,19124,4669,1,1147,440,6257,50711,44,27017,30840,108614
2022-03-01,19124,5927,-1,1903,3428,11254,56636,43,28915,34268,119867
2022-04-01,19124,3178,-3,-1570,4092,5695,59814,40,27348,38362,125564
2022-05-01,19124,5626,-2,-805,3727,8543,65443,38,26539,42086,134110
2022-06-01,19124,4741,-2,-955,4260,8048,70184,36,25587,46346,142158
2022-07-01,19124,5914,-15,-1143,4104,8856,76098,21,24445,50445,151014
2022-08-01,19124,4326,-2,-1906,3288,5701,80420,19,22538,53737,156714
2022-09-01,19124,4474,-1,261,3021,7755,84894,18,22799,56757,164471
2022-10-01,19124,3139,-2,7,3021,6167,88035,16,22803,59776,170634
2022-11-01,19124,2476,0,-1899,1517,2088,90512,16,20908,61292,172727
2022-12-01,19124,3398,0,995,2266,6659,93911,16,21900,63557,179383
2023-01-01,19124,1087,0,194,3222,4499,94996,16,22093,66779,183885
2023-02-01,19124,3539,-1,142,4277,7958,98533,15,22235,71056,191841
2023-03-01,19124,3465,0,84,6154,9702,101998,15,22318,77207,201541
2023-04-01,19124,2975,0,-2710,7199,7462,104971,15,19609,84410,209008
2023-05-01,19124,3057,0,643,4770,8471,108031,15,20254,89181,217478
2023-06-01,19124,3983,0,540,5508,10031,112435,15,20834,95277,228558
2023-07-01,19124,2263,0,153,4816,7231,114260,15,20950,99464,234688
2023-08-01,19124,2831,11,546,5236,8623,117093,26,21500,104700,243314
2022-01-01,19804,1531,1,1660,2632,5824,10526,3,70076,32818,113422
2022-02-01,19804,428,0,2715,3529,6671,10954,3,72790,36346,120093
2022-03-01,19804,114,0,5857,3072,9044,11068,3,78646,39418,129134
2022-04-01,19804,-622,0,1824,635,1836,10446,3,80470,40053,130970
2022-05-01,19804,-500,0,1520,1354,2375,9945,3,81990,41408,133346
2022-06-01,19804,-443,0,-1167,3376,1766,9503,3,80824,44785,135113
2022-07-01,19804,-412,0,1608,2740,3934,9089,3,82432,47524,139050
2022-08-01,19804,-634,-1,-1943,3576,996,8456,2,80489,51099,140046
2022-09-01,19804,-369,0,3157,4536,7325,8086,2,83645,55635,147370
2022-10-01,19804,-336,0,2475,4745,6883,7750,2,86122,60380,154254
2022-11-01,19804,-303,0,1014,5799,6510,7447,2,87135,66178,160763
2022-12-01,19804,-3176,0,-2733,5197,-711,4273,2,84401,71375,160051
2023-01-01,19804,-50,0,2338,3935,6223,4223,2,86740,75310,166274
2023-02-01,19804,47,0,484,4193,4723,4269,2,87224,79503,170997
2023-03-01,19804,5,0,-120,6126,6009,4274,2,87103,85628,177007
2023-04-01,19804,-4,0,908,6587,7489,4270,2,88009,92213,184494
2023-05-01,19804,-41,0,2468,5813,8240,4228,2,90478,98027,192735
2023-06-01,19804,8,1,1173,5639,6821,4236,3,91653,103665,199558
2023-07-01,19804,-56,0,2181,6806,8931,4180,3,93834,110471,208488
2023-08-01,19804,6,0,3913,8219,12137,4186,3,97745,118690,220625
2022-01-01,20994,205,-1,202,385,790,1526,1,3284,3436,8243
2022-02-01,20994,76,0,103,384,563,1602,1,3386,3822,8809
2022-03-01,20994,50,0,284,447,782,1655,1,3670,4267,9593
2022-04-01,20994,-62,0,139,423,498,1593,1,3807,4689,10092
2022-05-01,20994,-51,0,12,325,288,1540,1,3822,5014,10378
2022-06-01,20994,-47,0,40,457,448,1493,1,3861,5472,10824
2022-07-01,20994,-43,0,98,646,703,1450,1,3960,6117,11528
2022-08-01,20994,-80,0,-43,626,497,1368,1,3915,6743,12026
2022-09-01,20994,-32,0,-22,673,620,1337,1,3893,7418,12645
2022-10-01,20994,-30,0,-72,513,411,1306,1,3818,7929,13052
2022-11-01,20994,-35,0,-7,359,314,1270,1,3814,8288,13368
2022-12-01,20994,-670,0,39,486,-144,600,1,3853,8773,13224
2023-01-01,20994,-17,0,192,682,855,582,1,4046,9455,14080
2023-02-01,20994,0,-1,33,479,514,579,0,4076,9936,14593
2023-03-01,20994,-16,0,-125,595,455,563,0,3952,10531,15049
2023-04-01,20994,2,0,-84,686,605,565,0,3867,11216,15651
2023-05-01,20994,-7,0,-5,597,584,557,0,3862,11812,16236
2023-06-01,20994,-15,0,36,685,704,542,0,3899,12500,16940
2023-07-01,20994,-2,0,76,591,664,540,0,3973,13088,17605
2023-08-01,20994,-7,0,170,571,735,533,0,4145,13660,18340
2022-01-01,22744,593,0,969,2286,3848,4819,3,16305,18106,39233
2022-02-01,22744,216,1,590,1903,2710,5035,4,16895,20009,41943
2022-03-01,22744,53,-1,908,3780,4740,5088,3,17803,23789,46683
2022-04-01,22744,-225,0,205,3201,3181,4863,3,18008,26990,49864
2022-05-01,22744,-204,0,-444,2779,2131,4659,3,17564,29769,51995
2022-06-01,22744,-170,0,-1625,2567,772,4489,3,15939,32336,52767
2022-07-01,22744,-160,0,-512,2407,1735,4329,3,15427,34743,54502
2022-08-01,22744,-331,0,-1716,3928,1881,3998,3,13711,38671,56383
2022-09-01,22744,-167,0,245,2505,2583,3831,3,13956,41176,58966
2022-10-01,22744,-140,0,1090,3284,4234,3691,3,15046,44460,63200
2022-11-01,22744,-156,0,678,3062,3584,3535,3,15724,47522,66784
2022-12-01,22744,-177,0,1474,3275,4572,3358,3,17198,50797,71356
2023-01-01,22744,-215,0,-1121,-2090,-3426,3143,3,16077,48707,67930
2023-02-01,22744,-109,0,-137,1148,902,3034,3,15940,49855,68832
2023-03-01,22744,-1808,0,-820,1799,-829,1226,3,15120,51654,68003
2023-04-01,22744,-48,0,-269,2975,2658,1178,3,14851,54629,70661
2023-05-01,22744,-45,0,-31,3016,2940,1133,3,14820,57645,73601
2023-06-01,22744,-38,0,191,2878,3031,1095,3,15015,60528,76641
2023-07-01,22744,-42,0,582,2596,3136,1053,3,15593,63118,79767
2023-08-01,22744,-45,0,477,4528,4960,1008,3,16070,67646,84727
2022-01-01,23104,1970,3,-229,1393,3136,21914,23,12511,14836,49285
2022-02-01,23104,2247,0,695,118,3058,24159,23,13206,14952,52342
2022-03-01,23104,2928,0,1157,2204,6290,27090,23,14367,17159,58633
2022-04-01,23104,1820,-1,-963,2376,3235,28911,22,13401,19532,61868
2022-05-01,23104,2640,0,-395,2536,4780,31548,22,13009,22070,66650
2022-06-01,23104,2280,-1,-34,2634,4875,33828,21,12970,24701,71525
2022-07-01,23104,2655,-9,-510,2141,4279,36484,12,12464,26845,75803
2022-08-01,23104,1842,0,-652,1822,3011,38326,12,11810,28666,78814
2022-09-01,23104,2067,0,157,1899,4121,40393,12,11969,30566,82935
2022-10-01,23104,1441,0,-23,1979,3396,41833,12,11947,32542,86332
2022-11-01,23104,1229,0,-870,1125,1490,43060,12,11075,33670,87818
2022-12-01,23104,1758,0,541,1607,3904,44814,12,11618,35278,91721
2023-01-01,23104,392,0,70,2246,2707,45208,12,11686,37521,94425
2023-02-01,23104,1558,0,52,2151,3759,46765,12,11739,39670,98187
2023-03-01,23104,1613,0,33,3313,4957,48377,12,11774,42984,103145
2023-04-01,23104,1377,-1,-1439,5624,5561,49755,11,10332,48605,108705
2023-05-01,23104,1636,0,284,2880,4803,51389,11,10619,51484,113502
2023-06-01,23104,1995,0,105,2895,4994,53385,11,10726,54405,118526
2023-07-01,23104,1196,-1,76,2549,3821,54581,10,10802,56923,122314
2023-08-01,23104,1611,0,370,2359,4339,56190,10,11166,59282,126651
2022-01-01,23224,362,0,106,549,1018,2459,7,6235,4354,13059
2022-02-01,23224,120,0,225,-1,343,2580,7,6461,4353,13403
2022-03-01,23224,59,0,404,571,1039,2641,7,6866,4928,14441
2022-04-01,23224,-105,-2,-249,490,135,2535,5,6618,5421,14580
2022-05-01,23224,-71,0,140,659,729,2465,5,6758,6079,15308
2022-06-01,23224,-59,0,11,530,482,2405,5,6769,6610,15789
2022-07-01,23224,-65,-2,121,476,529,2342,3,6890,7087,16320
2022-08-01,23224,-125,0,-22,647,497,2215,3,6865,7733,16816
2022-09-01,23224,-78,-1,130,664,715,2138,2,6995,8399,17533
2022-10-01,23224,-81,-1,37,941,895,2056,1,7032,9341,18432
2022-11-01,23224,-69,0,13,525,471,1988,1,7046,9868,18900
2022-12-01,23224,-1127,0,45,1414,333,859,1,7090,11281,19233
2023-01-01,23224,-19,0,279,1058,1320,840,1,7371,12341,20551
2023-02-01,23224,-23,0,124,895,998,817,1,7495,13238,21550
2023-03-01,23224,-28,0,-34,1090,1026,790,1,7461,14327,22581
2023-04-01,23224,-33,0,-80,892,778,758,1,7381,15219,23360
2023-05-01,23224,-21,0,-53,1185,1113,738,1,7327,16407,24471
2023-06-01,23224,-22,0,119,1020,1119,716,1,7450,17427,25596
2023-07-01,23224,-19,0,304,1078,1364,696,1,7752,18505,26955
2023-08-01,23224,-36,0,359,1076,1398,659,1,8109,19581,28354
2022-01-01,23844,324,1,184,529,1038,2574,3,10543,5470,18591
2022-02-01,23844,140,0,413,428,982,2714,3,10955,5897,19572
2022-03-01,23844,43,0,674,614,1331,2757,3,11629,6511,20903
2022-04-01,23844,-145,0,-421,709,142,2612,3,11208,7220,21044
2022-05-01,23844,-136,0,146,761,771,2476,3,11354,7981,21815
2022-06-01,23844,-127,0,409,647,929,2348,3,11763,8630,22744
2022-07-01,23844,-123,0,-12,928,793,2225,3,11751,9559,23537
2022-08-01,23844,-210,0,302,407,498,2014,3,12053,9963,24036
2022-09-01,23844,-80,0,179,847,945,1934,3,12232,10811,24981
2022-10-01,23844,-82,-1,225,841,983,1852,2,12456,11651,25964
2022-11-01,23844,-88,1,-27,735,622,1764,3,12429,12386,26587
2022-12-01,23844,-1028,3,-232,1173,-83,737,6,12199,13560,26504
2023-01-01,23844,-40,1,333,1087,1379,697,7,12533,14647,27883
2023-02-01,23844,-32,-1,41,951,960,664,6,12575,15598,28845
2023-03-01,23844,-25,0,-186,1295,1084,639,6,12388,16892,29928
2023-04-01,23844,-26,0,-42,1430,1362,613,6,12345,18322,31290
2023-05-01,23844,-32,0,69,1510,1548,581,6,12416,19834,32838
2023-06-01,23844,-28,1,220,1153,1347,553,7,12636,20990,34187
2023-07-01,23844,-27,0,255,996,1224,526,7,12890,21982,35406
2023-08-01,23844,-25,0,59,1522,1556,502,7,12948,23504,36963
2022-01-01,29404,342,0,216,496,1052,3291,2,5127,4897,13318
2022-02-01,29404,266,0,184,292,746,3558,2,5311,5189,14062
2022-03-01,29404,330,0,359,529,1219,3888,2,5671,5719,15281
2022-04-01,29404,193,0,-1,439,631,4083,2,5672,6158,15912
2022-05-01,29404,216,0,89,297,597,4298,2,5758,6453,16508
2022-06-01,29404,278,0,186,379,845,4575,2,5945,6834,17355
2022-07-01,29404,352,-1,356,620,1329,4928,1,6300,7456,18685
2022-08-01,29404,222,0,188,569,980,5149,1,6490,8025,19664
2022-09-01,29404,259,0,269,1005,1533,5404,1,6756,9031,21195
2022-10-01,29404,185,0,95,625,908,5591,1,6851,9652,22103
2022-11-01,29404,175,0,-35,429,569,5766,1,6818,10085,22670
2022-12-01,29404,-229,0,-26,555,299,5535,1,6791,10642,22970
2023-01-01,29404,229,0,28,820,1079,5766,1,6820,11462,24048
2023-02-01,29404,264,0,-194,555,624,6028,1,6628,12015,24671
2023-03-01,29404,292,0,-258,681,716,6318,1,6371,12698,25387
2023-04-01,29404,232,0,-86,763,908,6550,1,6282,13460,26294
2023-05-01,29404,217,0,203,884,1307,6767,1,6489,14343,27601
2023-06-01,29404,181,0,391,857,1429,6953,1,6879,15204,29037
2023-07-01,29404,202,0,421,634,1257,7153,1,7300,15834,30287
2023-08-01,29404,229,0,298,682,1208,7382,1,7597,16512,31494
2022-01-01,31084,7570,1,-384,19643,26832,89329,20,177388,112886,379621
2022-02-01,31084,11288,-2,2547,12121,25952,100618,18,179935,125007,405577
2022-03-01,31084,15076,-1,6766,20907,42745,115692,17,186699,145910,448321
2022-04-01,31084,13180,-2,5069,16060,34302,128873,15,191769,161971,482627
2022-05-01,31084,15354,0,3965,16003,35321,144227,15,195733,177975,517952
2022-06-01,31084,16822,-1,-11598,10330,15551,161047,14,184136,188306,533501
2022-07-01,31084,20512,-7,-11352,5834,14986,181561,7,172785,194138,548489
2022-08-01,31084,17547,0,-27103,10371,813,199105,7,145678,204510,549302
2022-09-01,31084,15700,1,2574,7163,25436,214806,8,148254,211672,574741
2022-10-01,31084,11019,0,1854,6474,19345,225823,8,150110,218145,594088
2022-11-01,31084,8979,-1,-8949,2839,2868,234802,7,141159,220983,596952
2022-12-01,31084,11211,0,-6248,3405,8367,246012,7,134911,224385,605317
2023-01-01,31084,4774,0,8972,10296,24041,250787,7,143883,234685,629363
2023-02-01,31084,11079,-1,1908,9827,22813,261865,6,145792,244511,652174
2023-03-01,31084,10442,0,3318,17735,31492,272304,6,149109,262246,683667
2023-04-01,31084,10919,0,-337,14139,24716,283223,6,148770,276385,708386
2023-05-01,31084,9859,-2,4483,1093,15432,293080,4,153254,277477,723817
2023-06-01,31084,12153,0,-1855,22909,33205,305233,4,151399,300389,757027
2023-07-01,31084,6046,0,62,20904,27011,311281,4,151460,321290,784036
2023-08-01,31084,8119,0,6989,29455,44562,319396,4,158448,350744,828600
2022-01-01,33124,859,0,2872,10178,13909,6537,4,45527,52795,104863
2022-02-01,33124,423,0,1311,9396,11130,6960,4,46838,62191,115993
2022-03-01,33124,260,0,2433,11040,13733,7220,4,49271,73231,129726
2022-04-01,33124,-377,0,781,9091,9495,6843,4,50052,82322,139221
2022-05-01,33124,-319,0,-572,5331,4440,6524,4,49480,87653,143661
2022-06-01,33124,-250,2,-6273,2405,-4116,6274,6,43207,90058,139545
2022-07-01,33124,-247,-1,-1894,2042,-100,6027,5,41313,92100,139445
2022-08-01,33124,-415,-1,-6249,4564,-2101,5612,4,35064,96664,137344
2022-09-01,33124,-208,0,357,2273,2422,5404,4,35421,98937,139766
2022-10-01,33124,-202,0,1245,8392,9435,5202,4,36666,107329,149201
2022-11-01,33124,-403,0,1854,6710,8161,4799,4,38520,114038,157362
2022-12-01,33124,-369,-2,3256,6932,9817,4430,2,41776,120970,167179
2023-01-01,33124,-242,0,-3352,-10814,-14408,4188,2,38424,110155,152770
2023-02-01,33124,-145,0,134,4312,4301,4043,2,38558,114467,157071
2023-03-01,33124,-2206,0,-629,5633,2798,1837,2,37929,120100,159868
2023-04-01,33124,-95,0,-499,6646,6052,1742,2,37430,126746,165920
2023-05-01,33124,-81,0,2028,5850,7797,1661,2,39458,132596,173717
2023-06-01,33124,-68,0,2678,5145,7755,1593,2,42143,137746,181484
2023-07-01,33124,-64,0,1840,5078,6854,1529,2,43976,142818,188325
2023-08-01,33124,-78,0,1534,9889,11345,1451,2,45510,152707,199670
2022-01-01,33874,360,2,309,623,1294,2597,12,11208,5383,19207
2022-02-01,33874,111,5,642,619,1379,2709,17,11852,6003,20584
2022-03-01,33874,52,1,1071,702,1825,2761,18,12925,6705,22408
2022-04-01,33874,-142,0,-322,716,253,2619,18,12602,7419,22661
2022-05-01,33874,-107,0,302,1093,1287,2513,18,12905,8511,23948
2022-06-01,33874,-98,2,287,983,1176,2414,21,13195,9493,25122
2022-07-01,33874,-98,-3,-141,1119,875,2313,18,13053,10612,25998
2022-08-01,33874,-155,3,-107,1218,957,2158,21,12944,11829,26955
2022-09-01,33874,-111,-1,149,1467,1506,2048,20,13095,13299,28462
2022-10-01,33874,-68,0,88,1030,1052,1980,20,13182,14324,29513
2022-11-01,33874,-73,-1,-64,1056,915,1907,19,13116,15385,30428
2022-12-01,33874,-1073,-1,-39,1725,612,835,18,13076,17106,31039
2023-01-01,33874,-25,-1,199,1268,1443,809,17,13277,18375,32483
2023-02-01,33874,-52,0,-60,1423,1314,758,17,13219,19801,33796
2023-03-01,33874,-33,0,-235,1495,1227,725,17,12983,21297,35025
2023-04-01,33874,-25,-1,-70,1250,1150,700,16,12913,22545,36176
2023-05-01,33874,-24,0,-240,1894,1629,676,16,12672,24439,37806
2023-06-01,33874,-31,0,129,1809,1910,647,17,12825,26273,39765
2023-07-01,33874,-29,0,-241,1227,957,617,16,12560,27471,40665
2023-08-01,33874,-26,-1,-40,1708,1645,592,15,12519,29179,42307
2022-01-01,35004,-14,1,994,442,1423,668,4,11929,5855,18455
2022-02-01,35004,-30,0,1272,-297,946,638,4,13201,5557,19400
2022-03-01,35004,-58,0,1574,812,2327,580,4,14775,6370,21728
2022-04-01,35004,-27,0,495,858,1328,553,4,15274,7232,23062
2022-05-01,35004,-11,0,676,1213,1878,541,4,15950,8445,24941
2022-06-01,35004,-15,0,345,1272,1602,526,4,16295,9717,26542
2022-07-01,35004,-4,-1,327,897,1218,522,3,16622,10614,27761
2022-08-01,35004,-9,0,135,1807,1932,513,3,16757,12421,29694
2022-09-01,35004,-11,0,433,2068,2490,501,3,17191,14489,32183
2022-10-01,35004,-10,0,660,1730,2379,492,3,17850,16217,34563
2022-11-01,35004,-9,0,231,1626,1849,483,3,18082,17843,36411
2022-12-01,35004,-6,0,242,2203,2439,477,3,18324,20047,38850
2023-01-01,35004,-10,0,584,2207,2781,467,3,18907,22250,41627
2023-02-01,35004,3,0,567,1593,2162,469,3,19474,23848,43794
2023-03-01,35004,-18,0,226,2568,2776,451,3,19700,26417,46572
2023-04-01,35004,-12,0,302,2087,2376,439,3,20002,28503,48947
2023-05-01,35004,-8,0,862,1808,2662,431,3,20863,30311,51608
2023-06-01,35004,-3,0,1367,2035,3399,428,3,22230,32345,55006
2023-07-01,35004,-5,0,774,1941,2709,423,3,23004,34286,57715
2023-08-01,35004,-4,0,135,2649,2780,419,3,23138,36935,60496
2022-01-01,35084,162,2,1115,1509,2787,1483,13,14781,12818,29092
2022-02-01,35084,34,0,1016,1617,2664,1516,13,15796,14434,31758
2022-03-01,35084,-21,2,1909,1581,3470,1495,14,17707,16016,35230
2022-04-01,35084,-64,0,402,1194,1535,1431,14,18108,17210,36766
2022-05-01,35084,-47,0,1097,847,1896,1384,14,19206,18056,38665
2022-06-01,35084,-55,1,1583,490,2019,1329,15,20789,18549,40684
2022-07-01,35084,-38,-1,1328,405,1694,1292,14,22117,18955,42378
2022-08-01,35084,-90,0,1032,1408,2350,1201,14,23147,20361,44726
2022-09-01,35084,-48,0,887,2002,2843,1153,14,24037,22361,47569
2022-10-01,35084,-27,1,422,1769,2166,1126,15,24456,24133,49734
2022-11-01,35084,-42,0,-820,1535,671,1084,15,23639,25668,50410
2022-12-01,35084,-507,0,-139,2551,1905,580,15,23499,28220,52315
2023-01-01,35084,-15,0,-64,2642,2563,565,15,23434,30859,54873
2023-02-01,35084,-19,-1,-15,2407,2372,546,14,23420,33271,57251
2023-03-01,35084,-25,0,-283,3263,2957,521,14,23136,36535,60209
2023-04-01,35084,-16,-1,-415,3435,3005,505,13,22721,39972,63216
2023-05-01,35084,-13,0,170,3628,3787,492,13,22894,43602,66998
2023-06-01,35084,-13,0,734,2438,3157,479,13,23629,46038,70155
2023-07-01,35084,-12,-2,609,2085,2682,467,11,24239,48124,72838
2023-08-01,35084,-15,-1,893,3088,3967,452,10,25132,51216,76805
2022-01-01,35154,162,0,758,1160,2082,1645,8,9456,8529,19639
2022-02-01,35154,73,0,1056,129,1258,1718,8,10510,8658,20896
2022-03-01,35154,-14,0,1026,1033,2046,1704,8,11537,9692,22941
2022-04-01,35154,-47,2,128,1032,1114,1657,10,11663,10723,24055
2022-05-01,35154,-36,2,379,1496,1840,1622,12,12041,12219,25891
2022-06-01,35154,-27,1,317,1092,1381,1595,13,12360,13309,27274
2022-07-01,35154,-42,1,117,778,854,1552,14,12477,14087,28127
2022-08-01,35154,-49,0,87,1155,1194,1503,14,12564,15243,29322
2022-09-01,35154,-45,0,383,1133,1470,1458,14,12946,16377,30791
2022-10-01,35154,-36,0,314,797,1076,1421,14,13261,17171,31868
2022-11-01,35154,-40,0,-932,745,-225,1382,14,12328,17918,31640
2022-12-01,35154,-557,1,423,1541,1407,823,15,12753,19458,33046
2023-01-01,35154,-17,0,301,1765,2047,806,15,13053,21222,35094
2023-02-01,35154,-19,-2,148,1994,2123,787,13,13202,23215,37216
2023-03-01,35154,-23,0,-29,2031,1980,764,13,13173,25246,39197
2023-04-01,35154,-11,0,-78,1853,1762,753,13,13095,27095,40956
2023-05-01,35154,-24,-1,29,2183,2186,729,12,13125,29278,43142
2023-06-01,35154,-18,-1,266,2074,2320,711,11,13389,31352,45460
2023-07-01,35154,-13,1,211,1897,2095,698,12,13598,33249,47557
2023-08-01,35154,-19,-1,182,2079,2239,679,11,13780,35325,49793
2022-01-01,35614,3367,5,14052,12254,29678,45171,155,241054,122947,409328
2022-02-01,35614,5054,0,8983,4547,18583,50225,155,250038,127494,427914
2022-03-01,35614,7759,-1,22279,13864,43902,57984,154,272317,141357,471814
2022-04-01,35614,5908,-3,12336,12322,30561,63892,151,284653,153678,502377
2022-05-01,35614,8075,-1,9851,19351,37276,71968,150,294504,173029,539652
2022-06-01,35614,7510,1,4968,17837,30316,79478,151,299472,190866,569969
2022-07-01,35614,9089,-5,-18732,9955,307,88567,146,280738,200820,570273
2022-08-01,35614,7946,-2,-6619,17044,18369,96513,144,274119,217864,588642
2022-09-01,35614,7799,-2,2583,19990,30370,104313,142,276700,237854,619013
2022-10-01,35614,5426,-2,2254,16074,23754,109738,140,278956,253932,642766
2022-11-01,35614,3577,-3,-2154,10829,12248,113315,137,276799,264760,655014
2022-12-01,35614,4731,-3,-5139,17301,16890,118046,134,271660,282061,671904
2023-01-01,35614,2071,-2,4812,15983,22864,120117,132,276473,298045,694768
2023-02-01,35614,4574,0,2537,16681,23793,124692,132,279011,314726,718564
2023-03-01,35614,4378,-5,200,26437,31009,129070,127,279211,341163,749570
2023-04-01,35614,3833,-1,-1305,27277,29805,132903,126,277907,368441,779376
2023-05-01,35614,3114,0,8763,27392,39269,136017,126,286668,395833,818644
2023-06-01,35614,4002,-1,15098,23505,42605,140590,128,302683,420933,864335
2023-07-01,35614,1388,-1,10649,23151,35189,141393,124,312359,442422,896301
2023-08-01,35614,3246,0,10973,28318,42537,144639,124,323333,470740,938837
2022-01-01,36084,797,0,-116,2529,3210,5527,4,24983,15551,46065
2022-02-01,36084,420,-1,-28,1833,2224,5947,3,24955,17384,48290
2022-03-01,36084,116,0,566,3153,3835,6063,3,25521,20537,52125
2022-04-01,36084,-207,0,369,2840,3002,5856,3,25890,23378,55127
2022-05-01,36084,-192,0,-267,3243,2784,5664,3,25623,26621,57911
2022-06-01,36084,-178,0,-937,3266,2151,5486,3,24686,29887,60062
2022-07-01,36084,-151,0,-1747,3222,1324,5335,3,22938,33109,61385
2022-08-01,36084,-254,0,-2349,3511,908,5081,3,20589,36620,62293
2022-09-01,36084,-142,0,483,1581,1922,4939,3,21072,38202,64216
2022-10-01,36084,-119,0,563,903,1347,4820,3,21635,39105,65563
2022-11-01,36084,-155,0,-923,329,-749,4665,3,20712,39434,64814
2022-12-01,36084,-2679,-1,-179,868,-1991,1986,2,20532,40302,62823
2023-01-01,36084,-71,0,1421,1691,3041,1915,2,21954,41993,65864
2023-02-01,36084,-41,0,-265,2237,1931,1874,2,21689,44229,67794
2023-03-01,36084,-55,0,-63,3256,3138,1819,2,21626,47485,70932
2023-04-01,36084,-47,0,2,3363,3318,1772,2,21627,50848,74250
2023-05-01,36084,-36,0,588,484,1036,1736,2,22216,51331,75285
2023-06-01,36084,-47,0,-161,3538,3330,1689,2,22055,54869,78615
2023-07-01,36084,-56,0,234,4376,4554,1633,2,22288,59245,83169
2023-08-01,36084,-41,0,1748,4796,6503,1592,2,24037,64041,89673
2022-01-01,37964,2095,-1,1309,1820,5224,13938,20,76128,21611,111692
2022-02-01,37964,598,0,4418,1914,6930,14535,20,80545,23524,118623
2022-03-01,37964,144,-2,8277,2537,10957,14679,18,88818,26059,129577
2022-04-01,37964,-966,-1,3277,2192,4500,13714,17,92100,28252,134080
2022-05-01,37964,-725,-1,3652,3595,6522,12988,16,95752,31847,140601
2022-06-01,37964,-721,-1,5027,3074,7379,12267,15,100777,34921,147981
2022-07-01,37964,-623,-3,-6890,5223,-2291,11645,12,93889,40143,145689
2022-08-01,37964,-898,-2,-4782,7794,2114,10747,10,89108,47938,147801
2022-09-01,37964,-549,0,-2183,7460,4726,10197,10,86924,55394,152528
2022-10-01,37964,-433,0,-1808,5184,2942,9764,10,85115,60582,155469
2022-11-01,37964,-441,0,-1479,4927,3009,9323,10,83638,65506,158477
2022-12-01,37964,-5636,0,-3799,6695,-2739,3688,10,79839,72202,155738
2023-01-01,37964,-171,0,-78,6772,6521,3517,10,79760,78973,162257
2023-02-01,37964,-138,0,-1731,6428,4556,3378,10,78026,85399,166813
2023-03-01,37964,-158,0,-2485,7173,4532,3220,10,75543,92572,171343
2023-04-01,37964,-133,0,-2264,6520,4123,3087,10,73279,99092,175466
2023-05-01,37964,-122,0,-1238,8351,6992,2966,10,72042,107441,182459
2023-06-01,37964,-122,-1,913,5933,6722,2844,9,72961,113379,189190
2023-07-01,37964,-108,0,-1600,5588,3880,2735,9,71356,118962,193061
2023-08-01,37964,-104,0,-530,7287,6650,2630,9,70827,126250,199714
2022-01-01,40484,54,0,88,226,367,437,2,1121,1813,3374
2022-02-01,40484,25,0,36,250,311,462,2,1157,2063,3684
2022-03-01,40484,15,0,84,267,366,477,2,1241,2330,4050
2022-04-01,40484,-20,0,18,219,217,457,2,1259,2549,4267
2022-05-01,40484,-11,0,-27,149,111,446,2,1232,2698,4378
2022-06-01,40484,-11,0,22,203,214,435,2,1254,2901,4592
2022-07-01,40484,-9,-1,-7,238,221,426,1,1247,3139,4813
2022-08-01,40484,-16,0,-21,255,217,410,1,1225,3394,5030
2022-09-01,40484,-14,0,56,253,295,396,1,1281,3647,5326
2022-10-01,40484,-12,0,27,195,210,384,1,1308,3842,5535
2022-11-01,40484,-10,0,1,137,129,374,1,1309,3979,5664
2022-12-01,40484,-205,0,29,247,71,169,1,1338,4226,5735
2023-01-01,40484,-1,0,75,278,352,168,1,1413,4505,6087
2023-02-01,40484,-4,0,15,206,216,163,1,1429,4710,6304
2023-03-01,40484,3,0,-49,288,242,166,1,1380,4998,6545
2023-04-01,40484,0,0,-26,166,141,166,1,1354,5165,6687
2023-05-01,40484,-3,0,-18,353,333,164,1,1336,5518,7020
2023-06-01,40484,-4,0,-4,246,238,159,1,1332,5764,7257
2023-07-01,40484,-1,0,18,221,237,158,1,1350,5985,7495
2023-08-01,40484,0,0,-20,213,192,158,1,1330,6198,7687
2022-01-01,41884,497,0,-150,1479,1826,3515,6,12443,9687,25650
2022-02-01,41884,299,0,84,1022,1405,3814,6,12527,10708,27055
2022-03-01,41884,95,0,304,1985,2384,3910,6,12831,12693,29439
2022-04-01,41884,-107,0,203,1733,1829,3802,6,13034,14427,31269
2022-05-01,41884,-107,0,179,2259,2331,3695,6,13213,16686,33599
2022-06-01,41884,-66,0,-286,1631,1279,3630,6,12926,18317,34879
2022-07-01,41884,-76,-2,-701,2060,1281,3554,4,12224,20377,36159
2022-08-01,41884,-116,0,-974,2065,974,3437,4,11250,22441,37133
2022-09-01,41884,-77,0,189,1360,1473,3361,4,11439,23802,38606
2022-10-01,41884,-68,0,96,863,891,3293,4,11535,24665,39497
2022-11-01,41884,-81,0,-940,389,-633,3212,4,10595,25053,38864
2022-12-01,41884,-1575,0,-225,414,-1386,1637,4,10370,25468,37479
2023-01-01,41884,-33,0,975,1076,2018,1605,4,11345,26542,39496
2023-02-01,41884,-35,0,379,1088,1432,1570,4,11725,27630,40928
2023-03-01,41884,-41,0,464,1485,1907,1528,4,12188,29115,42835
2023-04-01,41884,-31,0,167,1831,1967,1498,4,12355,30946,44803
2023-05-01,41884,-27,0,715,202,890,1470,4,13070,31148,45692
2023-06-01,41884,-23,0,-144,1833,1666,1447,4,12929,32997,47377
2023-07-01,41884,-32,0,24,2296,2288,1415,4,12949,35273,49641
2023-08-01,41884,-35,0,974,2696,3635,1380,4,13923,37969,53277
2022-01-01,42034,53,0,-16,115,152,412,0,729,1161,2302
2022-02-01,42034,37,0,5,-46,-4,449,0,734,1115,2298
2022-03-01,42034,21,0,76,178,275,470,0,810,1293,2573
2022-04-01,42034,-11,0,101,144,234,459,0,911,1437,2807
2022-05-01,42034,-19,0,86,192,259,440,0,997,1629,3066
2022-06-01,42034,-12,0,-29,55,14,428,0,968,1683,3080
2022-07-01,42034,-9,0,-119,63,-65,419,0,849,1746,3014
2022-08-01,42034,-15,0,-108,90,-33,404,0,741,1836,2981
2022-09-01,42034,-11,0,2,104,95,393,0,743,1941,3076
2022-10-01,42034,-4,0,-9,116,104,389,0,734,2057,3180
2022-11-01,42034,-11,0,-41,72,20,378,0,693,2129,3200
2022-12-01,42034,-221,0,-7,90,-137,157,0,686,2219,3063
2023-01-01,42034,-2,0,73,115,186,155,0,759,2334,3249
2023-02-01,42034,-5,0,101,97,194,150,0,860,2432,3442
2023-03-01,42034,-1,0,-59,156,96,149,0,801,2587,3537
2023-04-01,42034,-1,0,-21,156,133,148,0,779,2743,3671
2023-05-01,42034,-5,0,10,56,61,143,0,790,2799,3731
2023-06-01,42034,-3,0,-42,137,92,140,0,748,2936,3824
2023-07-01,42034,-3,0,12,160,169,137,0,760,3096,3993
2023-08-01,42034,-6,0,8,182,184,131,0,768,3278,4177
2022-01-01,42644,1081,1,573,1252,2907,9679,27,25483,15261,50450
2022-02-01,42644,723,0,1180,690,2591,10401,27,26661,15951,53042
2022-03-01,42644,230,-1,1820,1606,3654,10631,26,28480,17557,56693
2022-04-01,42644,-339,-2,-1493,2010,177,10292,24,26988,19566,56872
2022-05-01,42644,-351,-1,207,2618,2472,9941,23,27197,22184,59344
2022-06-01,42644,-271,-1,-3,1925,1649,9670,22,27192,24108,60995
2022-07-01,42644,-273,-1,-23,2165,1867,9399,21,27170,26273,62860
2022-08-01,42644,-469,0,-13,1573,1091,8929,21,27157,27845,63952
2022-09-01,42644,-306,0,600,2137,2431,8624,21,27755,29982,66381
2022-10-01,42644,-328,0,573,2373,2619,8296,21,28329,32355,69000
2022-11-01,42644,-442,0,-290,1861,1130,7854,21,28040,34216,70131
2022-12-01,42644,-4267,0,-589,2667,-2191,3587,21,27451,36883,67941
2023-01-01,42644,-183,0,294,2677,2788,3404,21,27746,39558,70730
2023-02-01,42644,-47,-1,-71,2777,2656,3357,20,27675,42334,73386
2023-03-01,42644,-74,0,-225,3778,3480,3283,20,27450,46113,76867
2023-04-01,42644,-86,0,127,2811,2852,3197,20,27576,48925,79719
2023-05-01,42644,-69,-1,-229,2906,2607,3128,19,27348,51830,82324
2023-06-01,42644,-76,0,-108,2408,2224,3052,19,27240,54238,84548
2023-07-01,42644,-50,0,108,2406,2465,3003,19,27348,56642,87013
2023-08-01,42644,-91,0,890,2516,3315,2912,19,28237,59159,90328
2022-01-01,45104,354,0,142,1172,1668,2956,8,10748,6270,19981
2022-02-01,45104,201,-1,603,868,1672,3158,7,11352,7138,21653
2022-03-01,45104,60,0,643,968,1671,3218,7,11995,8106,23327
2022-04-01,45104,-150,0,-828,1011,32,3068,7,11168,9119,23360
2022-05-01,45104,-128,-1,293,1022,1186,2940,6,11461,10140,24546
2022-06-01,45104,-106,-1,82,822,797,2834,5,11542,10962,25341
2022-07-01,45104,-115,-3,-55,819,647,2717,2,11488,11782,25990
2022-08-01,45104,-170,0,-77,617,370,2548,2,11411,12400,26359
2022-09-01,45104,-98,-1,216,837,953,2449,1,11628,13236,27314
2022-10-01,45104,-96,0,3,997,904,2353,1,11630,14234,28217
2022-11-01,45104,-96,0,-103,486,286,2257,1,11526,14720,28502
2022-12-01,45104,-1304,0,-238,809,-733,953,1,11289,15527,27770
2023-01-01,45104,-29,0,142,934,1047,924,1,11430,16462,28816
2023-02-01,45104,-45,0,-6,917,867,879,1,11424,17379,29683
2023-03-01,45104,-35,0,-34,1489,1420,844,1,11390,18868,31103
2023-04-01,45104,-41,0,46,1187,1192,803,1,11437,20055,32295
2023-05-01,45104,-38,0,-126,1288,1125,765,1,11310,21344,33421
2023-06-01,45104,-25,0,-79,1209,1105,740,1,11233,22553,34527
2023-07-01,45104,-22,0,128,751,856,717,1,11360,23305,35381
2023-08-01,45104,-34,0,163,1078,1207,683,1,11523,24379,36588
2022-01-01,47664,802,1,1211,1675,3690,6310,3,26908,17724,50949
2022-02-01,47664,400,0,2189,2059,4649,6710,3,29099,19784,55600
2022-03-01,47664,288,0,2799,2481,5566,6996,3,31899,22268,61165
2022-04-01,47664,-71,0,-254,2105,1781,6926,3,31645,24370,62944
2022-05-01,47664,117,0,416,3082,3615,7044,3,32060,27455,66560
2022-06-01,47664,198,0,-31,2571,2738,7242,3,32028,30027,69302
2022-07-01,47664,299,0,60,2146,2507,7541,3,32092,32173,71810
2022-08-01,47664,169,0,-219,2299,2248,7708,3,31873,34474,74060
2022-09-01,47664,185,0,1052,2746,3983,7894,3,32926,37220,78040
2022-10-01,47664,188,0,496,2877,3561,8084,3,33421,40097,81607
2022-11-01,47664,149,0,175,2863,3187,8231,3,33596,42962,84791
2022-12-01,47664,-1494,0,-416,3454,1544,6735,3,33180,46416,86333
2023-01-01,47664,209,0,676,2972,3856,6945,3,33857,49390,90194
2023-02-01,47664,273,0,184,2602,3065,7219,3,34041,51995,93257
2023-03-01,47664,241,-1,65,4187,4494,7456,2,34109,56183,97756
2023-04-01,47664,220,0,-6,4401,4616,7676,2,34099,60582,102367
2023-05-01,47664,252,-2,526,4862,5643,7933,0,34631,65451,108012
2023-06-01,47664,201,0,275,4187,4663,8133,0,34902,69643,112678
2023-07-01,47664,166,0,824,3933,4923,8299,0,35727,73573,117603
2023-08-01,47664,247,0,578,5478,6305,8545,0,36307,79050,123905
2022-01-01,47894,956,2,767,1837,3562,7609,12,24168,13352,45140
2022-02-01,47894,721,0,514,710,1948,8329,12,24681,14063,47086
2022-03-01,47894,459,0,1477,2004,3940,8787,12,26162,16064,51026
2022-04-01,47894,72,0,-35,1921,1958,8860,12,26132,17986,52989
2022-05-01,47894,179,0,409,1691,2278,9038,12,26538,19675,55264
2022-06-01,47894,200,0,-362,1840,1679,9238,12,26178,21515,56943
2022-07-01,47894,145,-4,-185,1902,1857,9382,8,25994,23415,58799
2022-08-01,47894,159,-1,-927,2107,1338,9541,7,25066,25523,60137
2022-09-01,47894,201,0,1048,2021,3270,9741,7,26114,27544,63409
2022-10-01,47894,247,0,408,2680,3334,9989,7,26522,30226,66743
2022-11-01,47894,19,0,298,2071,2388,10008,7,26821,32295,69129
2022-12-01,47894,-2108,-1,-147,3846,1586,7900,6,26673,36141,70720
2023-01-01,47894,-158,0,935,2863,3641,7742,6,27605,39004,74355
2023-02-01,47894,259,0,394,3344,4000,8001,6,28004,42350,78358
2023-03-01,47894,272,0,-211,4270,4328,8272,6,27791,46617,82685
2023-04-01,47894,174,0,-248,4226,4152,8444,6,27543,50842,86832
2023-05-01,47894,537,0,126,5607,6270,8981,6,27670,56447,93107
2023-06-01,47894,458,0,782,3476,4716,9439,6,28456,59932,97830
2023-07-01,47894,460,0,689,3259,4407,9899,6,29142,63185,102230
2023-08-01,47894,422,0,680,3697,4801,10322,6,29820,66881,107027
2022-01-01,48424,383,0,405,1696,2484,3043,3,7662,12418,23126
2022-02-01,48424,139,-1,-5,1222,1354,3182,2,7657,13641,24481
2022-03-01,48424,33,0,373,2365,2771,3215,2,8030,16006,27253
2022-04-01,48424,-152,0,86,1694,1628,3063,2,8116,17701,28882
2022-05-01,48424,-128,0,-172,1666,1366,2935,2,7944,19367,30248
2022-06-01,48424,-113,-1,-549,1393,732,2822,1,7396,20761,30979
2022-07-01,48424,-108,0,-64,756,584,2714,1,7333,21516,31562
2022-08-01,48424,-196,0,-464,1354,693,2518,1,6868,22870,32255
2022-09-01,48424,-109,0,206,1149,1246,2409,1,7075,24018,33502
2022-10-01,48424,-77,0,435,1976,2334,2332,1,7510,25995,35835
2022-11-01,48424,-111,0,292,2112,2293,2221,1,7802,28107,38127
2022-12-01,48424,-91,0,726,1638,2273,2130,1,8528,29743,40400
2023-01-01,48424,-103,0,-324,-750,-1177,2027,1,8205,28993,39224
2023-02-01,48424,-68,0,147,1182,1261,1959,1,8352,30173,40485
2023-03-01,48424,-1142,0,-346,1708,220,817,1,8006,31881,40705
2023-04-01,48424,-39,0,-143,2684,2502,778,1,7864,34565,43206
2023-05-01,48424,-47,0,-176,2645,2422,731,1,7688,37209,45628
2023-06-01,48424,-22,0,12,2696,2686,709,1,7700,39905,48314
2023-07-01,48424,-29,0,14,2629,2614,680,1,7714,42534,50926
2023-08-01,48424,-40,0,-27,4314,4248,640,1,7686,46848,55175
2022-01-01,48864,340,1,272,755,1368,2418,7,6548,6621,15598
2022-02-01,48864,75,0,420,616,1110,2493,7,6968,7238,16706
2022-03-01,48864,24,0,930,598,1554,2518,7,7898,7835,18259
2022-04-01,48864,-131,0,573,480,922,2386,7,8470,8318,19183
2022-05-01,48864,-98,-1,646,283,828,2288,6,9116,8600,20011
2022-06-01,48864,-88,-1,142,707,760,2199,5,9259,9307,20770
2022-07-01,48864,-83,-2,-242,609,282,2115,3,9016,9918,21053
2022-08-01,48864,-131,-1,-266,535,135,1984,2,8750,10455,21190
2022-09-01,48864,-104,-1,255,879,1029,1880,1,9004,11332,22217
2022-10-01,48864,-95,0,205,1130,1240,1784,1,9210,12462,23458
2022-11-01,48864,-82,0,-149,491,262,1703,1,9062,12955,23718
2022-12-01,48864,-1058,0,-17,693,-384,644,1,9043,13646,23334
2023-01-01,48864,-22,0,87,903,969,622,1,9131,14550,24303
2023-02-01,48864,-20,0,-155,1169,994,602,1,8974,15719,25297
2023-03-01,48864,-35,0,-250,1265,981,567,1,8724,16983,26278
2023-04-01,48864,-20,0,-234,933,679,547,1,8490,17917,26954
2023-05-01,48864,-27,0,-99,1786,1660,520,1,8390,19702,28615
2023-06-01,48864,-31,0,115,1936,2019,489,1,8505,21637,30634
2023-07-01,48864,-15,0,70,1652,1708,473,1,8575,23288,32340
2023-08-01,48864,-33,0,17,1347,1332,440,1,8592,24638,33671
